{"stateId":1,"originShotId":-1,"birdIndex":0,"times":0,"score":0,"totalScore":0,"finalState":false,"active":false,"unvisitedChildren":11156,"miniMaxValue":0.0}
{"stateId":5,"originShotId":25,"birdIndex":1,"times":5,"score":8170,"totalScore":8170,"finalState":false,"active":false,"unvisitedChildren":1101,"miniMaxValue":21365.0}
{"stateId":6,"originShotId":448,"birdIndex":0,"times":1,"score":2070,"totalScore":10300,"finalState":false,"active":false,"unvisitedChildren":385,"miniMaxValue":7970.0}
{"stateId":7,"originShotId":626,"birdIndex":0,"times":1,"score":10170,"totalScore":20470,"finalState":false,"active":false,"unvisitedChildren":185,"miniMaxValue":7970.0}
{"stateId":8,"originShotId":813,"birdIndex":0,"times":1,"score":7970,"totalScore":28440,"finalState":true,"active":false,"unvisitedChildren":0,"miniMaxValue":7970.0}
{"stateId":9,"originShotId":76,"birdIndex":0,"times":1,"score":10740,"totalScore":10740,"finalState":false,"active":false,"unvisitedChildren":358,"miniMaxValue":19310.0}
{"stateId":10,"originShotId":991,"birdIndex":0,"times":1,"score":8180,"totalScore":18920,"finalState":false,"active":false,"unvisitedChildren":176,"miniMaxValue":19310.0}
{"stateId":11,"originShotId":1232,"birdIndex":0,"times":1,"score":19310,"totalScore":38230,"finalState":true,"active":false,"unvisitedChildren":0,"miniMaxValue":19310.0}
{"stateId":12,"originShotId":72,"birdIndex":0,"times":1,"score":17840,"totalScore":17840,"finalState":false,"active":false,"unvisitedChildren":152,"miniMaxValue":32100.0}
{"stateId":13,"originShotId":1445,"birdIndex":0,"times":1,"score":32100,"totalScore":49940,"finalState":true,"active":false,"unvisitedChildren":0,"miniMaxValue":32100.0}
{"stateId":17,"originShotId":77,"birdIndex":0,"times":1,"score":17600,"totalScore":17600,"finalState":false,"active":false,"unvisitedChildren":113,"miniMaxValue":29980.0}
{"stateId":19,"originShotId":90,"birdIndex":0,"times":1,"score":13650,"totalScore":13650,"finalState":false,"active":false,"unvisitedChildren":333,"miniMaxValue":7460.0}
{"stateId":18,"originShotId":1967,"birdIndex":0,"times":1,"score":29980,"totalScore":47580,"finalState":true,"active":false,"unvisitedChildren":0,"miniMaxValue":29980.0}
{"stateId":21,"originShotId":2104,"birdIndex":0,"times":1,"score":2240,"totalScore":27730,"finalState":false,"active":false,"unvisitedChildren":98,"miniMaxValue":7460.0}
{"stateId":20,"originShotId":2065,"birdIndex":0,"times":1,"score":11840,"totalScore":25490,"finalState":false,"active":false,"unvisitedChildren":232,"miniMaxValue":7460.0}
{"stateId":23,"originShotId":40,"birdIndex":0,"times":1,"score":4120,"totalScore":4120,"finalState":false,"active":false,"unvisitedChildren":223,"miniMaxValue":22710.0}
{"stateId":22,"originShotId":2276,"birdIndex":0,"times":1,"score":7460,"totalScore":35190,"finalState":true,"active":false,"unvisitedChildren":0,"miniMaxValue":7460.0}
{"stateId":25,"originShotId":2484,"birdIndex":0,"times":1,"score":22710,"totalScore":41720,"finalState":true,"active":false,"unvisitedChildren":0,"miniMaxValue":22710.0}
{"stateId":24,"originShotId":2451,"birdIndex":0,"times":1,"score":14890,"totalScore":19010,"finalState":false,"active":false,"unvisitedChildren":92,"miniMaxValue":22710.0}
{"stateId":27,"originShotId":2562,"birdIndex":0,"times":1,"score":7510,"totalScore":16160,"finalState":false,"active":false,"unvisitedChildren":92,"miniMaxValue":0.0}
{"stateId":26,"originShotId":437,"birdIndex":0,"times":1,"score":740,"totalScore":8650,"finalState":false,"active":false,"unvisitedChildren":151,"miniMaxValue":0.0}
{"stateId":29,"originShotId":82,"birdIndex":1,"times":63,"score":10479,"totalScore":10479,"finalState":false,"active":false,"unvisitedChildren":487,"miniMaxValue":33406.73}
{"stateId":28,"originShotId":2616,"birdIndex":0,"times":1,"score":0,"totalScore":16160,"finalState":true,"active":false,"unvisitedChildren":0,"miniMaxValue":0.0}
{"stateId":31,"originShotId":71,"birdIndex":0,"times":1,"score":6690,"totalScore":6690,"finalState":false,"active":false,"unvisitedChildren":315,"miniMaxValue":5440.0}
{"stateId":30,"originShotId":2778,"birdIndex":2,"times":12,"score":35357,"totalScore":45967,"finalState":true,"active":false,"unvisitedChildren":0,"miniMaxValue":35357.0}
{"stateId":34,"originShotId":3165,"birdIndex":0,"times":1,"score":5440,"totalScore":30680,"finalState":true,"active":false,"unvisitedChildren":0,"miniMaxValue":5440.0}
{"stateId":35,"originShotId":41,"birdIndex":1,"times":2,"score":10330,"totalScore":10330,"finalState":false,"active":false,"unvisitedChildren":229,"miniMaxValue":27010.0}
{"stateId":32,"originShotId":2937,"birdIndex":0,"times":1,"score":15610,"totalScore":22300,"finalState":false,"active":false,"unvisitedChildren":202,"miniMaxValue":5440.0}
{"stateId":33,"originShotId":2977,"birdIndex":0,"times":1,"score":2940,"totalScore":25240,"finalState":false,"active":false,"unvisitedChildren":122,"miniMaxValue":5440.0}
{"stateId":38,"originShotId":53,"birdIndex":0,"times":1,"score":14920,"totalScore":14920,"finalState":false,"active":false,"unvisitedChildren":217,"miniMaxValue":18610.0}
{"stateId":39,"originShotId":3488,"birdIndex":0,"times":1,"score":6540,"totalScore":21460,"finalState":false,"active":false,"unvisitedChildren":101,"miniMaxValue":18610.0}
{"stateId":36,"originShotId":3195,"birdIndex":0,"times":1,"score":2590,"totalScore":12920,"finalState":false,"active":false,"unvisitedChildren":104,"miniMaxValue":27010.0}
{"stateId":37,"originShotId":3379,"birdIndex":0,"times":1,"score":27010,"totalScore":39930,"finalState":true,"active":false,"unvisitedChildren":0,"miniMaxValue":27010.0}
{"stateId":42,"originShotId":3663,"birdIndex":0,"times":1,"score":12820,"totalScore":20130,"finalState":false,"active":false,"unvisitedChildren":92,"miniMaxValue":18010.0}
{"stateId":43,"originShotId":3779,"birdIndex":0,"times":1,"score":18010,"totalScore":38140,"finalState":true,"active":false,"unvisitedChildren":0,"miniMaxValue":18010.0}
{"stateId":40,"originShotId":3603,"birdIndex":0,"times":1,"score":18610,"totalScore":40070,"finalState":true,"active":false,"unvisitedChildren":0,"miniMaxValue":18610.0}
{"stateId":41,"originShotId":50,"birdIndex":0,"times":1,"score":7310,"totalScore":7310,"finalState":false,"active":false,"unvisitedChildren":190,"miniMaxValue":18010.0}
{"stateId":46,"originShotId":4018,"birdIndex":0,"times":1,"score":2240,"totalScore":21240,"finalState":false,"active":false,"unvisitedChildren":137,"miniMaxValue":0.0}
{"stateId":47,"originShotId":4067,"birdIndex":0,"times":1,"score":0,"totalScore":21240,"finalState":true,"active":false,"unvisitedChildren":0,"miniMaxValue":0.0}
{"stateId":44,"originShotId":34,"birdIndex":1,"times":2,"score":14395,"totalScore":14395,"finalState":false,"active":false,"unvisitedChildren":369,"miniMaxValue":0.0}
{"stateId":45,"originShotId":3837,"birdIndex":0,"times":1,"score":4570,"totalScore":19000,"finalState":false,"active":false,"unvisitedChildren":229,"miniMaxValue":0.0}
{"stateId":48,"originShotId":477,"birdIndex":0,"times":1,"score":36060,"totalScore":43970,"finalState":true,"active":false,"unvisitedChildren":0,"miniMaxValue":36060.0}
{"stateId":59,"originShotId":5033,"birdIndex":0,"times":1,"score":10220,"totalScore":25860,"finalState":false,"active":false,"unvisitedChildren":125,"miniMaxValue":6310.0}
{"stateId":58,"originShotId":4742,"birdIndex":0,"times":1,"score":3080,"totalScore":15640,"finalState":false,"active":false,"unvisitedChildren":328,"miniMaxValue":6310.0}
{"stateId":57,"originShotId":79,"birdIndex":0,"times":2,"score":12560,"totalScore":12560,"finalState":false,"active":false,"unvisitedChildren":628,"miniMaxValue":20680.0}
{"stateId":63,"originShotId":39,"birdIndex":0,"times":1,"score":7110,"totalScore":7110,"finalState":false,"active":false,"unvisitedChildren":249,"miniMaxValue":9160.0}
{"stateId":62,"originShotId":5307,"birdIndex":0,"times":1,"score":20680,"totalScore":40470,"finalState":true,"active":false,"unvisitedChildren":0,"miniMaxValue":20680.0}
{"stateId":61,"originShotId":4884,"birdIndex":0,"times":1,"score":7230,"totalScore":19790,"finalState":false,"active":false,"unvisitedChildren":137,"miniMaxValue":20680.0}
{"stateId":60,"originShotId":5150,"birdIndex":0,"times":1,"score":6310,"totalScore":32170,"finalState":true,"active":false,"unvisitedChildren":0,"miniMaxValue":6310.0}
{"stateId":68,"originShotId":5730,"birdIndex":0,"times":1,"score":14810,"totalScore":20200,"finalState":false,"active":false,"unvisitedChildren":164,"miniMaxValue":19770.0}
{"stateId":69,"originShotId":5775,"birdIndex":0,"times":1,"score":19770,"totalScore":39970,"finalState":true,"active":false,"unvisitedChildren":0,"miniMaxValue":19770.0}
{"stateId":70,"originShotId":88,"birdIndex":0,"times":1,"score":11420,"totalScore":11420,"finalState":false,"active":false,"unvisitedChildren":339,"miniMaxValue":7950.0}
{"stateId":71,"originShotId":5990,"birdIndex":0,"times":1,"score":9950,"totalScore":21370,"finalState":false,"active":false,"unvisitedChildren":208,"miniMaxValue":7950.0}
{"stateId":64,"originShotId":5389,"birdIndex":0,"times":1,"score":12020,"totalScore":19130,"finalState":false,"active":false,"unvisitedChildren":67,"miniMaxValue":9160.0}
{"stateId":65,"originShotId":5570,"birdIndex":0,"times":1,"score":2670,"totalScore":21800,"finalState":false,"active":false,"unvisitedChildren":35,"miniMaxValue":9160.0}
{"stateId":66,"originShotId":5591,"birdIndex":0,"times":1,"score":9160,"totalScore":30960,"finalState":true,"active":false,"unvisitedChildren":0,"miniMaxValue":9160.0}
{"stateId":67,"originShotId":36,"birdIndex":0,"times":1,"score":5390,"totalScore":5390,"finalState":false,"active":false,"unvisitedChildren":292,"miniMaxValue":19770.0}
{"stateId":76,"originShotId":6528,"birdIndex":0,"times":1,"score":8530,"totalScore":22050,"finalState":false,"active":false,"unvisitedChildren":143,"miniMaxValue":0.0}
{"stateId":77,"originShotId":6592,"birdIndex":0,"times":1,"score":0,"totalScore":22050,"finalState":true,"active":false,"unvisitedChildren":0,"miniMaxValue":0.0}
{"stateId":78,"originShotId":77,"birdIndex":0,"times":1,"score":13250,"totalScore":13250,"finalState":false,"active":false,"unvisitedChildren":408,"miniMaxValue":0.0}
{"stateId":79,"originShotId":6721,"birdIndex":0,"times":1,"score":8100,"totalScore":21350,"finalState":false,"active":false,"unvisitedChildren":295,"miniMaxValue":0.0}
{"stateId":72,"originShotId":6077,"birdIndex":0,"times":1,"score":3260,"totalScore":24630,"finalState":false,"active":false,"unvisitedChildren":98,"miniMaxValue":7950.0}
{"stateId":73,"originShotId":6234,"birdIndex":0,"times":1,"score":7950,"totalScore":32580,"finalState":true,"active":false,"unvisitedChildren":0,"miniMaxValue":7950.0}
{"stateId":74,"originShotId":70,"birdIndex":0,"times":1,"score":10710,"totalScore":10710,"finalState":false,"active":false,"unvisitedChildren":432,"miniMaxValue":0.0}
{"stateId":75,"originShotId":6253,"birdIndex":0,"times":1,"score":2810,"totalScore":13520,"finalState":false,"active":false,"unvisitedChildren":304,"miniMaxValue":0.0}
{"stateId":85,"originShotId":2778,"birdIndex":2,"times":29,"score":36443,"totalScore":47063,"finalState":true,"active":false,"unvisitedChildren":0,"miniMaxValue":36443.0}
{"stateId":84,"originShotId":7264,"birdIndex":0,"times":1,"score":6670,"totalScore":28620,"finalState":true,"active":false,"unvisitedChildren":0,"miniMaxValue":6670.0}
{"stateId":87,"originShotId":2778,"birdIndex":0,"times":1,"score":26140,"totalScore":46880,"finalState":true,"active":false,"unvisitedChildren":0,"miniMaxValue":26140.0}
{"stateId":86,"originShotId":2778,"birdIndex":2,"times":6,"score":35976,"totalScore":46647,"finalState":true,"active":false,"unvisitedChildren":0,"miniMaxValue":35976.0}
{"stateId":81,"originShotId":7087,"birdIndex":0,"times":1,"score":0,"totalScore":25290,"finalState":true,"active":false,"unvisitedChildren":0,"miniMaxValue":0.0}
{"stateId":80,"originShotId":6922,"birdIndex":0,"times":1,"score":2660,"totalScore":24010,"finalState":false,"active":false,"unvisitedChildren":164,"miniMaxValue":0.0}
{"stateId":83,"originShotId":7192,"birdIndex":0,"times":1,"score":3670,"totalScore":21950,"finalState":false,"active":false,"unvisitedChildren":89,"miniMaxValue":6670.0}
{"stateId":82,"originShotId":477,"birdIndex":0,"times":1,"score":10050,"totalScore":18280,"finalState":false,"active":false,"unvisitedChildren":193,"miniMaxValue":6670.0}
{"stateId":93,"originShotId":7822,"birdIndex":0,"times":1,"score":7640,"totalScore":27330,"finalState":false,"active":false,"unvisitedChildren":113,"miniMaxValue":0.0}
{"stateId":92,"originShotId":7666,"birdIndex":0,"times":1,"score":6400,"totalScore":19690,"finalState":false,"active":false,"unvisitedChildren":268,"miniMaxValue":0.0}
{"stateId":95,"originShotId":7387,"birdIndex":0,"times":3,"score":19722,"totalScore":40610,"finalState":true,"active":false,"unvisitedChildren":0,"miniMaxValue":19722.0}
{"stateId":94,"originShotId":7936,"birdIndex":0,"times":1,"score":0,"totalScore":27330,"finalState":true,"active":false,"unvisitedChildren":0,"miniMaxValue":0.0}
{"stateId":89,"originShotId":7387,"birdIndex":0,"times":1,"score":2970,"totalScore":23720,"finalState":false,"active":false,"unvisitedChildren":116,"miniMaxValue":9180.0}
{"stateId":88,"originShotId":2778,"birdIndex":2,"times":11,"score":25910,"totalScore":46620,"finalState":true,"active":false,"unvisitedChildren":354,"miniMaxValue":25910.0}
{"stateId":91,"originShotId":72,"birdIndex":0,"times":1,"score":13290,"totalScore":13290,"finalState":false,"active":false,"unvisitedChildren":435,"miniMaxValue":0.0}
{"stateId":90,"originShotId":7405,"birdIndex":0,"times":1,"score":9180,"totalScore":32900,"finalState":true,"active":false,"unvisitedChildren":0,"miniMaxValue":9180.0}
{"stateId":102,"originShotId":8031,"birdIndex":1,"times":2,"score":19710,"totalScore":19710,"finalState":false,"active":false,"unvisitedChildren":118,"miniMaxValue":27550.0}
{"stateId":103,"originShotId":8529,"birdIndex":2,"times":1,"score":27550,"totalScore":47260,"finalState":true,"active":false,"unvisitedChildren":0,"miniMaxValue":27550.0}
{"stateId":100,"originShotId":2778,"birdIndex":2,"times":2,"score":9290,"totalScore":19910,"finalState":false,"active":false,"unvisitedChildren":95,"miniMaxValue":18390.0}
{"stateId":101,"originShotId":8436,"birdIndex":3,"times":2,"score":18390,"totalScore":38300,"finalState":true,"active":false,"unvisitedChildren":0,"miniMaxValue":18390.0}
{"stateId":98,"originShotId":8253,"birdIndex":4,"times":1,"score":8030,"totalScore":33870,"finalState":true,"active":false,"unvisitedChildren":0,"miniMaxValue":8030.0}
{"stateId":99,"originShotId":2778,"birdIndex":2,"times":1,"score":26300,"totalScore":47190,"finalState":true,"active":false,"unvisitedChildren":0,"miniMaxValue":26300.0}
{"stateId":96,"originShotId":7387,"birdIndex":3,"times":3,"score":26310,"totalScore":47210,"finalState":true,"active":false,"unvisitedChildren":0,"miniMaxValue":26310.0}
{"stateId":97,"originShotId":7387,"birdIndex":3,"times":1,"score":5670,"totalScore":25840,"finalState":false,"active":false,"unvisitedChildren":134,"miniMaxValue":8030.0}
{"stateId":110,"originShotId":8015,"birdIndex":1,"times":1,"score":17790,"totalScore":17790,"finalState":false,"active":false,"unvisitedChildren":214,"miniMaxValue":15380.0}
{"stateId":111,"originShotId":9116,"birdIndex":2,"times":1,"score":6380,"totalScore":24170,"finalState":false,"active":false,"unvisitedChildren":101,"miniMaxValue":15380.0}
{"stateId":108,"originShotId":8805,"birdIndex":2,"times":1,"score":2430,"totalScore":12550,"finalState":false,"active":false,"unvisitedChildren":158,"miniMaxValue":24710.0}
{"stateId":109,"originShotId":8976,"birdIndex":3,"times":1,"score":24710,"totalScore":37260,"finalState":true,"active":false,"unvisitedChildren":0,"miniMaxValue":24710.0}
{"stateId":106,"originShotId":8680,"birdIndex":4,"times":1,"score":0,"totalScore":22910,"finalState":true,"active":false,"unvisitedChildren":0,"miniMaxValue":0.0}
{"stateId":107,"originShotId":71,"birdIndex":1,"times":1,"score":10120,"totalScore":10120,"finalState":false,"active":false,"unvisitedChildren":271,"miniMaxValue":24710.0}
{"stateId":104,"originShotId":461,"birdIndex":2,"times":1,"score":8610,"totalScore":16840,"finalState":false,"active":false,"unvisitedChildren":205,"miniMaxValue":0.0}
{"stateId":105,"originShotId":8623,"birdIndex":3,"times":1,"score":6070,"totalScore":22910,"finalState":false,"active":false,"unvisitedChildren":86,"miniMaxValue":0.0}
{"stateId":119,"originShotId":9667,"birdIndex":3,"times":1,"score":20610,"totalScore":41500,"finalState":true,"active":false,"unvisitedChildren":0,"miniMaxValue":20610.0}
{"stateId":118,"originShotId":9627,"birdIndex":2,"times":1,"score":16270,"totalScore":20890,"finalState":false,"active":false,"unvisitedChildren":89,"miniMaxValue":20610.0}
{"stateId":117,"originShotId":73,"birdIndex":1,"times":1,"score":4620,"totalScore":4620,"finalState":false,"active":false,"unvisitedChildren":235,"miniMaxValue":20610.0}
{"stateId":116,"originShotId":9460,"birdIndex":2,"times":1,"score":35170,"totalScore":45980,"finalState":true,"active":false,"unvisitedChildren":0,"miniMaxValue":35170.0}
{"stateId":115,"originShotId":72,"birdIndex":1,"times":1,"score":10810,"totalScore":10810,"finalState":false,"active":false,"unvisitedChildren":125,"miniMaxValue":35170.0}
{"stateId":114,"originShotId":9331,"birdIndex":2,"times":1,"score":29740,"totalScore":47510,"finalState":true,"active":false,"unvisitedChildren":0,"miniMaxValue":29740.0}
{"stateId":113,"originShotId":8031,"birdIndex":1,"times":1,"score":17770,"totalScore":17770,"finalState":false,"active":false,"unvisitedChildren":101,"miniMaxValue":29740.0}
{"stateId":112,"originShotId":9255,"birdIndex":3,"times":1,"score":15380,"totalScore":39550,"finalState":true,"active":false,"unvisitedChildren":0,"miniMaxValue":15380.0}
{"stateId":127,"originShotId":10295,"birdIndex":3,"times":1,"score":3390,"totalScore":24130,"finalState":false,"active":false,"unvisitedChildren":53,"miniMaxValue":0.0}
{"stateId":126,"originShotId":10063,"birdIndex":2,"times":1,"score":5430,"totalScore":20740,"finalState":false,"active":false,"unvisitedChildren":217,"miniMaxValue":0.0}
{"stateId":125,"originShotId":7948,"birdIndex":1,"times":1,"score":15310,"totalScore":15310,"finalState":false,"active":false,"unvisitedChildren":387,"miniMaxValue":0.0}
{"stateId":124,"originShotId":10014,"birdIndex":2,"times":1,"score":33350,"totalScore":48450,"finalState":true,"active":false,"unvisitedChildren":0,"miniMaxValue":33350.0}
{"stateId":123,"originShotId":8023,"birdIndex":1,"times":1,"score":15100,"totalScore":15100,"finalState":false,"active":false,"unvisitedChildren":113,"miniMaxValue":33350.0}
{"stateId":122,"originShotId":9889,"birdIndex":3,"times":1,"score":17540,"totalScore":41360,"finalState":true,"active":false,"unvisitedChildren":0,"miniMaxValue":17540.0}
{"stateId":121,"originShotId":9745,"birdIndex":2,"times":1,"score":14740,"totalScore":23820,"finalState":false,"active":false,"unvisitedChildren":59,"miniMaxValue":17540.0}
{"stateId":120,"originShotId":8034,"birdIndex":1,"times":1,"score":9080,"totalScore":9080,"finalState":false,"active":false,"unvisitedChildren":187,"miniMaxValue":17540.0}
{"stateId":137,"originShotId":8028,"birdIndex":1,"times":1,"score":11620,"totalScore":11620,"finalState":false,"active":false,"unvisitedChildren":220,"miniMaxValue":22750.0}
{"stateId":136,"originShotId":8532,"birdIndex":2,"times":1,"score":27510,"totalScore":47220,"finalState":true,"active":false,"unvisitedChildren":0,"miniMaxValue":27510.0}
{"stateId":139,"originShotId":10650,"birdIndex":3,"times":1,"score":22750,"totalScore":37390,"finalState":true,"active":false,"unvisitedChildren":0,"miniMaxValue":22750.0}
{"stateId":138,"originShotId":10549,"birdIndex":2,"times":1,"score":3020,"totalScore":14640,"finalState":false,"active":false,"unvisitedChildren":107,"miniMaxValue":22750.0}
{"stateId":141,"originShotId":10693,"birdIndex":2,"times":1,"score":27560,"totalScore":45330,"finalState":true,"active":false,"unvisitedChildren":0,"miniMaxValue":27560.0}
{"stateId":140,"originShotId":8028,"birdIndex":1,"times":1,"score":17770,"totalScore":17770,"finalState":false,"active":false,"unvisitedChildren":104,"miniMaxValue":27560.0}
{"stateId":143,"originShotId":10813,"birdIndex":2,"times":1,"score":9690,"totalScore":13820,"finalState":false,"active":false,"unvisitedChildren":328,"miniMaxValue":8540.0}
{"stateId":142,"originShotId":8040,"birdIndex":1,"times":1,"score":4130,"totalScore":4130,"finalState":false,"active":false,"unvisitedChildren":471,"miniMaxValue":8540.0}
{"stateId":129,"originShotId":27,"birdIndex":1,"times":1,"score":7230,"totalScore":7230,"finalState":false,"active":false,"unvisitedChildren":30,"miniMaxValue":0.0}
{"stateId":128,"originShotId":10373,"birdIndex":4,"times":1,"score":0,"totalScore":24130,"finalState":true,"active":false,"unvisitedChildren":0,"miniMaxValue":0.0}
{"stateId":131,"originShotId":10432,"birdIndex":3,"times":1,"score":6730,"totalScore":14170,"finalState":false,"active":false,"unvisitedChildren":11,"miniMaxValue":0.0}
{"stateId":130,"originShotId":10425,"birdIndex":2,"times":1,"score":210,"totalScore":7440,"finalState":false,"active":false,"unvisitedChildren":19,"miniMaxValue":0.0}
{"stateId":133,"originShotId":3262,"birdIndex":2,"times":1,"score":10940,"totalScore":21270,"finalState":false,"active":false,"unvisitedChildren":16,"miniMaxValue":10020.0}
{"stateId":132,"originShotId":10438,"birdIndex":4,"times":1,"score":0,"totalScore":14170,"finalState":true,"active":false,"unvisitedChildren":0,"miniMaxValue":0.0}
{"stateId":135,"originShotId":10459,"birdIndex":4,"times":1,"score":10020,"totalScore":32590,"finalState":true,"active":false,"unvisitedChildren":0,"miniMaxValue":10020.0}
{"stateId":134,"originShotId":10451,"birdIndex":3,"times":1,"score":1300,"totalScore":22570,"finalState":false,"active":false,"unvisitedChildren":11,"miniMaxValue":10020.0}
{"stateId":152,"originShotId":11764,"birdIndex":4,"times":1,"score":0,"totalScore":25280,"finalState":true,"active":false,"unvisitedChildren":0,"miniMaxValue":0.0}
{"stateId":153,"originShotId":8042,"birdIndex":1,"times":1,"score":7920,"totalScore":7920,"finalState":false,"active":false,"unvisitedChildren":205,"miniMaxValue":0.0}
{"stateId":154,"originShotId":11953,"birdIndex":2,"times":1,"score":11740,"totalScore":19660,"finalState":false,"active":false,"unvisitedChildren":83,"miniMaxValue":0.0}
{"stateId":155,"originShotId":11997,"birdIndex":3,"times":3,"score":0,"totalScore":19960,"finalState":false,"active":false,"unvisitedChildren":39,"miniMaxValue":0.0}
{"stateId":156,"originShotId":8043,"birdIndex":1,"times":1,"score":1640,"totalScore":1640,"finalState":false,"active":false,"unvisitedChildren":354,"miniMaxValue":0.0}
{"stateId":157,"originShotId":12166,"birdIndex":2,"times":1,"score":10880,"totalScore":12520,"finalState":false,"active":false,"unvisitedChildren":253,"miniMaxValue":0.0}
{"stateId":158,"originShotId":12187,"birdIndex":3,"times":1,"score":9060,"totalScore":21580,"finalState":false,"active":false,"unvisitedChildren":107,"miniMaxValue":0.0}
{"stateId":159,"originShotId":12412,"birdIndex":4,"times":1,"score":0,"totalScore":21580,"finalState":true,"active":false,"unvisitedChildren":0,"miniMaxValue":0.0}
{"stateId":144,"originShotId":11093,"birdIndex":3,"times":1,"score":9850,"totalScore":23670,"finalState":false,"active":false,"unvisitedChildren":167,"miniMaxValue":8540.0}
{"stateId":145,"originShotId":11265,"birdIndex":4,"times":1,"score":8540,"totalScore":32210,"finalState":true,"active":false,"unvisitedChildren":0,"miniMaxValue":8540.0}
{"stateId":146,"originShotId":8043,"birdIndex":1,"times":1,"score":8990,"totalScore":8990,"finalState":false,"active":false,"unvisitedChildren":220,"miniMaxValue":17990.0}
{"stateId":147,"originShotId":11347,"birdIndex":2,"times":1,"score":13420,"totalScore":22410,"finalState":false,"active":false,"unvisitedChildren":116,"miniMaxValue":17990.0}
{"stateId":148,"originShotId":11467,"birdIndex":3,"times":1,"score":17990,"totalScore":40400,"finalState":true,"active":false,"unvisitedChildren":0,"miniMaxValue":17990.0}
{"stateId":149,"originShotId":7979,"birdIndex":1,"times":1,"score":16040,"totalScore":16040,"finalState":false,"active":false,"unvisitedChildren":369,"miniMaxValue":0.0}
{"stateId":150,"originShotId":11549,"birdIndex":2,"times":1,"score":3860,"totalScore":19900,"finalState":false,"active":false,"unvisitedChildren":241,"miniMaxValue":0.0}
{"stateId":151,"originShotId":11647,"birdIndex":3,"times":1,"score":850,"totalScore":20750,"finalState":false,"active":false,"unvisitedChildren":128,"miniMaxValue":0.0}
{"stateId":171,"originShotId":13110,"birdIndex":2,"times":1,"score":33370,"totalScore":49520,"finalState":true,"active":false,"unvisitedChildren":0,"miniMaxValue":33370.0}
{"stateId":170,"originShotId":13110,"birdIndex":2,"times":1,"score":30660,"totalScore":45260,"finalState":true,"active":false,"unvisitedChildren":0,"miniMaxValue":30660.0}
{"stateId":169,"originShotId":7946,"birdIndex":1,"times":2,"score":15375,"totalScore":15375,"finalState":false,"active":false,"unvisitedChildren":146,"miniMaxValue":32015.0}
{"stateId":168,"originShotId":3902,"birdIndex":2,"times":1,"score":7140,"totalScore":21500,"finalState":false,"active":false,"unvisitedChildren":0,"miniMaxValue":0.0}
{"stateId":174,"originShotId":13347,"birdIndex":3,"times":1,"score":20080,"totalScore":41690,"finalState":true,"active":true,"unvisitedChildren":0,"miniMaxValue":0.0}
{"stateId":173,"originShotId":13146,"birdIndex":2,"times":1,"score":8000,"totalScore":21610,"finalState":false,"active":true,"unvisitedChildren":0,"miniMaxValue":0.0}
{"stateId":172,"originShotId":7946,"birdIndex":1,"times":1,"score":13610,"totalScore":13610,"finalState":false,"active":true,"unvisitedChildren":0,"miniMaxValue":0.0}
{"stateId":163,"originShotId":7946,"birdIndex":1,"times":2,"score":9260,"totalScore":9260,"finalState":false,"active":false,"unvisitedChildren":137,"miniMaxValue":36720.0}
{"stateId":162,"originShotId":12595,"birdIndex":4,"times":1,"score":0,"totalScore":23870,"finalState":true,"active":false,"unvisitedChildren":0,"miniMaxValue":0.0}
{"stateId":161,"originShotId":12505,"birdIndex":3,"times":1,"score":8070,"totalScore":23870,"finalState":false,"active":false,"unvisitedChildren":89,"miniMaxValue":0.0}
{"stateId":160,"originShotId":2807,"birdIndex":2,"times":1,"score":5460,"totalScore":15800,"finalState":false,"active":false,"unvisitedChildren":196,"miniMaxValue":0.0}
{"stateId":167,"originShotId":12976,"birdIndex":3,"times":1,"score":21910,"totalScore":43830,"finalState":true,"active":false,"unvisitedChildren":0,"miniMaxValue":21910.0}
{"stateId":166,"originShotId":12860,"birdIndex":2,"times":1,"score":17670,"totalScore":21920,"finalState":false,"active":false,"unvisitedChildren":107,"miniMaxValue":21910.0}
{"stateId":165,"originShotId":8043,"birdIndex":1,"times":1,"score":4250,"totalScore":4250,"finalState":false,"active":false,"unvisitedChildren":217,"miniMaxValue":21910.0}
{"stateId":164,"originShotId":12699,"birdIndex":2,"times":2,"score":36720,"totalScore":45980,"finalState":true,"active":false,"unvisitedChildren":0,"miniMaxValue":36720.0}
