{"stateId":1,"originShotId":-1,"birdIndex":0,"times":0,"score":0,"totalScore":0,"finalState":false,"active":false,"unvisitedChildren":6656,"miniMaxValue":0.0}
{"stateId":5,"originShotId":25,"birdIndex":0,"times":4,"score":8110,"totalScore":8110,"finalState":false,"active":false,"unvisitedChildren":897,"miniMaxValue":21365.0}
{"stateId":6,"originShotId":448,"birdIndex":0,"times":1,"score":2070,"totalScore":10300,"finalState":false,"active":false,"unvisitedChildren":385,"miniMaxValue":7970.0}
{"stateId":7,"originShotId":626,"birdIndex":0,"times":1,"score":10170,"totalScore":20470,"finalState":false,"active":false,"unvisitedChildren":185,"miniMaxValue":7970.0}
{"stateId":8,"originShotId":813,"birdIndex":0,"times":1,"score":7970,"totalScore":28440,"finalState":true,"active":false,"unvisitedChildren":0,"miniMaxValue":7970.0}
{"stateId":9,"originShotId":76,"birdIndex":0,"times":1,"score":10740,"totalScore":10740,"finalState":false,"active":false,"unvisitedChildren":358,"miniMaxValue":19310.0}
{"stateId":10,"originShotId":991,"birdIndex":0,"times":1,"score":8180,"totalScore":18920,"finalState":false,"active":false,"unvisitedChildren":176,"miniMaxValue":19310.0}
{"stateId":11,"originShotId":1232,"birdIndex":0,"times":1,"score":19310,"totalScore":38230,"finalState":true,"active":false,"unvisitedChildren":0,"miniMaxValue":19310.0}
{"stateId":12,"originShotId":72,"birdIndex":0,"times":1,"score":17840,"totalScore":17840,"finalState":false,"active":false,"unvisitedChildren":152,"miniMaxValue":32100.0}
{"stateId":13,"originShotId":1445,"birdIndex":0,"times":1,"score":32100,"totalScore":49940,"finalState":true,"active":false,"unvisitedChildren":0,"miniMaxValue":32100.0}
{"stateId":17,"originShotId":77,"birdIndex":0,"times":1,"score":17600,"totalScore":17600,"finalState":false,"active":false,"unvisitedChildren":113,"miniMaxValue":29980.0}
{"stateId":18,"originShotId":1967,"birdIndex":0,"times":1,"score":29980,"totalScore":47580,"finalState":true,"active":false,"unvisitedChildren":0,"miniMaxValue":29980.0}
{"stateId":19,"originShotId":90,"birdIndex":0,"times":1,"score":13650,"totalScore":13650,"finalState":false,"active":false,"unvisitedChildren":333,"miniMaxValue":7460.0}
{"stateId":20,"originShotId":2065,"birdIndex":0,"times":1,"score":11840,"totalScore":25490,"finalState":false,"active":false,"unvisitedChildren":232,"miniMaxValue":7460.0}
{"stateId":21,"originShotId":2104,"birdIndex":0,"times":1,"score":2240,"totalScore":27730,"finalState":false,"active":false,"unvisitedChildren":98,"miniMaxValue":7460.0}
{"stateId":22,"originShotId":2276,"birdIndex":0,"times":1,"score":7460,"totalScore":35190,"finalState":true,"active":false,"unvisitedChildren":0,"miniMaxValue":7460.0}
{"stateId":23,"originShotId":40,"birdIndex":0,"times":1,"score":4120,"totalScore":4120,"finalState":false,"active":false,"unvisitedChildren":223,"miniMaxValue":22710.0}
{"stateId":24,"originShotId":2451,"birdIndex":0,"times":1,"score":14890,"totalScore":19010,"finalState":false,"active":false,"unvisitedChildren":92,"miniMaxValue":22710.0}
{"stateId":25,"originShotId":2484,"birdIndex":0,"times":1,"score":22710,"totalScore":41720,"finalState":true,"active":false,"unvisitedChildren":0,"miniMaxValue":22710.0}
{"stateId":26,"originShotId":437,"birdIndex":0,"times":1,"score":740,"totalScore":8650,"finalState":false,"active":false,"unvisitedChildren":151,"miniMaxValue":0.0}
{"stateId":27,"originShotId":2562,"birdIndex":0,"times":1,"score":7510,"totalScore":16160,"finalState":false,"active":false,"unvisitedChildren":92,"miniMaxValue":0.0}
{"stateId":28,"originShotId":2616,"birdIndex":0,"times":1,"score":0,"totalScore":16160,"finalState":true,"active":false,"unvisitedChildren":0,"miniMaxValue":0.0}
{"stateId":29,"originShotId":82,"birdIndex":1,"times":38,"score":10615,"totalScore":10615,"finalState":false,"active":true,"unvisitedChildren":417,"miniMaxValue":32369.83}
{"stateId":30,"originShotId":2778,"birdIndex":2,"times":10,"score":35498,"totalScore":46111,"finalState":true,"active":false,"unvisitedChildren":0,"miniMaxValue":35498.0}
{"stateId":31,"originShotId":71,"birdIndex":0,"times":1,"score":6690,"totalScore":6690,"finalState":false,"active":false,"unvisitedChildren":315,"miniMaxValue":5440.0}
{"stateId":32,"originShotId":2937,"birdIndex":0,"times":1,"score":15610,"totalScore":22300,"finalState":false,"active":false,"unvisitedChildren":202,"miniMaxValue":5440.0}
{"stateId":33,"originShotId":2977,"birdIndex":0,"times":1,"score":2940,"totalScore":25240,"finalState":false,"active":false,"unvisitedChildren":122,"miniMaxValue":5440.0}
{"stateId":34,"originShotId":3165,"birdIndex":0,"times":1,"score":5440,"totalScore":30680,"finalState":true,"active":false,"unvisitedChildren":0,"miniMaxValue":5440.0}
{"stateId":35,"originShotId":41,"birdIndex":0,"times":1,"score":10330,"totalScore":10330,"finalState":false,"active":false,"unvisitedChildren":214,"miniMaxValue":27010.0}
{"stateId":36,"originShotId":3195,"birdIndex":0,"times":1,"score":2590,"totalScore":12920,"finalState":false,"active":false,"unvisitedChildren":104,"miniMaxValue":27010.0}
{"stateId":37,"originShotId":3379,"birdIndex":0,"times":1,"score":27010,"totalScore":39930,"finalState":true,"active":false,"unvisitedChildren":0,"miniMaxValue":27010.0}
{"stateId":38,"originShotId":53,"birdIndex":0,"times":1,"score":14920,"totalScore":14920,"finalState":false,"active":false,"unvisitedChildren":217,"miniMaxValue":18610.0}
{"stateId":39,"originShotId":3488,"birdIndex":0,"times":1,"score":6540,"totalScore":21460,"finalState":false,"active":false,"unvisitedChildren":101,"miniMaxValue":18610.0}
{"stateId":40,"originShotId":3603,"birdIndex":0,"times":1,"score":18610,"totalScore":40070,"finalState":true,"active":false,"unvisitedChildren":0,"miniMaxValue":18610.0}
{"stateId":41,"originShotId":50,"birdIndex":0,"times":1,"score":7310,"totalScore":7310,"finalState":false,"active":false,"unvisitedChildren":190,"miniMaxValue":18010.0}
{"stateId":42,"originShotId":3663,"birdIndex":0,"times":1,"score":12820,"totalScore":20130,"finalState":false,"active":false,"unvisitedChildren":92,"miniMaxValue":18010.0}
{"stateId":43,"originShotId":3779,"birdIndex":0,"times":1,"score":18010,"totalScore":38140,"finalState":true,"active":false,"unvisitedChildren":0,"miniMaxValue":18010.0}
{"stateId":44,"originShotId":34,"birdIndex":0,"times":1,"score":14430,"totalScore":14430,"finalState":false,"active":false,"unvisitedChildren":369,"miniMaxValue":0.0}
{"stateId":45,"originShotId":3837,"birdIndex":0,"times":1,"score":4570,"totalScore":19000,"finalState":false,"active":false,"unvisitedChildren":229,"miniMaxValue":0.0}
{"stateId":46,"originShotId":4018,"birdIndex":0,"times":1,"score":2240,"totalScore":21240,"finalState":false,"active":false,"unvisitedChildren":137,"miniMaxValue":0.0}
{"stateId":47,"originShotId":4067,"birdIndex":0,"times":1,"score":0,"totalScore":21240,"finalState":true,"active":false,"unvisitedChildren":0,"miniMaxValue":0.0}
{"stateId":48,"originShotId":477,"birdIndex":0,"times":1,"score":36060,"totalScore":43970,"finalState":true,"active":false,"unvisitedChildren":0,"miniMaxValue":36060.0}
{"stateId":57,"originShotId":79,"birdIndex":0,"times":2,"score":12560,"totalScore":12560,"finalState":false,"active":false,"unvisitedChildren":628,"miniMaxValue":20680.0}
{"stateId":58,"originShotId":4742,"birdIndex":0,"times":1,"score":3080,"totalScore":15640,"finalState":false,"active":false,"unvisitedChildren":328,"miniMaxValue":6310.0}
{"stateId":59,"originShotId":5033,"birdIndex":0,"times":1,"score":10220,"totalScore":25860,"finalState":false,"active":false,"unvisitedChildren":125,"miniMaxValue":6310.0}
{"stateId":60,"originShotId":5150,"birdIndex":0,"times":1,"score":6310,"totalScore":32170,"finalState":true,"active":false,"unvisitedChildren":0,"miniMaxValue":6310.0}
{"stateId":61,"originShotId":4884,"birdIndex":0,"times":1,"score":7230,"totalScore":19790,"finalState":false,"active":false,"unvisitedChildren":137,"miniMaxValue":20680.0}
{"stateId":62,"originShotId":5307,"birdIndex":0,"times":1,"score":20680,"totalScore":40470,"finalState":true,"active":false,"unvisitedChildren":0,"miniMaxValue":20680.0}
{"stateId":63,"originShotId":39,"birdIndex":0,"times":1,"score":7110,"totalScore":7110,"finalState":false,"active":false,"unvisitedChildren":249,"miniMaxValue":9160.0}
{"stateId":64,"originShotId":5389,"birdIndex":0,"times":1,"score":12020,"totalScore":19130,"finalState":false,"active":false,"unvisitedChildren":67,"miniMaxValue":9160.0}
{"stateId":65,"originShotId":5570,"birdIndex":0,"times":1,"score":2670,"totalScore":21800,"finalState":false,"active":false,"unvisitedChildren":35,"miniMaxValue":9160.0}
{"stateId":66,"originShotId":5591,"birdIndex":0,"times":1,"score":9160,"totalScore":30960,"finalState":true,"active":false,"unvisitedChildren":0,"miniMaxValue":9160.0}
{"stateId":67,"originShotId":36,"birdIndex":0,"times":1,"score":5390,"totalScore":5390,"finalState":false,"active":false,"unvisitedChildren":292,"miniMaxValue":19770.0}
{"stateId":68,"originShotId":5730,"birdIndex":0,"times":1,"score":14810,"totalScore":20200,"finalState":false,"active":false,"unvisitedChildren":164,"miniMaxValue":19770.0}
{"stateId":69,"originShotId":5775,"birdIndex":0,"times":1,"score":19770,"totalScore":39970,"finalState":true,"active":false,"unvisitedChildren":0,"miniMaxValue":19770.0}
{"stateId":70,"originShotId":88,"birdIndex":0,"times":1,"score":11420,"totalScore":11420,"finalState":false,"active":false,"unvisitedChildren":339,"miniMaxValue":7950.0}
{"stateId":71,"originShotId":5990,"birdIndex":0,"times":1,"score":9950,"totalScore":21370,"finalState":false,"active":false,"unvisitedChildren":208,"miniMaxValue":7950.0}
{"stateId":72,"originShotId":6077,"birdIndex":0,"times":1,"score":3260,"totalScore":24630,"finalState":false,"active":false,"unvisitedChildren":98,"miniMaxValue":7950.0}
{"stateId":73,"originShotId":6234,"birdIndex":0,"times":1,"score":7950,"totalScore":32580,"finalState":true,"active":false,"unvisitedChildren":0,"miniMaxValue":7950.0}
{"stateId":74,"originShotId":70,"birdIndex":0,"times":1,"score":10710,"totalScore":10710,"finalState":false,"active":false,"unvisitedChildren":432,"miniMaxValue":0.0}
{"stateId":75,"originShotId":6253,"birdIndex":0,"times":1,"score":2810,"totalScore":13520,"finalState":false,"active":false,"unvisitedChildren":304,"miniMaxValue":0.0}
{"stateId":76,"originShotId":6528,"birdIndex":0,"times":1,"score":8530,"totalScore":22050,"finalState":false,"active":false,"unvisitedChildren":143,"miniMaxValue":0.0}
{"stateId":77,"originShotId":6592,"birdIndex":0,"times":1,"score":0,"totalScore":22050,"finalState":true,"active":false,"unvisitedChildren":0,"miniMaxValue":0.0}
{"stateId":78,"originShotId":77,"birdIndex":0,"times":1,"score":13250,"totalScore":13250,"finalState":false,"active":false,"unvisitedChildren":408,"miniMaxValue":0.0}
{"stateId":79,"originShotId":6721,"birdIndex":0,"times":1,"score":8100,"totalScore":21350,"finalState":false,"active":false,"unvisitedChildren":295,"miniMaxValue":0.0}
{"stateId":80,"originShotId":6922,"birdIndex":0,"times":1,"score":2660,"totalScore":24010,"finalState":false,"active":false,"unvisitedChildren":164,"miniMaxValue":0.0}
{"stateId":81,"originShotId":7087,"birdIndex":0,"times":1,"score":0,"totalScore":25290,"finalState":true,"active":false,"unvisitedChildren":0,"miniMaxValue":0.0}
{"stateId":82,"originShotId":477,"birdIndex":0,"times":1,"score":10050,"totalScore":18280,"finalState":false,"active":false,"unvisitedChildren":193,"miniMaxValue":6670.0}
{"stateId":83,"originShotId":7192,"birdIndex":0,"times":1,"score":3670,"totalScore":21950,"finalState":false,"active":false,"unvisitedChildren":89,"miniMaxValue":6670.0}
{"stateId":84,"originShotId":7264,"birdIndex":0,"times":1,"score":6670,"totalScore":28620,"finalState":true,"active":false,"unvisitedChildren":0,"miniMaxValue":6670.0}
{"stateId":85,"originShotId":2778,"birdIndex":2,"times":18,"score":36543,"totalScore":47163,"finalState":true,"active":true,"unvisitedChildren":0,"miniMaxValue":36427.0}
{"stateId":86,"originShotId":2778,"birdIndex":0,"times":1,"score":35990,"totalScore":46730,"finalState":true,"active":false,"unvisitedChildren":0,"miniMaxValue":35990.0}
{"stateId":87,"originShotId":2778,"birdIndex":0,"times":1,"score":26140,"totalScore":46880,"finalState":true,"active":false,"unvisitedChildren":0,"miniMaxValue":26140.0}
{"stateId":88,"originShotId":2778,"birdIndex":2,"times":8,"score":10098,"totalScore":20708,"finalState":false,"active":false,"unvisitedChildren":220,"miniMaxValue":20164.334}
{"stateId":89,"originShotId":7387,"birdIndex":0,"times":1,"score":2970,"totalScore":23720,"finalState":false,"active":false,"unvisitedChildren":116,"miniMaxValue":9180.0}
{"stateId":90,"originShotId":7405,"birdIndex":0,"times":1,"score":9180,"totalScore":32900,"finalState":true,"active":false,"unvisitedChildren":0,"miniMaxValue":9180.0}
{"stateId":91,"originShotId":72,"birdIndex":0,"times":1,"score":13290,"totalScore":13290,"finalState":false,"active":false,"unvisitedChildren":435,"miniMaxValue":0.0}
{"stateId":92,"originShotId":7666,"birdIndex":0,"times":1,"score":6400,"totalScore":19690,"finalState":false,"active":false,"unvisitedChildren":268,"miniMaxValue":0.0}
{"stateId":93,"originShotId":7822,"birdIndex":0,"times":1,"score":7640,"totalScore":27330,"finalState":false,"active":false,"unvisitedChildren":113,"miniMaxValue":0.0}
{"stateId":94,"originShotId":7936,"birdIndex":0,"times":1,"score":0,"totalScore":27330,"finalState":true,"active":false,"unvisitedChildren":0,"miniMaxValue":0.0}
{"stateId":95,"originShotId":7387,"birdIndex":0,"times":3,"score":19722,"totalScore":40610,"finalState":true,"active":false,"unvisitedChildren":0,"miniMaxValue":19722.0}
{"stateId":96,"originShotId":7387,"birdIndex":3,"times":2,"score":26320,"totalScore":47220,"finalState":true,"active":false,"unvisitedChildren":0,"miniMaxValue":26320.0}
