{"stateId":1,"originShotId":-1,"birdIndex":0,"times":0,"score":0,"totalScore":0,"finalState":false,"active":false,"unvisitedChildren":2065,"miniMaxValue":0.0}
{"stateId":2,"originShotId":32,"birdIndex":0,"times":2,"score":38220,"totalScore":38220,"finalState":false,"active":false,"unvisitedChildren":81,"miniMaxValue":22950.0}
{"stateId":3,"originShotId":68,"birdIndex":0,"times":1,"score":15120,"totalScore":40600,"finalState":false,"active":false,"unvisitedChildren":28,"miniMaxValue":22950.0}
{"stateId":4,"originShotId":104,"birdIndex":0,"times":1,"score":22950,"totalScore":63550,"finalState":true,"active":false,"unvisitedChildren":0,"miniMaxValue":22950.0}
{"stateId":5,"originShotId":34,"birdIndex":0,"times":2,"score":30240,"totalScore":30240,"finalState":false,"active":false,"unvisitedChildren":133,"miniMaxValue":20300.0}
{"stateId":6,"originShotId":144,"birdIndex":0,"times":1,"score":15180,"totalScore":35340,"finalState":false,"active":false,"unvisitedChildren":31,"miniMaxValue":20300.0}
{"stateId":7,"originShotId":173,"birdIndex":0,"times":1,"score":20300,"totalScore":55640,"finalState":true,"active":false,"unvisitedChildren":0,"miniMaxValue":20300.0}
{"stateId":8,"originShotId":36,"birdIndex":0,"times":2,"score":37800,"totalScore":37800,"finalState":false,"active":false,"unvisitedChildren":165,"miniMaxValue":5100.0}
{"stateId":9,"originShotId":211,"birdIndex":0,"times":1,"score":10,"totalScore":25210,"finalState":false,"active":false,"unvisitedChildren":71,"miniMaxValue":5100.0}
{"stateId":10,"originShotId":251,"birdIndex":0,"times":1,"score":15330,"totalScore":40540,"finalState":false,"active":false,"unvisitedChildren":33,"miniMaxValue":5100.0}
{"stateId":11,"originShotId":288,"birdIndex":0,"times":1,"score":5100,"totalScore":45640,"finalState":true,"active":false,"unvisitedChildren":0,"miniMaxValue":5100.0}
{"stateId":12,"originShotId":33,"birdIndex":0,"times":4,"score":30540,"totalScore":30540,"finalState":false,"active":false,"unvisitedChildren":80,"miniMaxValue":35100.0}
{"stateId":13,"originShotId":320,"birdIndex":0,"times":2,"score":10060,"totalScore":40600,"finalState":false,"active":false,"unvisitedChildren":25,"miniMaxValue":15040.0}
{"stateId":14,"originShotId":346,"birdIndex":0,"times":2,"score":15040,"totalScore":55640,"finalState":true,"active":false,"unvisitedChildren":0,"miniMaxValue":15040.0}
{"stateId":15,"originShotId":28,"birdIndex":0,"times":2,"score":22770,"totalScore":22770,"finalState":false,"active":false,"unvisitedChildren":100,"miniMaxValue":32700.0}
{"stateId":16,"originShotId":365,"birdIndex":0,"times":1,"score":10300,"totalScore":25480,"finalState":false,"active":false,"unvisitedChildren":40,"miniMaxValue":32700.0}
{"stateId":17,"originShotId":408,"birdIndex":0,"times":1,"score":32700,"totalScore":58180,"finalState":true,"active":false,"unvisitedChildren":0,"miniMaxValue":32700.0}
{"stateId":18,"originShotId":363,"birdIndex":0,"times":1,"score":20170,"totalScore":35350,"finalState":false,"active":false,"unvisitedChildren":32,"miniMaxValue":20290.0}
{"stateId":19,"originShotId":447,"birdIndex":0,"times":1,"score":20290,"totalScore":55640,"finalState":true,"active":false,"unvisitedChildren":0,"miniMaxValue":20290.0}
{"stateId":24,"originShotId":139,"birdIndex":0,"times":1,"score":0,"totalScore":20160,"finalState":false,"active":false,"unvisitedChildren":62,"miniMaxValue":0.0}
{"stateId":25,"originShotId":609,"birdIndex":0,"times":1,"score":0,"totalScore":20160,"finalState":false,"active":false,"unvisitedChildren":31,"miniMaxValue":0.0}
{"stateId":26,"originShotId":636,"birdIndex":0,"times":1,"score":0,"totalScore":20160,"finalState":true,"active":false,"unvisitedChildren":0,"miniMaxValue":0.0}
{"stateId":30,"originShotId":67,"birdIndex":0,"times":1,"score":10080,"totalScore":35560,"finalState":false,"active":false,"unvisitedChildren":21,"miniMaxValue":20080.0}
{"stateId":31,"originShotId":740,"birdIndex":0,"times":1,"score":20080,"totalScore":55640,"finalState":true,"active":false,"unvisitedChildren":0,"miniMaxValue":20080.0}
{"stateId":32,"originShotId":208,"birdIndex":0,"times":1,"score":0,"totalScore":25200,"finalState":false,"active":false,"unvisitedChildren":60,"miniMaxValue":0.0}
{"stateId":33,"originShotId":764,"birdIndex":0,"times":1,"score":10190,"totalScore":35390,"finalState":false,"active":false,"unvisitedChildren":32,"miniMaxValue":0.0}
{"stateId":34,"originShotId":797,"birdIndex":0,"times":1,"score":0,"totalScore":35390,"finalState":true,"active":false,"unvisitedChildren":0,"miniMaxValue":0.0}
{"stateId":35,"originShotId":32,"birdIndex":0,"times":2,"score":38220,"totalScore":38220,"finalState":false,"active":false,"unvisitedChildren":78,"miniMaxValue":20080.0}
{"stateId":36,"originShotId":835,"birdIndex":0,"times":1,"score":15120,"totalScore":40600,"finalState":false,"active":false,"unvisitedChildren":26,"miniMaxValue":15040.0}
{"stateId":37,"originShotId":862,"birdIndex":0,"times":1,"score":15040,"totalScore":55640,"finalState":true,"active":false,"unvisitedChildren":0,"miniMaxValue":15040.0}
{"stateId":38,"originShotId":36,"birdIndex":0,"times":2,"score":25200,"totalScore":25200,"finalState":false,"active":false,"unvisitedChildren":95,"miniMaxValue":25340.0}
{"stateId":39,"originShotId":893,"birdIndex":0,"times":1,"score":5100,"totalScore":30300,"finalState":false,"active":false,"unvisitedChildren":34,"miniMaxValue":25340.0}
{"stateId":40,"originShotId":930,"birdIndex":0,"times":1,"score":25340,"totalScore":55640,"finalState":true,"active":false,"unvisitedChildren":0,"miniMaxValue":25340.0}
{"stateId":41,"originShotId":22,"birdIndex":0,"times":2,"score":20250,"totalScore":20250,"finalState":false,"active":false,"unvisitedChildren":92,"miniMaxValue":45390.0}
{"stateId":42,"originShotId":958,"birdIndex":0,"times":1,"score":0,"totalScore":20250,"finalState":false,"active":false,"unvisitedChildren":64,"miniMaxValue":0.0}
{"stateId":43,"originShotId":986,"birdIndex":0,"times":1,"score":10080,"totalScore":30330,"finalState":false,"active":false,"unvisitedChildren":36,"miniMaxValue":0.0}
{"stateId":44,"originShotId":1027,"birdIndex":0,"times":1,"score":0,"totalScore":30330,"finalState":true,"active":false,"unvisitedChildren":0,"miniMaxValue":0.0}
{"stateId":45,"originShotId":24,"birdIndex":0,"times":3,"score":25260,"totalScore":25260,"finalState":false,"active":false,"unvisitedChildren":137,"miniMaxValue":25340.0}
{"stateId":46,"originShotId":1064,"birdIndex":0,"times":2,"score":5040,"totalScore":30300,"finalState":false,"active":false,"unvisitedChildren":34,"miniMaxValue":25340.0}
{"stateId":47,"originShotId":1099,"birdIndex":0,"times":1,"score":25340,"totalScore":55640,"finalState":true,"active":false,"unvisitedChildren":0,"miniMaxValue":25340.0}
{"stateId":48,"originShotId":827,"birdIndex":0,"times":1,"score":10080,"totalScore":35560,"finalState":false,"active":false,"unvisitedChildren":20,"miniMaxValue":20080.0}
{"stateId":49,"originShotId":1120,"birdIndex":0,"times":1,"score":20080,"totalScore":55640,"finalState":true,"active":false,"unvisitedChildren":0,"miniMaxValue":20080.0}
{"stateId":57,"originShotId":26,"birdIndex":0,"times":3,"score":30300,"totalScore":30300,"finalState":false,"active":false,"unvisitedChildren":84,"miniMaxValue":35340.0}
{"stateId":58,"originShotId":1347,"birdIndex":0,"times":2,"score":35340,"totalScore":65640,"finalState":true,"active":false,"unvisitedChildren":0,"miniMaxValue":35340.0}
{"stateId":63,"originShotId":19,"birdIndex":0,"times":2,"score":20250,"totalScore":20250,"finalState":false,"active":false,"unvisitedChildren":197,"miniMaxValue":10270.0}
{"stateId":64,"originShotId":1528,"birdIndex":0,"times":1,"score":0,"totalScore":20250,"finalState":false,"active":false,"unvisitedChildren":88,"miniMaxValue":0.0}
{"stateId":65,"originShotId":1573,"birdIndex":0,"times":1,"score":0,"totalScore":20250,"finalState":false,"active":false,"unvisitedChildren":44,"miniMaxValue":0.0}
{"stateId":66,"originShotId":1623,"birdIndex":0,"times":1,"score":0,"totalScore":20250,"finalState":true,"active":false,"unvisitedChildren":0,"miniMaxValue":0.0}
{"stateId":67,"originShotId":888,"birdIndex":0,"times":1,"score":15400,"totalScore":40600,"finalState":false,"active":false,"unvisitedChildren":27,"miniMaxValue":15040.0}
{"stateId":68,"originShotId":1653,"birdIndex":0,"times":1,"score":15040,"totalScore":55640,"finalState":true,"active":false,"unvisitedChildren":0,"miniMaxValue":15040.0}
{"stateId":69,"originShotId":31,"birdIndex":1,"times":50,"score":15310,"totalScore":15310,"finalState":false,"active":true,"unvisitedChildren":149,"miniMaxValue":50330.0}
{"stateId":70,"originShotId":1678,"birdIndex":0,"times":1,"score":0,"totalScore":15310,"finalState":false,"active":false,"unvisitedChildren":75,"miniMaxValue":0.0}
{"stateId":71,"originShotId":1723,"birdIndex":0,"times":1,"score":15160,"totalScore":30470,"finalState":false,"active":false,"unvisitedChildren":32,"miniMaxValue":0.0}
{"stateId":72,"originShotId":1771,"birdIndex":0,"times":1,"score":0,"totalScore":30470,"finalState":true,"active":false,"unvisitedChildren":0,"miniMaxValue":0.0}
{"stateId":73,"originShotId":32,"birdIndex":0,"times":4,"score":25480,"totalScore":25480,"finalState":false,"active":false,"unvisitedChildren":93,"miniMaxValue":40160.0}
{"stateId":74,"originShotId":1801,"birdIndex":0,"times":1,"score":15120,"totalScore":40600,"finalState":false,"active":false,"unvisitedChildren":25,"miniMaxValue":15040.0}
{"stateId":75,"originShotId":1835,"birdIndex":0,"times":1,"score":15040,"totalScore":55640,"finalState":true,"active":false,"unvisitedChildren":0,"miniMaxValue":15040.0}
{"stateId":76,"originShotId":957,"birdIndex":0,"times":1,"score":45390,"totalScore":65640,"finalState":true,"active":false,"unvisitedChildren":0,"miniMaxValue":45390.0}
{"stateId":77,"originShotId":34,"birdIndex":0,"times":2,"score":20160,"totalScore":20160,"finalState":false,"active":false,"unvisitedChildren":92,"miniMaxValue":25340.0}
{"stateId":78,"originShotId":1862,"birdIndex":0,"times":1,"score":10140,"totalScore":30300,"finalState":false,"active":false,"unvisitedChildren":32,"miniMaxValue":25340.0}
{"stateId":79,"originShotId":1894,"birdIndex":0,"times":1,"score":25340,"totalScore":55640,"finalState":true,"active":false,"unvisitedChildren":0,"miniMaxValue":25340.0}
{"stateId":80,"originShotId":316,"birdIndex":0,"times":1,"score":35100,"totalScore":65640,"finalState":true,"active":false,"unvisitedChildren":0,"miniMaxValue":35100.0}
{"stateId":81,"originShotId":20,"birdIndex":0,"times":1,"score":30460,"totalScore":30460,"finalState":false,"active":false,"unvisitedChildren":92,"miniMaxValue":5100.0}
{"stateId":82,"originShotId":1929,"birdIndex":0,"times":1,"score":5040,"totalScore":35500,"finalState":false,"active":false,"unvisitedChildren":58,"miniMaxValue":5100.0}
{"stateId":83,"originShotId":1966,"birdIndex":0,"times":1,"score":5040,"totalScore":40540,"finalState":false,"active":false,"unvisitedChildren":26,"miniMaxValue":5100.0}
{"stateId":84,"originShotId":1995,"birdIndex":0,"times":1,"score":5100,"totalScore":45640,"finalState":true,"active":false,"unvisitedChildren":0,"miniMaxValue":5100.0}
{"stateId":85,"originShotId":18,"birdIndex":0,"times":3,"score":15400,"totalScore":15400,"finalState":false,"active":false,"unvisitedChildren":216,"miniMaxValue":40240.0}
{"stateId":86,"originShotId":2013,"birdIndex":0,"times":1,"score":20160,"totalScore":35560,"finalState":false,"active":false,"unvisitedChildren":60,"miniMaxValue":0.0}
{"stateId":87,"originShotId":2051,"birdIndex":0,"times":1,"score":0,"totalScore":35560,"finalState":false,"active":false,"unvisitedChildren":30,"miniMaxValue":0.0}
{"stateId":88,"originShotId":2082,"birdIndex":0,"times":1,"score":0,"totalScore":35560,"finalState":true,"active":false,"unvisitedChildren":0,"miniMaxValue":0.0}
{"stateId":90,"originShotId":1686,"birdIndex":2,"times":49,"score":50330,"totalScore":65640,"finalState":true,"active":true,"unvisitedChildren":0,"miniMaxValue":50330.0}
{"stateId":91,"originShotId":1529,"birdIndex":0,"times":1,"score":15120,"totalScore":35370,"finalState":false,"active":false,"unvisitedChildren":69,"miniMaxValue":10270.0}
{"stateId":92,"originShotId":2119,"birdIndex":0,"times":1,"score":0,"totalScore":35370,"finalState":false,"active":false,"unvisitedChildren":35,"miniMaxValue":10270.0}
{"stateId":93,"originShotId":2152,"birdIndex":0,"times":1,"score":10270,"totalScore":45640,"finalState":true,"active":false,"unvisitedChildren":0,"miniMaxValue":10270.0}
{"stateId":94,"originShotId":30,"birdIndex":0,"times":1,"score":20380,"totalScore":20380,"finalState":false,"active":false,"unvisitedChildren":144,"miniMaxValue":0.0}
{"stateId":95,"originShotId":2195,"birdIndex":0,"times":1,"score":0,"totalScore":20380,"finalState":false,"active":false,"unvisitedChildren":96,"miniMaxValue":0.0}
{"stateId":96,"originShotId":2244,"birdIndex":0,"times":1,"score":0,"totalScore":20380,"finalState":false,"active":false,"unvisitedChildren":48,"miniMaxValue":0.0}
{"stateId":97,"originShotId":2287,"birdIndex":0,"times":1,"score":0,"totalScore":20380,"finalState":true,"active":false,"unvisitedChildren":0,"miniMaxValue":0.0}
{"stateId":98,"originShotId":1063,"birdIndex":0,"times":1,"score":0,"totalScore":25260,"finalState":false,"active":false,"unvisitedChildren":70,"miniMaxValue":0.0}
{"stateId":99,"originShotId":2339,"birdIndex":0,"times":1,"score":0,"totalScore":25260,"finalState":false,"active":false,"unvisitedChildren":35,"miniMaxValue":0.0}
{"stateId":100,"originShotId":2375,"birdIndex":0,"times":1,"score":0,"totalScore":25260,"finalState":true,"active":false,"unvisitedChildren":0,"miniMaxValue":0.0}
{"stateId":101,"originShotId":1095,"birdIndex":0,"times":1,"score":25340,"totalScore":55640,"finalState":true,"active":false,"unvisitedChildren":0,"miniMaxValue":25340.0}
{"stateId":102,"originShotId":2016,"birdIndex":0,"times":1,"score":0,"totalScore":15400,"finalState":false,"active":false,"unvisitedChildren":98,"miniMaxValue":0.0}
{"stateId":103,"originShotId":2407,"birdIndex":0,"times":1,"score":0,"totalScore":15400,"finalState":false,"active":false,"unvisitedChildren":49,"miniMaxValue":0.0}
{"stateId":104,"originShotId":2459,"birdIndex":0,"times":1,"score":0,"totalScore":15400,"finalState":true,"active":false,"unvisitedChildren":0,"miniMaxValue":0.0}
{"stateId":105,"originShotId":1806,"birdIndex":0,"times":1,"score":10460,"totalScore":35940,"finalState":false,"active":false,"unvisitedChildren":38,"miniMaxValue":20070.0}
{"stateId":106,"originShotId":2513,"birdIndex":0,"times":1,"score":20070,"totalScore":56010,"finalState":true,"active":false,"unvisitedChildren":0,"miniMaxValue":20070.0}
{"stateId":107,"originShotId":314,"birdIndex":0,"times":1,"score":10060,"totalScore":40600,"finalState":false,"active":false,"unvisitedChildren":26,"miniMaxValue":15040.0}
{"stateId":108,"originShotId":2543,"birdIndex":0,"times":1,"score":15040,"totalScore":55640,"finalState":true,"active":false,"unvisitedChildren":0,"miniMaxValue":15040.0}
{"stateId":109,"originShotId":1808,"birdIndex":0,"times":1,"score":40160,"totalScore":65640,"finalState":true,"active":false,"unvisitedChildren":0,"miniMaxValue":40160.0}
{"stateId":110,"originShotId":2014,"birdIndex":0,"times":1,"score":0,"totalScore":15400,"finalState":false,"active":false,"unvisitedChildren":31,"miniMaxValue":40240.0}
{"stateId":111,"originShotId":2564,"birdIndex":0,"times":1,"score":40240,"totalScore":55640,"finalState":true,"active":false,"unvisitedChildren":0,"miniMaxValue":40240.0}
{"stateId":112,"originShotId":1803,"birdIndex":0,"times":1,"score":40160,"totalScore":65640,"finalState":true,"active":false,"unvisitedChildren":0,"miniMaxValue":40160.0}
{"stateId":113,"originShotId":1348,"birdIndex":0,"times":1,"score":0,"totalScore":30300,"finalState":false,"active":false,"unvisitedChildren":52,"miniMaxValue":10300.0}
{"stateId":114,"originShotId":2597,"birdIndex":0,"times":1,"score":5040,"totalScore":35340,"finalState":false,"active":false,"unvisitedChildren":31,"miniMaxValue":10300.0}
{"stateId":115,"originShotId":2627,"birdIndex":0,"times":1,"score":10300,"totalScore":45640,"finalState":true,"active":false,"unvisitedChildren":0,"miniMaxValue":10300.0}
{"stateId":116,"originShotId":1859,"birdIndex":0,"times":1,"score":15220,"totalScore":35380,"finalState":false,"active":false,"unvisitedChildren":30,"miniMaxValue":20260.0}
{"stateId":117,"originShotId":2654,"birdIndex":0,"times":1,"score":20260,"totalScore":55640,"finalState":true,"active":false,"unvisitedChildren":0,"miniMaxValue":20260.0}
