{"stateId":1,"originShotId":-1,"birdIndex":0,"times":0,"score":0,"totalScore":0,"finalState":false,"active":false,"unvisitedChildren":3087,"miniMaxValue":0.0}
{"stateId":17,"originShotId":26,"birdIndex":0,"times":13,"score":1540,"totalScore":1540,"finalState":false,"active":false,"unvisitedChildren":160,"miniMaxValue":6480.0}
{"stateId":18,"originShotId":390,"birdIndex":0,"times":1,"score":2010,"totalScore":3550,"finalState":false,"active":false,"unvisitedChildren":33,"miniMaxValue":5840.0}
{"stateId":19,"originShotId":427,"birdIndex":0,"times":1,"score":1090,"totalScore":4640,"finalState":false,"active":false,"unvisitedChildren":16,"miniMaxValue":5840.0}
{"stateId":20,"originShotId":431,"birdIndex":0,"times":1,"score":5840,"totalScore":10480,"finalState":true,"active":false,"unvisitedChildren":0,"miniMaxValue":5840.0}
{"stateId":21,"originShotId":27,"birdIndex":0,"times":18,"score":1660,"totalScore":1660,"finalState":false,"active":false,"unvisitedChildren":160,"miniMaxValue":6830.0}
{"stateId":22,"originShotId":453,"birdIndex":0,"times":3,"score":1070,"totalScore":2730,"finalState":false,"active":false,"unvisitedChildren":46,"miniMaxValue":6710.0}
{"stateId":23,"originShotId":489,"birdIndex":0,"times":3,"score":1090,"totalScore":3820,"finalState":false,"active":false,"unvisitedChildren":22,"miniMaxValue":6710.0}
{"stateId":24,"originShotId":498,"birdIndex":0,"times":1,"score":0,"totalScore":4520,"finalState":true,"active":false,"unvisitedChildren":0,"miniMaxValue":0.0}
{"stateId":35,"originShotId":31,"birdIndex":0,"times":17,"score":1520,"totalScore":1520,"finalState":false,"active":false,"unvisitedChildren":160,"miniMaxValue":7220.0}
{"stateId":36,"originShotId":793,"birdIndex":0,"times":5,"score":1630,"totalScore":3150,"finalState":false,"active":false,"unvisitedChildren":45,"miniMaxValue":0.0}
{"stateId":37,"originShotId":819,"birdIndex":0,"times":5,"score":2340,"totalScore":5490,"finalState":false,"active":false,"unvisitedChildren":19,"miniMaxValue":0.0}
{"stateId":38,"originShotId":828,"birdIndex":0,"times":1,"score":0,"totalScore":6610,"finalState":true,"active":false,"unvisitedChildren":0,"miniMaxValue":0.0}
{"stateId":39,"originShotId":24,"birdIndex":0,"times":48,"score":1530,"totalScore":1530,"finalState":false,"active":false,"unvisitedChildren":115,"miniMaxValue":26570.0}
{"stateId":40,"originShotId":855,"birdIndex":0,"times":43,"score":26570,"totalScore":28100,"finalState":true,"active":false,"unvisitedChildren":0,"miniMaxValue":26570.0}
{"stateId":41,"originShotId":25,"birdIndex":0,"times":3,"score":1780,"totalScore":1780,"finalState":false,"active":false,"unvisitedChildren":137,"miniMaxValue":26040.0}
{"stateId":42,"originShotId":892,"birdIndex":0,"times":1,"score":26040,"totalScore":27770,"finalState":true,"active":false,"unvisitedChildren":0,"miniMaxValue":26040.0}
{"stateId":43,"originShotId":28,"birdIndex":0,"times":2,"score":1510,"totalScore":1510,"finalState":false,"active":false,"unvisitedChildren":68,"miniMaxValue":26420.0}
{"stateId":44,"originShotId":908,"birdIndex":0,"times":1,"score":26420,"totalScore":27930,"finalState":true,"active":false,"unvisitedChildren":0,"miniMaxValue":26420.0}
{"stateId":56,"originShotId":18,"birdIndex":0,"times":2,"score":3280,"totalScore":3280,"finalState":false,"active":false,"unvisitedChildren":105,"miniMaxValue":0.0}
{"stateId":57,"originShotId":1253,"birdIndex":0,"times":1,"score":1200,"totalScore":4480,"finalState":false,"active":false,"unvisitedChildren":45,"miniMaxValue":0.0}
{"stateId":58,"originShotId":1283,"birdIndex":0,"times":1,"score":1410,"totalScore":5890,"finalState":false,"active":false,"unvisitedChildren":26,"miniMaxValue":0.0}
{"stateId":59,"originShotId":1310,"birdIndex":0,"times":1,"score":0,"totalScore":7290,"finalState":true,"active":false,"unvisitedChildren":0,"miniMaxValue":0.0}
{"stateId":60,"originShotId":19,"birdIndex":0,"times":2,"score":1780,"totalScore":1780,"finalState":false,"active":false,"unvisitedChildren":89,"miniMaxValue":25880.0}
{"stateId":61,"originShotId":1337,"birdIndex":0,"times":1,"score":25880,"totalScore":27660,"finalState":true,"active":false,"unvisitedChildren":0,"miniMaxValue":25880.0}
{"stateId":62,"originShotId":1,"birdIndex":0,"times":2,"score":2140,"totalScore":2140,"finalState":false,"active":false,"unvisitedChildren":116,"miniMaxValue":16840.0}
{"stateId":63,"originShotId":1393,"birdIndex":0,"times":1,"score":1260,"totalScore":3400,"finalState":false,"active":false,"unvisitedChildren":19,"miniMaxValue":16840.0}
{"stateId":64,"originShotId":1403,"birdIndex":0,"times":1,"score":16840,"totalScore":20240,"finalState":true,"active":false,"unvisitedChildren":0,"miniMaxValue":16840.0}
{"stateId":69,"originShotId":3,"birdIndex":0,"times":2,"score":2350,"totalScore":2350,"finalState":false,"active":false,"unvisitedChildren":128,"miniMaxValue":18400.0}
{"stateId":70,"originShotId":1570,"birdIndex":0,"times":1,"score":1120,"totalScore":3470,"finalState":false,"active":false,"unvisitedChildren":20,"miniMaxValue":18400.0}
{"stateId":71,"originShotId":1581,"birdIndex":0,"times":1,"score":18400,"totalScore":21870,"finalState":true,"active":false,"unvisitedChildren":0,"miniMaxValue":18400.0}
{"stateId":72,"originShotId":16,"birdIndex":0,"times":2,"score":2600,"totalScore":2600,"finalState":false,"active":false,"unvisitedChildren":95,"miniMaxValue":6390.0}
{"stateId":73,"originShotId":1598,"birdIndex":0,"times":1,"score":1630,"totalScore":4230,"finalState":false,"active":false,"unvisitedChildren":43,"miniMaxValue":0.0}
{"stateId":74,"originShotId":1628,"birdIndex":0,"times":1,"score":1060,"totalScore":5290,"finalState":false,"active":false,"unvisitedChildren":23,"miniMaxValue":0.0}
{"stateId":75,"originShotId":1632,"birdIndex":0,"times":1,"score":0,"totalScore":6430,"finalState":true,"active":false,"unvisitedChildren":0,"miniMaxValue":0.0}
{"stateId":84,"originShotId":5,"birdIndex":0,"times":2,"score":2120,"totalScore":2120,"finalState":false,"active":false,"unvisitedChildren":140,"miniMaxValue":7010.0}
{"stateId":85,"originShotId":1901,"birdIndex":0,"times":1,"score":1090,"totalScore":3210,"finalState":false,"active":false,"unvisitedChildren":59,"miniMaxValue":7010.0}
{"stateId":86,"originShotId":1922,"birdIndex":0,"times":1,"score":1200,"totalScore":4410,"finalState":false,"active":false,"unvisitedChildren":25,"miniMaxValue":7010.0}
{"stateId":87,"originShotId":1962,"birdIndex":0,"times":1,"score":7010,"totalScore":11420,"finalState":true,"active":false,"unvisitedChildren":0,"miniMaxValue":7010.0}
{"stateId":88,"originShotId":14,"birdIndex":0,"times":2,"score":2290,"totalScore":2290,"finalState":false,"active":false,"unvisitedChildren":124,"miniMaxValue":6410.0}
{"stateId":89,"originShotId":1986,"birdIndex":0,"times":1,"score":1060,"totalScore":3350,"finalState":false,"active":false,"unvisitedChildren":46,"miniMaxValue":0.0}
{"stateId":90,"originShotId":2018,"birdIndex":0,"times":1,"score":1140,"totalScore":4490,"finalState":false,"active":false,"unvisitedChildren":18,"miniMaxValue":0.0}
{"stateId":91,"originShotId":2026,"birdIndex":0,"times":1,"score":0,"totalScore":5350,"finalState":true,"active":false,"unvisitedChildren":0,"miniMaxValue":0.0}
{"stateId":100,"originShotId":7,"birdIndex":0,"times":2,"score":2070,"totalScore":2070,"finalState":false,"active":false,"unvisitedChildren":117,"miniMaxValue":17090.0}
{"stateId":101,"originShotId":2278,"birdIndex":0,"times":1,"score":1300,"totalScore":3370,"finalState":false,"active":false,"unvisitedChildren":32,"miniMaxValue":17090.0}
{"stateId":102,"originShotId":2312,"birdIndex":0,"times":1,"score":17090,"totalScore":20460,"finalState":true,"active":false,"unvisitedChildren":0,"miniMaxValue":17090.0}
{"stateId":103,"originShotId":20,"birdIndex":0,"times":2,"score":1930,"totalScore":1930,"finalState":false,"active":false,"unvisitedChildren":156,"miniMaxValue":0.0}
{"stateId":104,"originShotId":2349,"birdIndex":0,"times":1,"score":1970,"totalScore":3900,"finalState":false,"active":false,"unvisitedChildren":47,"miniMaxValue":0.0}
{"stateId":105,"originShotId":2368,"birdIndex":0,"times":1,"score":1120,"totalScore":5020,"finalState":false,"active":false,"unvisitedChildren":25,"miniMaxValue":0.0}
{"stateId":106,"originShotId":2397,"birdIndex":0,"times":1,"score":0,"totalScore":6700,"finalState":true,"active":false,"unvisitedChildren":0,"miniMaxValue":0.0}
{"stateId":125,"originShotId":10,"birdIndex":0,"times":2,"score":1690,"totalScore":1690,"finalState":false,"active":false,"unvisitedChildren":127,"miniMaxValue":6520.0}
{"stateId":126,"originShotId":2887,"birdIndex":0,"times":1,"score":1920,"totalScore":3610,"finalState":false,"active":false,"unvisitedChildren":55,"miniMaxValue":6520.0}
{"stateId":127,"originShotId":2932,"birdIndex":0,"times":1,"score":820,"totalScore":4430,"finalState":false,"active":false,"unvisitedChildren":28,"miniMaxValue":6520.0}
{"stateId":128,"originShotId":2944,"birdIndex":0,"times":1,"score":6520,"totalScore":10950,"finalState":true,"active":false,"unvisitedChildren":0,"miniMaxValue":6520.0}
{"stateId":129,"originShotId":11,"birdIndex":0,"times":2,"score":2080,"totalScore":2080,"finalState":false,"active":false,"unvisitedChildren":103,"miniMaxValue":16570.0}
{"stateId":130,"originShotId":2998,"birdIndex":0,"times":1,"score":2360,"totalScore":4440,"finalState":false,"active":false,"unvisitedChildren":29,"miniMaxValue":16570.0}
{"stateId":131,"originShotId":3027,"birdIndex":0,"times":1,"score":16570,"totalScore":21010,"finalState":true,"active":false,"unvisitedChildren":0,"miniMaxValue":16570.0}
{"stateId":145,"originShotId":387,"birdIndex":0,"times":1,"score":2800,"totalScore":4340,"finalState":false,"active":false,"unvisitedChildren":34,"miniMaxValue":5770.0}
{"stateId":146,"originShotId":3315,"birdIndex":0,"times":1,"score":1060,"totalScore":5400,"finalState":false,"active":false,"unvisitedChildren":18,"miniMaxValue":5770.0}
{"stateId":147,"originShotId":3320,"birdIndex":0,"times":1,"score":5770,"totalScore":11170,"finalState":true,"active":false,"unvisitedChildren":0,"miniMaxValue":5770.0}
{"stateId":148,"originShotId":454,"birdIndex":0,"times":1,"score":1090,"totalScore":2750,"finalState":false,"active":false,"unvisitedChildren":46,"miniMaxValue":0.0}
{"stateId":149,"originShotId":3353,"birdIndex":0,"times":1,"score":1090,"totalScore":3840,"finalState":false,"active":false,"unvisitedChildren":23,"miniMaxValue":0.0}
{"stateId":150,"originShotId":3363,"birdIndex":0,"times":1,"score":0,"totalScore":4940,"finalState":true,"active":false,"unvisitedChildren":0,"miniMaxValue":0.0}
{"stateId":157,"originShotId":794,"birdIndex":0,"times":11,"score":1690,"totalScore":3210,"finalState":false,"active":false,"unvisitedChildren":45,"miniMaxValue":7220.0}
{"stateId":158,"originShotId":3468,"birdIndex":0,"times":11,"score":1140,"totalScore":4350,"finalState":false,"active":false,"unvisitedChildren":12,"miniMaxValue":7220.0}
{"stateId":159,"originShotId":3502,"birdIndex":0,"times":1,"score":0,"totalScore":5400,"finalState":true,"active":false,"unvisitedChildren":0,"miniMaxValue":0.0}
{"stateId":160,"originShotId":856,"birdIndex":0,"times":1,"score":1070,"totalScore":2600,"finalState":false,"active":false,"unvisitedChildren":38,"miniMaxValue":0.0}
{"stateId":161,"originShotId":3537,"birdIndex":0,"times":1,"score":1020,"totalScore":3620,"finalState":false,"active":false,"unvisitedChildren":19,"miniMaxValue":0.0}
{"stateId":162,"originShotId":3545,"birdIndex":0,"times":1,"score":0,"totalScore":5200,"finalState":true,"active":false,"unvisitedChildren":0,"miniMaxValue":0.0}
{"stateId":163,"originShotId":893,"birdIndex":0,"times":1,"score":2790,"totalScore":4570,"finalState":false,"active":false,"unvisitedChildren":46,"miniMaxValue":0.0}
{"stateId":164,"originShotId":3565,"birdIndex":0,"times":1,"score":1390,"totalScore":5960,"finalState":false,"active":false,"unvisitedChildren":22,"miniMaxValue":0.0}
{"stateId":165,"originShotId":3591,"birdIndex":0,"times":1,"score":0,"totalScore":6400,"finalState":true,"active":false,"unvisitedChildren":0,"miniMaxValue":0.0}
{"stateId":166,"originShotId":940,"birdIndex":0,"times":1,"score":2090,"totalScore":3600,"finalState":false,"active":false,"unvisitedChildren":28,"miniMaxValue":16260.0}
{"stateId":167,"originShotId":3613,"birdIndex":0,"times":1,"score":16260,"totalScore":19860,"finalState":true,"active":false,"unvisitedChildren":0,"miniMaxValue":16260.0}
{"stateId":175,"originShotId":1247,"birdIndex":0,"times":1,"score":770,"totalScore":4050,"finalState":false,"active":false,"unvisitedChildren":33,"miniMaxValue":0.0}
{"stateId":176,"originShotId":3740,"birdIndex":0,"times":1,"score":1100,"totalScore":5150,"finalState":false,"active":false,"unvisitedChildren":19,"miniMaxValue":0.0}
{"stateId":177,"originShotId":3771,"birdIndex":0,"times":1,"score":0,"totalScore":5150,"finalState":true,"active":false,"unvisitedChildren":0,"miniMaxValue":0.0}
{"stateId":178,"originShotId":1338,"birdIndex":0,"times":1,"score":1420,"totalScore":3200,"finalState":false,"active":false,"unvisitedChildren":51,"miniMaxValue":0.0}
{"stateId":179,"originShotId":3776,"birdIndex":0,"times":1,"score":1190,"totalScore":4390,"finalState":false,"active":false,"unvisitedChildren":27,"miniMaxValue":0.0}
{"stateId":180,"originShotId":3802,"birdIndex":0,"times":1,"score":0,"totalScore":4830,"finalState":true,"active":false,"unvisitedChildren":0,"miniMaxValue":0.0}
{"stateId":181,"originShotId":1389,"birdIndex":0,"times":1,"score":0,"totalScore":2140,"finalState":false,"active":false,"unvisitedChildren":56,"miniMaxValue":0.0}
{"stateId":182,"originShotId":3852,"birdIndex":0,"times":1,"score":0,"totalScore":2140,"finalState":false,"active":false,"unvisitedChildren":28,"miniMaxValue":0.0}
{"stateId":183,"originShotId":3881,"birdIndex":0,"times":1,"score":0,"totalScore":2140,"finalState":true,"active":false,"unvisitedChildren":0,"miniMaxValue":0.0}
{"stateId":184,"originShotId":1564,"birdIndex":0,"times":1,"score":0,"totalScore":2350,"finalState":false,"active":false,"unvisitedChildren":65,"miniMaxValue":8400.0}
{"stateId":185,"originShotId":3929,"birdIndex":0,"times":1,"score":1120,"totalScore":3470,"finalState":false,"active":false,"unvisitedChildren":20,"miniMaxValue":8400.0}
{"stateId":186,"originShotId":3939,"birdIndex":0,"times":1,"score":8400,"totalScore":11870,"finalState":true,"active":false,"unvisitedChildren":0,"miniMaxValue":8400.0}
{"stateId":187,"originShotId":1607,"birdIndex":0,"times":1,"score":1060,"totalScore":3660,"finalState":false,"active":false,"unvisitedChildren":37,"miniMaxValue":6390.0}
{"stateId":188,"originShotId":3970,"birdIndex":0,"times":1,"score":1070,"totalScore":4730,"finalState":false,"active":false,"unvisitedChildren":18,"miniMaxValue":6390.0}
{"stateId":189,"originShotId":3974,"birdIndex":0,"times":1,"score":6390,"totalScore":11120,"finalState":true,"active":false,"unvisitedChildren":0,"miniMaxValue":6390.0}
{"stateId":193,"originShotId":1902,"birdIndex":0,"times":1,"score":1000,"totalScore":3120,"finalState":false,"active":false,"unvisitedChildren":52,"miniMaxValue":0.0}
{"stateId":194,"originShotId":4066,"birdIndex":0,"times":1,"score":1910,"totalScore":5030,"finalState":false,"active":false,"unvisitedChildren":21,"miniMaxValue":0.0}
{"stateId":195,"originShotId":4076,"birdIndex":0,"times":1,"score":0,"totalScore":5030,"finalState":true,"active":false,"unvisitedChildren":0,"miniMaxValue":0.0}
{"stateId":196,"originShotId":1987,"birdIndex":0,"times":1,"score":990,"totalScore":3280,"finalState":false,"active":false,"unvisitedChildren":49,"miniMaxValue":6410.0}
{"stateId":197,"originShotId":4098,"birdIndex":0,"times":1,"score":720,"totalScore":4000,"finalState":false,"active":false,"unvisitedChildren":23,"miniMaxValue":6410.0}
{"stateId":198,"originShotId":4126,"birdIndex":0,"times":1,"score":6410,"totalScore":10410,"finalState":true,"active":false,"unvisitedChildren":0,"miniMaxValue":6410.0}
{"stateId":201,"originShotId":2279,"birdIndex":0,"times":1,"score":1000,"totalScore":3070,"finalState":false,"active":false,"unvisitedChildren":59,"miniMaxValue":0.0}
{"stateId":202,"originShotId":4207,"birdIndex":0,"times":1,"score":1160,"totalScore":4230,"finalState":false,"active":false,"unvisitedChildren":29,"miniMaxValue":0.0}
{"stateId":203,"originShotId":4233,"birdIndex":0,"times":1,"score":0,"totalScore":5430,"finalState":true,"active":false,"unvisitedChildren":0,"miniMaxValue":0.0}
{"stateId":204,"originShotId":2343,"birdIndex":0,"times":1,"score":780,"totalScore":2710,"finalState":false,"active":false,"unvisitedChildren":60,"miniMaxValue":0.0}
{"stateId":205,"originShotId":4242,"birdIndex":0,"times":1,"score":1150,"totalScore":3860,"finalState":false,"active":false,"unvisitedChildren":28,"miniMaxValue":0.0}
{"stateId":206,"originShotId":4282,"birdIndex":0,"times":1,"score":0,"totalScore":4950,"finalState":true,"active":false,"unvisitedChildren":0,"miniMaxValue":0.0}
{"stateId":216,"originShotId":2903,"birdIndex":0,"times":1,"score":740,"totalScore":2430,"finalState":false,"active":false,"unvisitedChildren":55,"miniMaxValue":0.0}
{"stateId":217,"originShotId":4474,"birdIndex":0,"times":1,"score":1670,"totalScore":4100,"finalState":false,"active":false,"unvisitedChildren":24,"miniMaxValue":0.0}
{"stateId":218,"originShotId":4483,"birdIndex":0,"times":1,"score":0,"totalScore":5220,"finalState":true,"active":false,"unvisitedChildren":0,"miniMaxValue":0.0}
{"stateId":219,"originShotId":2992,"birdIndex":0,"times":1,"score":2120,"totalScore":4200,"finalState":false,"active":false,"unvisitedChildren":39,"miniMaxValue":16390.0}
{"stateId":220,"originShotId":4544,"birdIndex":0,"times":1,"score":16390,"totalScore":20590,"finalState":true,"active":false,"unvisitedChildren":0,"miniMaxValue":16390.0}
{"stateId":228,"originShotId":399,"birdIndex":0,"times":11,"score":1120,"totalScore":2660,"finalState":false,"active":false,"unvisitedChildren":51,"miniMaxValue":6480.0}
{"stateId":229,"originShotId":4669,"birdIndex":0,"times":11,"score":670,"totalScore":3330,"finalState":false,"active":false,"unvisitedChildren":20,"miniMaxValue":6480.0}
{"stateId":230,"originShotId":4681,"birdIndex":0,"times":1,"score":0,"totalScore":4040,"finalState":true,"active":false,"unvisitedChildren":0,"miniMaxValue":0.0}
{"stateId":231,"originShotId":455,"birdIndex":0,"times":14,"score":590,"totalScore":2250,"finalState":false,"active":false,"unvisitedChildren":46,"miniMaxValue":6830.0}
{"stateId":232,"originShotId":4728,"birdIndex":0,"times":14,"score":1090,"totalScore":3340,"finalState":false,"active":false,"unvisitedChildren":18,"miniMaxValue":6830.0}
{"stateId":233,"originShotId":4741,"birdIndex":0,"times":1,"score":0,"totalScore":4460,"finalState":true,"active":false,"unvisitedChildren":0,"miniMaxValue":0.0}
{"stateId":241,"originShotId":787,"birdIndex":0,"times":1,"score":2750,"totalScore":4270,"finalState":false,"active":false,"unvisitedChildren":39,"miniMaxValue":0.0}
{"stateId":242,"originShotId":4887,"birdIndex":0,"times":1,"score":1110,"totalScore":5380,"finalState":false,"active":false,"unvisitedChildren":22,"miniMaxValue":0.0}
{"stateId":243,"originShotId":4912,"birdIndex":0,"times":1,"score":0,"totalScore":5380,"finalState":true,"active":false,"unvisitedChildren":0,"miniMaxValue":0.0}
{"stateId":244,"originShotId":865,"birdIndex":0,"times":1,"score":1020,"totalScore":2550,"finalState":false,"active":false,"unvisitedChildren":64,"miniMaxValue":0.0}
{"stateId":245,"originShotId":4950,"birdIndex":0,"times":1,"score":1070,"totalScore":3620,"finalState":false,"active":false,"unvisitedChildren":33,"miniMaxValue":0.0}
{"stateId":246,"originShotId":4987,"birdIndex":0,"times":1,"score":0,"totalScore":4740,"finalState":true,"active":false,"unvisitedChildren":0,"miniMaxValue":0.0}
{"stateId":247,"originShotId":886,"birdIndex":0,"times":1,"score":1620,"totalScore":3400,"finalState":false,"active":false,"unvisitedChildren":54,"miniMaxValue":0.0}
{"stateId":248,"originShotId":4994,"birdIndex":0,"times":1,"score":1200,"totalScore":4600,"finalState":false,"active":false,"unvisitedChildren":24,"miniMaxValue":0.0}
{"stateId":249,"originShotId":5031,"birdIndex":0,"times":1,"score":0,"totalScore":5710,"finalState":true,"active":false,"unvisitedChildren":0,"miniMaxValue":0.0}
{"stateId":262,"originShotId":4740,"birdIndex":0,"times":1,"score":6700,"totalScore":10040,"finalState":true,"active":false,"unvisitedChildren":0,"miniMaxValue":6700.0}
{"stateId":264,"originShotId":3503,"birdIndex":0,"times":1,"score":6910,"totalScore":11260,"finalState":true,"active":false,"unvisitedChildren":0,"miniMaxValue":6910.0}
{"stateId":265,"originShotId":4760,"birdIndex":0,"times":1,"score":6030,"totalScore":9370,"finalState":true,"active":false,"unvisitedChildren":0,"miniMaxValue":6030.0}
{"stateId":267,"originShotId":3500,"birdIndex":0,"times":1,"score":6570,"totalScore":10680,"finalState":true,"active":false,"unvisitedChildren":0,"miniMaxValue":6570.0}
{"stateId":268,"originShotId":4761,"birdIndex":0,"times":1,"score":0,"totalScore":4450,"finalState":true,"active":false,"unvisitedChildren":0,"miniMaxValue":0.0}
{"stateId":270,"originShotId":3501,"birdIndex":0,"times":1,"score":0,"totalScore":5390,"finalState":true,"active":false,"unvisitedChildren":0,"miniMaxValue":0.0}
{"stateId":271,"originShotId":4758,"birdIndex":0,"times":1,"score":6260,"totalScore":9600,"finalState":true,"active":false,"unvisitedChildren":0,"miniMaxValue":6260.0}
{"stateId":273,"originShotId":3506,"birdIndex":0,"times":1,"score":0,"totalScore":4110,"finalState":true,"active":false,"unvisitedChildren":0,"miniMaxValue":0.0}
{"stateId":274,"originShotId":4759,"birdIndex":0,"times":1,"score":0,"totalScore":4450,"finalState":true,"active":false,"unvisitedChildren":0,"miniMaxValue":0.0}
{"stateId":276,"originShotId":4682,"birdIndex":0,"times":1,"score":0,"totalScore":3330,"finalState":true,"active":false,"unvisitedChildren":0,"miniMaxValue":0.0}
{"stateId":278,"originShotId":3518,"birdIndex":0,"times":1,"score":7220,"totalScore":11570,"finalState":true,"active":false,"unvisitedChildren":0,"miniMaxValue":7220.0}
{"stateId":279,"originShotId":4744,"birdIndex":0,"times":1,"score":6530,"totalScore":9870,"finalState":true,"active":false,"unvisitedChildren":0,"miniMaxValue":6530.0}
{"stateId":281,"originShotId":4685,"birdIndex":0,"times":1,"score":0,"totalScore":3330,"finalState":true,"active":false,"unvisitedChildren":0,"miniMaxValue":0.0}
{"stateId":283,"originShotId":3519,"birdIndex":0,"times":1,"score":0,"totalScore":4350,"finalState":true,"active":false,"unvisitedChildren":0,"miniMaxValue":0.0}
{"stateId":284,"originShotId":4745,"birdIndex":0,"times":1,"score":0,"totalScore":4270,"finalState":true,"active":false,"unvisitedChildren":0,"miniMaxValue":0.0}
{"stateId":286,"originShotId":4686,"birdIndex":0,"times":1,"score":0,"totalScore":4200,"finalState":true,"active":false,"unvisitedChildren":0,"miniMaxValue":0.0}
{"stateId":288,"originShotId":829,"birdIndex":0,"times":1,"score":0,"totalScore":5490,"finalState":true,"active":false,"unvisitedChildren":0,"miniMaxValue":0.0}
{"stateId":289,"originShotId":4754,"birdIndex":0,"times":1,"score":6370,"totalScore":9710,"finalState":true,"active":false,"unvisitedChildren":0,"miniMaxValue":6370.0}
{"stateId":291,"originShotId":4701,"birdIndex":0,"times":1,"score":0,"totalScore":3330,"finalState":true,"active":false,"unvisitedChildren":0,"miniMaxValue":0.0}
{"stateId":293,"originShotId":3507,"birdIndex":0,"times":1,"score":0,"totalScore":4350,"finalState":true,"active":false,"unvisitedChildren":0,"miniMaxValue":0.0}
{"stateId":294,"originShotId":4755,"birdIndex":0,"times":1,"score":0,"totalScore":4450,"finalState":true,"active":false,"unvisitedChildren":0,"miniMaxValue":0.0}
{"stateId":296,"originShotId":4702,"birdIndex":0,"times":1,"score":0,"totalScore":3330,"finalState":true,"active":false,"unvisitedChildren":0,"miniMaxValue":0.0}
{"stateId":298,"originShotId":832,"birdIndex":0,"times":1,"score":0,"totalScore":5490,"finalState":true,"active":false,"unvisitedChildren":0,"miniMaxValue":0.0}
{"stateId":299,"originShotId":4739,"birdIndex":0,"times":1,"score":0,"totalScore":-1,"finalState":true,"active":false,"unvisitedChildren":0,"miniMaxValue":0.0}
{"stateId":301,"originShotId":4679,"birdIndex":0,"times":1,"score":0,"totalScore":4430,"finalState":true,"active":false,"unvisitedChildren":0,"miniMaxValue":0.0}
{"stateId":303,"originShotId":3504,"birdIndex":0,"times":1,"score":6570,"totalScore":10680,"finalState":true,"active":false,"unvisitedChildren":0,"miniMaxValue":6570.0}
{"stateId":304,"originShotId":4746,"birdIndex":0,"times":1,"score":5960,"totalScore":9300,"finalState":true,"active":false,"unvisitedChildren":0,"miniMaxValue":5960.0}
{"stateId":306,"originShotId":4680,"birdIndex":0,"times":1,"score":6480,"totalScore":9810,"finalState":true,"active":false,"unvisitedChildren":0,"miniMaxValue":6480.0}
{"stateId":308,"originShotId":833,"birdIndex":0,"times":1,"score":0,"totalScore":5490,"finalState":true,"active":false,"unvisitedChildren":0,"miniMaxValue":0.0}
{"stateId":309,"originShotId":497,"birdIndex":0,"times":1,"score":6710,"totalScore":10530,"finalState":true,"active":false,"unvisitedChildren":0,"miniMaxValue":6710.0}
{"stateId":311,"originShotId":4699,"birdIndex":0,"times":1,"score":6410,"totalScore":9740,"finalState":true,"active":false,"unvisitedChildren":0,"miniMaxValue":6410.0}
{"stateId":313,"originShotId":3505,"birdIndex":0,"times":1,"score":6650,"totalScore":10750,"finalState":true,"active":false,"unvisitedChildren":0,"miniMaxValue":6650.0}
{"stateId":314,"originShotId":4747,"birdIndex":0,"times":1,"score":0,"totalScore":3930,"finalState":true,"active":false,"unvisitedChildren":0,"miniMaxValue":0.0}
{"stateId":316,"originShotId":4700,"birdIndex":0,"times":1,"score":0,"totalScore":4550,"finalState":true,"active":false,"unvisitedChildren":0,"miniMaxValue":0.0}
{"stateId":318,"originShotId":826,"birdIndex":0,"times":1,"score":0,"totalScore":5490,"finalState":true,"active":false,"unvisitedChildren":0,"miniMaxValue":0.0}
{"stateId":319,"originShotId":514,"birdIndex":0,"times":1,"score":0,"totalScore":3820,"finalState":true,"active":false,"unvisitedChildren":0,"miniMaxValue":0.0}
{"stateId":321,"originShotId":4687,"birdIndex":0,"times":1,"score":6130,"totalScore":9460,"finalState":true,"active":false,"unvisitedChildren":0,"miniMaxValue":6130.0}
{"stateId":323,"originShotId":3516,"birdIndex":0,"times":1,"score":6670,"totalScore":11020,"finalState":true,"active":false,"unvisitedChildren":0,"miniMaxValue":6670.0}
{"stateId":324,"originShotId":4756,"birdIndex":0,"times":1,"score":6830,"totalScore":10170,"finalState":true,"active":false,"unvisitedChildren":0,"miniMaxValue":6830.0}
{"stateId":329,"originShotId":5050,"birdIndex":0,"times":1,"score":1020,"totalScore":1020,"finalState":false,"active":false,"unvisitedChildren":58,"miniMaxValue":19030.0}
{"stateId":330,"originShotId":5186,"birdIndex":0,"times":1,"score":3370,"totalScore":4390,"finalState":false,"active":false,"unvisitedChildren":18,"miniMaxValue":19030.0}
{"stateId":331,"originShotId":5219,"birdIndex":0,"times":1,"score":19030,"totalScore":23420,"finalState":true,"active":false,"unvisitedChildren":0,"miniMaxValue":19030.0}
{"stateId":332,"originShotId":36,"birdIndex":0,"times":1,"score":1150,"totalScore":1150,"finalState":false,"active":false,"unvisitedChildren":62,"miniMaxValue":19560.0}
{"stateId":333,"originShotId":5245,"birdIndex":0,"times":1,"score":2800,"totalScore":3950,"finalState":false,"active":false,"unvisitedChildren":23,"miniMaxValue":19560.0}
{"stateId":334,"originShotId":5281,"birdIndex":0,"times":1,"score":19560,"totalScore":23510,"finalState":true,"active":false,"unvisitedChildren":0,"miniMaxValue":19560.0}
{"stateId":335,"originShotId":37,"birdIndex":0,"times":1,"score":1460,"totalScore":1460,"finalState":false,"active":false,"unvisitedChildren":82,"miniMaxValue":0.0}
{"stateId":336,"originShotId":5313,"birdIndex":0,"times":1,"score":2070,"totalScore":3530,"finalState":false,"active":false,"unvisitedChildren":46,"miniMaxValue":0.0}
{"stateId":337,"originShotId":5348,"birdIndex":0,"times":1,"score":1650,"totalScore":5180,"finalState":false,"active":false,"unvisitedChildren":19,"miniMaxValue":0.0}
{"stateId":338,"originShotId":5351,"birdIndex":0,"times":1,"score":0,"totalScore":5180,"finalState":true,"active":false,"unvisitedChildren":0,"miniMaxValue":0.0}
{"stateId":339,"originShotId":34,"birdIndex":0,"times":1,"score":1230,"totalScore":1230,"finalState":false,"active":false,"unvisitedChildren":83,"miniMaxValue":0.0}
{"stateId":340,"originShotId":5408,"birdIndex":0,"times":1,"score":1680,"totalScore":2910,"finalState":false,"active":false,"unvisitedChildren":43,"miniMaxValue":0.0}
{"stateId":341,"originShotId":5428,"birdIndex":0,"times":1,"score":1170,"totalScore":4080,"finalState":false,"active":false,"unvisitedChildren":21,"miniMaxValue":0.0}
{"stateId":342,"originShotId":5452,"birdIndex":0,"times":1,"score":0,"totalScore":4080,"finalState":true,"active":false,"unvisitedChildren":0,"miniMaxValue":0.0}
{"stateId":343,"originShotId":35,"birdIndex":0,"times":1,"score":1450,"totalScore":1450,"finalState":false,"active":false,"unvisitedChildren":83,"miniMaxValue":0.0}
{"stateId":344,"originShotId":5484,"birdIndex":0,"times":1,"score":1510,"totalScore":2960,"finalState":false,"active":false,"unvisitedChildren":50,"miniMaxValue":0.0}
{"stateId":345,"originShotId":5511,"birdIndex":0,"times":1,"score":1810,"totalScore":4770,"finalState":false,"active":false,"unvisitedChildren":22,"miniMaxValue":0.0}
{"stateId":346,"originShotId":5520,"birdIndex":0,"times":1,"score":0,"totalScore":4770,"finalState":true,"active":false,"unvisitedChildren":0,"miniMaxValue":0.0}
{"stateId":347,"originShotId":32,"birdIndex":0,"times":1,"score":1160,"totalScore":1160,"finalState":false,"active":false,"unvisitedChildren":41,"miniMaxValue":26580.0}
{"stateId":348,"originShotId":5581,"birdIndex":0,"times":1,"score":26580,"totalScore":27740,"finalState":true,"active":false,"unvisitedChildren":0,"miniMaxValue":26580.0}
{"stateId":349,"originShotId":33,"birdIndex":0,"times":1,"score":1040,"totalScore":1040,"finalState":false,"active":false,"unvisitedChildren":80,"miniMaxValue":0.0}
{"stateId":350,"originShotId":5617,"birdIndex":0,"times":1,"score":2480,"totalScore":3520,"finalState":false,"active":false,"unvisitedChildren":41,"miniMaxValue":0.0}
{"stateId":351,"originShotId":5644,"birdIndex":0,"times":1,"score":1310,"totalScore":4830,"finalState":false,"active":false,"unvisitedChildren":18,"miniMaxValue":0.0}
{"stateId":352,"originShotId":5649,"birdIndex":0,"times":1,"score":0,"totalScore":5550,"finalState":true,"active":false,"unvisitedChildren":0,"miniMaxValue":0.0}
{"stateId":354,"originShotId":29,"birdIndex":0,"times":1,"score":1280,"totalScore":1280,"finalState":false,"active":false,"unvisitedChildren":49,"miniMaxValue":17270.0}
{"stateId":355,"originShotId":5685,"birdIndex":0,"times":1,"score":2050,"totalScore":3330,"finalState":false,"active":false,"unvisitedChildren":21,"miniMaxValue":17270.0}
{"stateId":356,"originShotId":5714,"birdIndex":0,"times":1,"score":17270,"totalScore":20600,"finalState":true,"active":false,"unvisitedChildren":0,"miniMaxValue":17270.0}
{"stateId":357,"originShotId":22,"birdIndex":0,"times":1,"score":1310,"totalScore":1310,"finalState":false,"active":false,"unvisitedChildren":98,"miniMaxValue":0.0}
{"stateId":358,"originShotId":5737,"birdIndex":0,"times":1,"score":1800,"totalScore":3110,"finalState":false,"active":false,"unvisitedChildren":65,"miniMaxValue":0.0}
{"stateId":359,"originShotId":5763,"birdIndex":0,"times":1,"score":1360,"totalScore":4470,"finalState":false,"active":false,"unvisitedChildren":31,"miniMaxValue":0.0}
{"stateId":360,"originShotId":5814,"birdIndex":0,"times":1,"score":0,"totalScore":4470,"finalState":true,"active":false,"unvisitedChildren":0,"miniMaxValue":0.0}
{"stateId":361,"originShotId":23,"birdIndex":0,"times":1,"score":1370,"totalScore":1370,"finalState":false,"active":false,"unvisitedChildren":92,"miniMaxValue":6530.0}
{"stateId":362,"originShotId":5855,"birdIndex":0,"times":1,"score":2360,"totalScore":3730,"finalState":false,"active":false,"unvisitedChildren":53,"miniMaxValue":6530.0}
{"stateId":363,"originShotId":5879,"birdIndex":0,"times":1,"score":800,"totalScore":4530,"finalState":false,"active":false,"unvisitedChildren":24,"miniMaxValue":6530.0}
{"stateId":364,"originShotId":5890,"birdIndex":0,"times":1,"score":6530,"totalScore":11060,"finalState":true,"active":false,"unvisitedChildren":0,"miniMaxValue":6530.0}
{"stateId":365,"originShotId":17,"birdIndex":0,"times":1,"score":1400,"totalScore":1400,"finalState":false,"active":false,"unvisitedChildren":39,"miniMaxValue":0.0}
{"stateId":366,"originShotId":5920,"birdIndex":0,"times":1,"score":1730,"totalScore":3130,"finalState":false,"active":false,"unvisitedChildren":15,"miniMaxValue":0.0}
{"stateId":367,"originShotId":5945,"birdIndex":0,"times":1,"score":970,"totalScore":4100,"finalState":false,"active":false,"unvisitedChildren":8,"miniMaxValue":0.0}
{"stateId":368,"originShotId":5946,"birdIndex":0,"times":1,"score":0,"totalScore":4100,"finalState":true,"active":false,"unvisitedChildren":0,"miniMaxValue":0.0}
{"stateId":369,"originShotId":15,"birdIndex":0,"times":1,"score":1480,"totalScore":1480,"finalState":false,"active":false,"unvisitedChildren":96,"miniMaxValue":0.0}
{"stateId":370,"originShotId":5986,"birdIndex":0,"times":1,"score":2320,"totalScore":3800,"finalState":false,"active":false,"unvisitedChildren":60,"miniMaxValue":0.0}
{"stateId":371,"originShotId":6013,"birdIndex":0,"times":1,"score":800,"totalScore":4600,"finalState":false,"active":false,"unvisitedChildren":30,"miniMaxValue":0.0}
{"stateId":372,"originShotId":6051,"birdIndex":0,"times":1,"score":0,"totalScore":4600,"finalState":true,"active":false,"unvisitedChildren":0,"miniMaxValue":0.0}
{"stateId":373,"originShotId":21,"birdIndex":0,"times":1,"score":1500,"totalScore":1500,"finalState":false,"active":false,"unvisitedChildren":83,"miniMaxValue":9110.0}
{"stateId":374,"originShotId":6092,"birdIndex":0,"times":1,"score":2360,"totalScore":3860,"finalState":false,"active":false,"unvisitedChildren":45,"miniMaxValue":9110.0}
{"stateId":375,"originShotId":6115,"birdIndex":0,"times":1,"score":800,"totalScore":4660,"finalState":false,"active":false,"unvisitedChildren":16,"miniMaxValue":9110.0}
{"stateId":376,"originShotId":6125,"birdIndex":0,"times":1,"score":9110,"totalScore":13770,"finalState":true,"active":false,"unvisitedChildren":0,"miniMaxValue":9110.0}
{"stateId":378,"originShotId":38,"birdIndex":0,"times":19,"score":36975,"totalScore":36975,"finalState":true,"active":false,"unvisitedChildren":0,"miniMaxValue":36980.0}
{"stateId":379,"originShotId":13,"birdIndex":0,"times":1,"score":1300,"totalScore":1300,"finalState":false,"active":false,"unvisitedChildren":36,"miniMaxValue":28840.0}
{"stateId":380,"originShotId":6172,"birdIndex":0,"times":1,"score":28840,"totalScore":30140,"finalState":true,"active":false,"unvisitedChildren":0,"miniMaxValue":28840.0}
