{"stateId":1,"originShotId":-1,"birdIndex":0,"times":0,"score":0,"totalScore":0,"finalState":false,"active":false,"unvisitedChildren":29601,"miniMaxValue":0.0}
{"stateId":2,"originShotId":155,"birdIndex":0,"times":1,"score":9980,"totalScore":9980,"finalState":false,"active":false,"unvisitedChildren":509,"miniMaxValue":0.0}
{"stateId":3,"originShotId":242,"birdIndex":0,"times":1,"score":1130,"totalScore":11110,"finalState":false,"active":false,"unvisitedChildren":392,"miniMaxValue":0.0}
{"stateId":4,"originShotId":398,"birdIndex":0,"times":1,"score":7220,"totalScore":18330,"finalState":false,"active":false,"unvisitedChildren":279,"miniMaxValue":0.0}
{"stateId":5,"originShotId":774,"birdIndex":0,"times":1,"score":9040,"totalScore":27370,"finalState":false,"active":false,"unvisitedChildren":147,"miniMaxValue":0.0}
{"stateId":6,"originShotId":787,"birdIndex":0,"times":1,"score":0,"totalScore":27370,"finalState":true,"active":false,"unvisitedChildren":0,"miniMaxValue":0.0}
{"stateId":7,"originShotId":138,"birdIndex":1,"times":2,"score":4600,"totalScore":4600,"finalState":false,"active":false,"unvisitedChildren":730,"miniMaxValue":18080.0}
{"stateId":8,"originShotId":1213,"birdIndex":0,"times":1,"score":10240,"totalScore":14560,"finalState":false,"active":false,"unvisitedChildren":149,"miniMaxValue":36160.0}
{"stateId":9,"originShotId":1435,"birdIndex":0,"times":1,"score":36160,"totalScore":50720,"finalState":true,"active":false,"unvisitedChildren":0,"miniMaxValue":36160.0}
{"stateId":12,"originShotId":143,"birdIndex":0,"times":1,"score":9810,"totalScore":9810,"finalState":false,"active":false,"unvisitedChildren":532,"miniMaxValue":0.0}
{"stateId":13,"originShotId":1762,"birdIndex":0,"times":1,"score":1720,"totalScore":11530,"finalState":false,"active":false,"unvisitedChildren":433,"miniMaxValue":0.0}
{"stateId":14,"originShotId":1968,"birdIndex":0,"times":1,"score":6350,"totalScore":17880,"finalState":false,"active":false,"unvisitedChildren":317,"miniMaxValue":0.0}
{"stateId":15,"originShotId":2258,"birdIndex":0,"times":1,"score":130,"totalScore":18010,"finalState":false,"active":false,"unvisitedChildren":162,"miniMaxValue":0.0}
{"stateId":16,"originShotId":2329,"birdIndex":0,"times":1,"score":0,"totalScore":18010,"finalState":true,"active":false,"unvisitedChildren":0,"miniMaxValue":0.0}
{"stateId":27,"originShotId":122,"birdIndex":0,"times":2,"score":29760,"totalScore":29760,"finalState":false,"active":false,"unvisitedChildren":329,"miniMaxValue":21055.0}
{"stateId":28,"originShotId":3178,"birdIndex":0,"times":1,"score":42110,"totalScore":61950,"finalState":true,"active":false,"unvisitedChildren":0,"miniMaxValue":42110.0}
{"stateId":29,"originShotId":34,"birdIndex":0,"times":3,"score":4560,"totalScore":4560,"finalState":false,"active":false,"unvisitedChildren":567,"miniMaxValue":57250.0}
{"stateId":30,"originShotId":3358,"birdIndex":0,"times":1,"score":4850,"totalScore":7940,"finalState":false,"active":false,"unvisitedChildren":442,"miniMaxValue":0.0}
{"stateId":31,"originShotId":3648,"birdIndex":0,"times":1,"score":9650,"totalScore":17590,"finalState":false,"active":false,"unvisitedChildren":266,"miniMaxValue":0.0}
{"stateId":32,"originShotId":3796,"birdIndex":0,"times":1,"score":3420,"totalScore":21010,"finalState":false,"active":false,"unvisitedChildren":126,"miniMaxValue":0.0}
{"stateId":33,"originShotId":4039,"birdIndex":0,"times":1,"score":0,"totalScore":21010,"finalState":true,"active":false,"unvisitedChildren":0,"miniMaxValue":0.0}
{"stateId":38,"originShotId":47,"birdIndex":0,"times":2,"score":4720,"totalScore":4720,"finalState":false,"active":false,"unvisitedChildren":972,"miniMaxValue":9090.0}
{"stateId":39,"originShotId":4964,"birdIndex":0,"times":1,"score":10320,"totalScore":15320,"finalState":false,"active":false,"unvisitedChildren":454,"miniMaxValue":9090.0}
{"stateId":40,"originShotId":5172,"birdIndex":0,"times":1,"score":3200,"totalScore":18520,"finalState":false,"active":false,"unvisitedChildren":307,"miniMaxValue":9090.0}
{"stateId":41,"originShotId":5340,"birdIndex":0,"times":1,"score":9420,"totalScore":27940,"finalState":false,"active":false,"unvisitedChildren":155,"miniMaxValue":9090.0}
{"stateId":42,"originShotId":5655,"birdIndex":0,"times":1,"score":9090,"totalScore":37030,"finalState":true,"active":false,"unvisitedChildren":0,"miniMaxValue":9090.0}
{"stateId":43,"originShotId":86,"birdIndex":0,"times":2,"score":3650,"totalScore":3650,"finalState":false,"active":false,"unvisitedChildren":818,"miniMaxValue":0.0}
{"stateId":44,"originShotId":5881,"birdIndex":0,"times":1,"score":6270,"totalScore":9910,"finalState":false,"active":false,"unvisitedChildren":406,"miniMaxValue":0.0}
{"stateId":45,"originShotId":6158,"birdIndex":0,"times":1,"score":1120,"totalScore":11030,"finalState":false,"active":false,"unvisitedChildren":299,"miniMaxValue":0.0}
{"stateId":46,"originShotId":6415,"birdIndex":0,"times":1,"score":7050,"totalScore":18080,"finalState":false,"active":false,"unvisitedChildren":174,"miniMaxValue":0.0}
{"stateId":47,"originShotId":6609,"birdIndex":0,"times":1,"score":0,"totalScore":18080,"finalState":true,"active":false,"unvisitedChildren":0,"miniMaxValue":0.0}
{"stateId":48,"originShotId":31,"birdIndex":0,"times":1,"score":3970,"totalScore":3970,"finalState":false,"active":false,"unvisitedChildren":471,"miniMaxValue":0.0}
{"stateId":49,"originShotId":6795,"birdIndex":0,"times":1,"score":130,"totalScore":4100,"finalState":false,"active":false,"unvisitedChildren":367,"miniMaxValue":0.0}
{"stateId":50,"originShotId":6924,"birdIndex":0,"times":1,"score":11740,"totalScore":15840,"finalState":false,"active":false,"unvisitedChildren":256,"miniMaxValue":0.0}
{"stateId":51,"originShotId":7150,"birdIndex":0,"times":1,"score":4550,"totalScore":20390,"finalState":false,"active":false,"unvisitedChildren":122,"miniMaxValue":0.0}
{"stateId":52,"originShotId":7358,"birdIndex":0,"times":1,"score":0,"totalScore":20390,"finalState":true,"active":false,"unvisitedChildren":0,"miniMaxValue":0.0}
{"stateId":53,"originShotId":25,"birdIndex":0,"times":1,"score":10170,"totalScore":10170,"finalState":false,"active":false,"unvisitedChildren":677,"miniMaxValue":0.0}
{"stateId":54,"originShotId":7514,"birdIndex":0,"times":1,"score":10650,"totalScore":20820,"finalState":false,"active":false,"unvisitedChildren":548,"miniMaxValue":0.0}
{"stateId":55,"originShotId":7764,"birdIndex":0,"times":1,"score":2380,"totalScore":23200,"finalState":false,"active":false,"unvisitedChildren":374,"miniMaxValue":0.0}
{"stateId":56,"originShotId":8120,"birdIndex":0,"times":1,"score":7880,"totalScore":31080,"finalState":false,"active":false,"unvisitedChildren":168,"miniMaxValue":0.0}
{"stateId":57,"originShotId":8389,"birdIndex":0,"times":1,"score":0,"totalScore":31080,"finalState":true,"active":false,"unvisitedChildren":0,"miniMaxValue":0.0}
{"stateId":58,"originShotId":110,"birdIndex":0,"times":1,"score":18210,"totalScore":18210,"finalState":false,"active":false,"unvisitedChildren":484,"miniMaxValue":0.0}
{"stateId":59,"originShotId":8720,"birdIndex":0,"times":1,"score":170,"totalScore":18380,"finalState":false,"active":false,"unvisitedChildren":362,"miniMaxValue":0.0}
{"stateId":60,"originShotId":8884,"birdIndex":0,"times":1,"score":900,"totalScore":19280,"finalState":false,"active":false,"unvisitedChildren":245,"miniMaxValue":0.0}
{"stateId":61,"originShotId":9140,"birdIndex":0,"times":1,"score":140,"totalScore":19420,"finalState":false,"active":false,"unvisitedChildren":105,"miniMaxValue":0.0}
{"stateId":62,"originShotId":9307,"birdIndex":0,"times":1,"score":0,"totalScore":19420,"finalState":true,"active":false,"unvisitedChildren":0,"miniMaxValue":0.0}
{"stateId":65,"originShotId":45,"birdIndex":0,"times":1,"score":11210,"totalScore":11210,"finalState":false,"active":false,"unvisitedChildren":523,"miniMaxValue":11850.0}
{"stateId":66,"originShotId":9682,"birdIndex":0,"times":1,"score":2710,"totalScore":13920,"finalState":false,"active":false,"unvisitedChildren":400,"miniMaxValue":11850.0}
{"stateId":67,"originShotId":9893,"birdIndex":0,"times":1,"score":4700,"totalScore":18620,"finalState":false,"active":false,"unvisitedChildren":260,"miniMaxValue":11850.0}
{"stateId":68,"originShotId":10054,"birdIndex":0,"times":1,"score":2480,"totalScore":21100,"finalState":false,"active":false,"unvisitedChildren":128,"miniMaxValue":11850.0}
{"stateId":69,"originShotId":10228,"birdIndex":0,"times":1,"score":11850,"totalScore":32950,"finalState":true,"active":false,"unvisitedChildren":0,"miniMaxValue":11850.0}
{"stateId":70,"originShotId":160,"birdIndex":0,"times":1,"score":5610,"totalScore":5610,"finalState":false,"active":false,"unvisitedChildren":511,"miniMaxValue":0.0}
{"stateId":71,"originShotId":10470,"birdIndex":0,"times":1,"score":13860,"totalScore":19470,"finalState":false,"active":false,"unvisitedChildren":392,"miniMaxValue":0.0}
{"stateId":72,"originShotId":10734,"birdIndex":0,"times":1,"score":3540,"totalScore":23010,"finalState":false,"active":false,"unvisitedChildren":245,"miniMaxValue":0.0}
{"stateId":73,"originShotId":10996,"birdIndex":0,"times":1,"score":3360,"totalScore":26370,"finalState":false,"active":false,"unvisitedChildren":99,"miniMaxValue":0.0}
{"stateId":74,"originShotId":11174,"birdIndex":0,"times":1,"score":0,"totalScore":26370,"finalState":true,"active":false,"unvisitedChildren":0,"miniMaxValue":0.0}
{"stateId":75,"originShotId":50,"birdIndex":0,"times":2,"score":14860,"totalScore":14860,"finalState":false,"active":false,"unvisitedChildren":405,"miniMaxValue":28095.0}
{"stateId":76,"originShotId":11330,"birdIndex":0,"times":1,"score":39730,"totalScore":54590,"finalState":true,"active":false,"unvisitedChildren":0,"miniMaxValue":39730.0}
{"stateId":77,"originShotId":25,"birdIndex":0,"times":1,"score":70890,"totalScore":70890,"finalState":true,"active":false,"unvisitedChildren":0,"miniMaxValue":70890.0}
{"stateId":78,"originShotId":36,"birdIndex":0,"times":1,"score":3660,"totalScore":3660,"finalState":false,"active":false,"unvisitedChildren":496,"miniMaxValue":0.0}
{"stateId":79,"originShotId":11505,"birdIndex":0,"times":1,"score":140,"totalScore":3800,"finalState":false,"active":false,"unvisitedChildren":443,"miniMaxValue":0.0}
{"stateId":80,"originShotId":11730,"birdIndex":0,"times":1,"score":9630,"totalScore":13430,"finalState":false,"active":false,"unvisitedChildren":321,"miniMaxValue":0.0}
{"stateId":81,"originShotId":11857,"birdIndex":0,"times":1,"score":3490,"totalScore":16920,"finalState":false,"active":false,"unvisitedChildren":165,"miniMaxValue":0.0}
{"stateId":82,"originShotId":12192,"birdIndex":0,"times":1,"score":0,"totalScore":16920,"finalState":true,"active":false,"unvisitedChildren":0,"miniMaxValue":0.0}
{"stateId":83,"originShotId":5,"birdIndex":0,"times":1,"score":17570,"totalScore":17570,"finalState":false,"active":false,"unvisitedChildren":223,"miniMaxValue":30600.0}
{"stateId":84,"originShotId":12350,"birdIndex":0,"times":1,"score":2900,"totalScore":20470,"finalState":false,"active":false,"unvisitedChildren":110,"miniMaxValue":30600.0}
{"stateId":85,"originShotId":12661,"birdIndex":0,"times":1,"score":30600,"totalScore":51070,"finalState":true,"active":false,"unvisitedChildren":0,"miniMaxValue":30600.0}
{"stateId":86,"originShotId":55,"birdIndex":0,"times":6,"score":7477,"totalScore":7477,"finalState":false,"active":false,"unvisitedChildren":1317,"miniMaxValue":36266.668}
{"stateId":87,"originShotId":12747,"birdIndex":0,"times":1,"score":3730,"totalScore":11290,"finalState":false,"active":false,"unvisitedChildren":366,"miniMaxValue":29850.0}
{"stateId":88,"originShotId":13117,"birdIndex":0,"times":1,"score":6120,"totalScore":17410,"finalState":false,"active":false,"unvisitedChildren":177,"miniMaxValue":29850.0}
{"stateId":89,"originShotId":13424,"birdIndex":0,"times":1,"score":29850,"totalScore":47260,"finalState":true,"active":false,"unvisitedChildren":0,"miniMaxValue":29850.0}
{"stateId":90,"originShotId":12,"birdIndex":0,"times":1,"score":26020,"totalScore":26020,"finalState":false,"active":false,"unvisitedChildren":94,"miniMaxValue":30940.0}
{"stateId":91,"originShotId":13546,"birdIndex":0,"times":1,"score":1400,"totalScore":27420,"finalState":false,"active":false,"unvisitedChildren":29,"miniMaxValue":30940.0}
{"stateId":92,"originShotId":13636,"birdIndex":0,"times":1,"score":30940,"totalScore":58360,"finalState":true,"active":false,"unvisitedChildren":0,"miniMaxValue":30940.0}
{"stateId":93,"originShotId":141,"birdIndex":0,"times":1,"score":7230,"totalScore":7230,"finalState":false,"active":false,"unvisitedChildren":246,"miniMaxValue":0.0}
{"stateId":94,"originShotId":13678,"birdIndex":0,"times":1,"score":13350,"totalScore":20580,"finalState":false,"active":false,"unvisitedChildren":214,"miniMaxValue":0.0}
{"stateId":95,"originShotId":13840,"birdIndex":0,"times":1,"score":7010,"totalScore":27590,"finalState":false,"active":false,"unvisitedChildren":122,"miniMaxValue":0.0}
{"stateId":96,"originShotId":13954,"birdIndex":0,"times":1,"score":2010,"totalScore":29600,"finalState":false,"active":false,"unvisitedChildren":56,"miniMaxValue":0.0}
{"stateId":97,"originShotId":14075,"birdIndex":0,"times":1,"score":0,"totalScore":29840,"finalState":true,"active":false,"unvisitedChildren":0,"miniMaxValue":0.0}
{"stateId":98,"originShotId":29,"birdIndex":0,"times":1,"score":70830,"totalScore":70830,"finalState":true,"active":false,"unvisitedChildren":0,"miniMaxValue":70830.0}
{"stateId":99,"originShotId":140,"birdIndex":0,"times":1,"score":6000,"totalScore":6000,"finalState":false,"active":false,"unvisitedChildren":454,"miniMaxValue":0.0}
{"stateId":100,"originShotId":14202,"birdIndex":0,"times":1,"score":1820,"totalScore":7820,"finalState":false,"active":false,"unvisitedChildren":340,"miniMaxValue":0.0}
{"stateId":101,"originShotId":14291,"birdIndex":0,"times":1,"score":6460,"totalScore":14280,"finalState":false,"active":false,"unvisitedChildren":221,"miniMaxValue":0.0}
{"stateId":102,"originShotId":14544,"birdIndex":0,"times":1,"score":6210,"totalScore":20490,"finalState":false,"active":false,"unvisitedChildren":116,"miniMaxValue":0.0}
{"stateId":103,"originShotId":14700,"birdIndex":0,"times":1,"score":0,"totalScore":20490,"finalState":true,"active":false,"unvisitedChildren":0,"miniMaxValue":0.0}
{"stateId":104,"originShotId":167,"birdIndex":0,"times":1,"score":4990,"totalScore":4990,"finalState":false,"active":false,"unvisitedChildren":462,"miniMaxValue":0.0}
{"stateId":105,"originShotId":15111,"birdIndex":0,"times":1,"score":4910,"totalScore":9900,"finalState":false,"active":false,"unvisitedChildren":286,"miniMaxValue":0.0}
{"stateId":106,"originShotId":15163,"birdIndex":0,"times":1,"score":8340,"totalScore":18240,"finalState":false,"active":false,"unvisitedChildren":245,"miniMaxValue":0.0}
{"stateId":107,"originShotId":15298,"birdIndex":0,"times":1,"score":680,"totalScore":18920,"finalState":false,"active":false,"unvisitedChildren":162,"miniMaxValue":0.0}
{"stateId":108,"originShotId":15364,"birdIndex":0,"times":1,"score":0,"totalScore":18920,"finalState":true,"active":false,"unvisitedChildren":0,"miniMaxValue":0.0}
{"stateId":109,"originShotId":118,"birdIndex":0,"times":1,"score":5490,"totalScore":5490,"finalState":false,"active":false,"unvisitedChildren":547,"miniMaxValue":21360.0}
{"stateId":110,"originShotId":15702,"birdIndex":0,"times":1,"score":11190,"totalScore":16680,"finalState":false,"active":false,"unvisitedChildren":436,"miniMaxValue":21360.0}
{"stateId":111,"originShotId":16215,"birdIndex":0,"times":1,"score":3100,"totalScore":19780,"finalState":false,"active":false,"unvisitedChildren":170,"miniMaxValue":21360.0}
{"stateId":112,"originShotId":16285,"birdIndex":0,"times":1,"score":21360,"totalScore":41140,"finalState":true,"active":false,"unvisitedChildren":0,"miniMaxValue":21360.0}
{"stateId":118,"originShotId":144,"birdIndex":0,"times":1,"score":24860,"totalScore":24860,"finalState":false,"active":false,"unvisitedChildren":377,"miniMaxValue":17780.0}
{"stateId":119,"originShotId":17534,"birdIndex":0,"times":1,"score":1870,"totalScore":26730,"finalState":false,"active":false,"unvisitedChildren":269,"miniMaxValue":17780.0}
{"stateId":120,"originShotId":17865,"birdIndex":0,"times":1,"score":470,"totalScore":27200,"finalState":false,"active":false,"unvisitedChildren":135,"miniMaxValue":17780.0}
{"stateId":121,"originShotId":18104,"birdIndex":0,"times":1,"score":17780,"totalScore":44980,"finalState":true,"active":false,"unvisitedChildren":0,"miniMaxValue":17780.0}
{"stateId":126,"originShotId":44,"birdIndex":0,"times":1,"score":14700,"totalScore":14700,"finalState":false,"active":false,"unvisitedChildren":526,"miniMaxValue":7480.0}
{"stateId":127,"originShotId":18852,"birdIndex":0,"times":1,"score":8390,"totalScore":23090,"finalState":false,"active":false,"unvisitedChildren":397,"miniMaxValue":7480.0}
{"stateId":128,"originShotId":19223,"birdIndex":0,"times":1,"score":5160,"totalScore":28250,"finalState":false,"active":false,"unvisitedChildren":233,"miniMaxValue":7480.0}
{"stateId":129,"originShotId":19432,"birdIndex":0,"times":1,"score":140,"totalScore":28390,"finalState":false,"active":false,"unvisitedChildren":125,"miniMaxValue":7480.0}
{"stateId":130,"originShotId":19603,"birdIndex":0,"times":1,"score":7480,"totalScore":35870,"finalState":true,"active":false,"unvisitedChildren":0,"miniMaxValue":7480.0}
{"stateId":131,"originShotId":159,"birdIndex":0,"times":1,"score":4750,"totalScore":4750,"finalState":false,"active":false,"unvisitedChildren":349,"miniMaxValue":0.0}
{"stateId":132,"originShotId":19756,"birdIndex":0,"times":1,"score":5340,"totalScore":10090,"finalState":false,"active":false,"unvisitedChildren":227,"miniMaxValue":0.0}
{"stateId":133,"originShotId":19955,"birdIndex":0,"times":1,"score":8780,"totalScore":18870,"finalState":false,"active":false,"unvisitedChildren":150,"miniMaxValue":0.0}
{"stateId":134,"originShotId":20142,"birdIndex":0,"times":1,"score":2260,"totalScore":21130,"finalState":false,"active":false,"unvisitedChildren":66,"miniMaxValue":0.0}
{"stateId":135,"originShotId":20239,"birdIndex":0,"times":1,"score":0,"totalScore":21280,"finalState":true,"active":false,"unvisitedChildren":0,"miniMaxValue":0.0}
{"stateId":136,"originShotId":23,"birdIndex":0,"times":1,"score":4070,"totalScore":4070,"finalState":false,"active":false,"unvisitedChildren":435,"miniMaxValue":6010.0}
{"stateId":137,"originShotId":20477,"birdIndex":0,"times":1,"score":5010,"totalScore":9080,"finalState":false,"active":false,"unvisitedChildren":318,"miniMaxValue":6010.0}
{"stateId":138,"originShotId":20713,"birdIndex":0,"times":1,"score":22120,"totalScore":31200,"finalState":false,"active":false,"unvisitedChildren":157,"miniMaxValue":6010.0}
{"stateId":139,"originShotId":20850,"birdIndex":0,"times":1,"score":350,"totalScore":31550,"finalState":false,"active":false,"unvisitedChildren":77,"miniMaxValue":6010.0}
{"stateId":140,"originShotId":20915,"birdIndex":0,"times":1,"score":6010,"totalScore":37560,"finalState":true,"active":false,"unvisitedChildren":0,"miniMaxValue":6010.0}
{"stateId":141,"originShotId":144,"birdIndex":0,"times":1,"score":26850,"totalScore":26850,"finalState":false,"active":false,"unvisitedChildren":98,"miniMaxValue":37860.0}
{"stateId":142,"originShotId":21063,"birdIndex":0,"times":1,"score":37860,"totalScore":64710,"finalState":true,"active":false,"unvisitedChildren":0,"miniMaxValue":37860.0}
{"stateId":143,"originShotId":136,"birdIndex":0,"times":1,"score":4570,"totalScore":4570,"finalState":false,"active":false,"unvisitedChildren":362,"miniMaxValue":27250.0}
{"stateId":144,"originShotId":21362,"birdIndex":0,"times":1,"score":4840,"totalScore":9410,"finalState":false,"active":false,"unvisitedChildren":248,"miniMaxValue":27250.0}
{"stateId":145,"originShotId":21494,"birdIndex":0,"times":1,"score":9910,"totalScore":19320,"finalState":false,"active":false,"unvisitedChildren":131,"miniMaxValue":27250.0}
{"stateId":146,"originShotId":21628,"birdIndex":0,"times":1,"score":27250,"totalScore":46570,"finalState":true,"active":false,"unvisitedChildren":0,"miniMaxValue":27250.0}
{"stateId":157,"originShotId":43,"birdIndex":0,"times":1,"score":25370,"totalScore":25370,"finalState":false,"active":false,"unvisitedChildren":63,"miniMaxValue":35260.0}
{"stateId":158,"originShotId":23502,"birdIndex":0,"times":1,"score":35260,"totalScore":60630,"finalState":true,"active":false,"unvisitedChildren":0,"miniMaxValue":35260.0}
{"stateId":159,"originShotId":3262,"birdIndex":0,"times":1,"score":57780,"totalScore":60730,"finalState":true,"active":false,"unvisitedChildren":0,"miniMaxValue":57780.0}
{"stateId":160,"originShotId":26,"birdIndex":0,"times":1,"score":6930,"totalScore":6930,"finalState":false,"active":false,"unvisitedChildren":538,"miniMaxValue":0.0}
{"stateId":161,"originShotId":23557,"birdIndex":0,"times":1,"score":5140,"totalScore":12070,"finalState":false,"active":false,"unvisitedChildren":433,"miniMaxValue":0.0}
{"stateId":162,"originShotId":23798,"birdIndex":0,"times":1,"score":6240,"totalScore":18310,"finalState":false,"active":false,"unvisitedChildren":311,"miniMaxValue":0.0}
{"stateId":163,"originShotId":23999,"birdIndex":0,"times":1,"score":260,"totalScore":18570,"finalState":false,"active":false,"unvisitedChildren":146,"miniMaxValue":0.0}
{"stateId":164,"originShotId":24348,"birdIndex":0,"times":1,"score":0,"totalScore":18570,"finalState":true,"active":false,"unvisitedChildren":0,"miniMaxValue":0.0}
{"stateId":165,"originShotId":101,"birdIndex":0,"times":1,"score":21650,"totalScore":21650,"finalState":false,"active":false,"unvisitedChildren":21,"miniMaxValue":35540.0}
{"stateId":166,"originShotId":24459,"birdIndex":0,"times":1,"score":35540,"totalScore":57190,"finalState":true,"active":false,"unvisitedChildren":0,"miniMaxValue":35540.0}
{"stateId":167,"originShotId":57,"birdIndex":0,"times":1,"score":5390,"totalScore":5390,"finalState":false,"active":false,"unvisitedChildren":326,"miniMaxValue":0.0}
{"stateId":168,"originShotId":24535,"birdIndex":0,"times":1,"score":6010,"totalScore":11400,"finalState":false,"active":false,"unvisitedChildren":243,"miniMaxValue":0.0}
{"stateId":169,"originShotId":24660,"birdIndex":0,"times":1,"score":5140,"totalScore":16540,"finalState":false,"active":false,"unvisitedChildren":154,"miniMaxValue":0.0}
{"stateId":170,"originShotId":24811,"birdIndex":0,"times":1,"score":3300,"totalScore":19840,"finalState":false,"active":false,"unvisitedChildren":29,"miniMaxValue":0.0}
{"stateId":171,"originShotId":25000,"birdIndex":0,"times":1,"score":0,"totalScore":19840,"finalState":true,"active":false,"unvisitedChildren":0,"miniMaxValue":0.0}
{"stateId":177,"originShotId":161,"birdIndex":0,"times":5,"score":16322,"totalScore":16322,"finalState":false,"active":false,"unvisitedChildren":52,"miniMaxValue":39592.5}
{"stateId":178,"originShotId":25826,"birdIndex":0,"times":1,"score":39020,"totalScore":55350,"finalState":true,"active":false,"unvisitedChildren":0,"miniMaxValue":39020.0}
{"stateId":179,"originShotId":120,"birdIndex":0,"times":1,"score":18610,"totalScore":18610,"finalState":false,"active":false,"unvisitedChildren":375,"miniMaxValue":0.0}
{"stateId":180,"originShotId":25911,"birdIndex":0,"times":1,"score":120,"totalScore":18730,"finalState":false,"active":false,"unvisitedChildren":280,"miniMaxValue":0.0}
{"stateId":181,"originShotId":26123,"birdIndex":0,"times":1,"score":3090,"totalScore":21820,"finalState":false,"active":false,"unvisitedChildren":191,"miniMaxValue":0.0}
{"stateId":182,"originShotId":26305,"birdIndex":0,"times":1,"score":4800,"totalScore":26620,"finalState":false,"active":false,"unvisitedChildren":96,"miniMaxValue":0.0}
{"stateId":183,"originShotId":26404,"birdIndex":0,"times":1,"score":0,"totalScore":26620,"finalState":true,"active":false,"unvisitedChildren":0,"miniMaxValue":0.0}
{"stateId":184,"originShotId":38,"birdIndex":0,"times":1,"score":6530,"totalScore":6530,"finalState":false,"active":false,"unvisitedChildren":413,"miniMaxValue":0.0}
{"stateId":185,"originShotId":26584,"birdIndex":0,"times":1,"score":7090,"totalScore":13620,"finalState":false,"active":false,"unvisitedChildren":305,"miniMaxValue":0.0}
{"stateId":186,"originShotId":26792,"birdIndex":0,"times":1,"score":4110,"totalScore":17730,"finalState":false,"active":false,"unvisitedChildren":140,"miniMaxValue":0.0}
{"stateId":187,"originShotId":27046,"birdIndex":0,"times":1,"score":2980,"totalScore":20710,"finalState":false,"active":false,"unvisitedChildren":6,"miniMaxValue":0.0}
{"stateId":188,"originShotId":27199,"birdIndex":0,"times":1,"score":0,"totalScore":20710,"finalState":true,"active":false,"unvisitedChildren":0,"miniMaxValue":0.0}
{"stateId":189,"originShotId":49,"birdIndex":0,"times":1,"score":74080,"totalScore":74080,"finalState":true,"active":false,"unvisitedChildren":0,"miniMaxValue":74080.0}
{"stateId":195,"originShotId":169,"birdIndex":0,"times":1,"score":5750,"totalScore":5750,"finalState":false,"active":false,"unvisitedChildren":510,"miniMaxValue":0.0}
{"stateId":196,"originShotId":28193,"birdIndex":0,"times":1,"score":5300,"totalScore":11050,"finalState":false,"active":false,"unvisitedChildren":412,"miniMaxValue":0.0}
{"stateId":197,"originShotId":28271,"birdIndex":0,"times":1,"score":7370,"totalScore":18420,"finalState":false,"active":false,"unvisitedChildren":311,"miniMaxValue":0.0}
{"stateId":198,"originShotId":28509,"birdIndex":0,"times":1,"score":1170,"totalScore":19590,"finalState":false,"active":false,"unvisitedChildren":158,"miniMaxValue":0.0}
{"stateId":199,"originShotId":28836,"birdIndex":0,"times":1,"score":0,"totalScore":19590,"finalState":true,"active":false,"unvisitedChildren":0,"miniMaxValue":0.0}
{"stateId":208,"originShotId":68,"birdIndex":0,"times":1,"score":6300,"totalScore":6300,"finalState":false,"active":false,"unvisitedChildren":195,"miniMaxValue":0.0}
{"stateId":209,"originShotId":30241,"birdIndex":0,"times":1,"score":1180,"totalScore":7480,"finalState":false,"active":false,"unvisitedChildren":64,"miniMaxValue":0.0}
{"stateId":210,"originShotId":30373,"birdIndex":0,"times":1,"score":1600,"totalScore":9080,"finalState":false,"active":false,"unvisitedChildren":41,"miniMaxValue":0.0}
{"stateId":211,"originShotId":30435,"birdIndex":0,"times":1,"score":1350,"totalScore":10430,"finalState":false,"active":false,"unvisitedChildren":24,"miniMaxValue":0.0}
{"stateId":212,"originShotId":30437,"birdIndex":0,"times":1,"score":0,"totalScore":10430,"finalState":true,"active":false,"unvisitedChildren":0,"miniMaxValue":0.0}
{"stateId":213,"originShotId":105,"birdIndex":0,"times":1,"score":13880,"totalScore":13880,"finalState":false,"active":false,"unvisitedChildren":386,"miniMaxValue":6690.0}
{"stateId":214,"originShotId":30630,"birdIndex":0,"times":1,"score":16250,"totalScore":30130,"finalState":false,"active":false,"unvisitedChildren":279,"miniMaxValue":6690.0}
{"stateId":215,"originShotId":30776,"birdIndex":0,"times":1,"score":60,"totalScore":30190,"finalState":false,"active":false,"unvisitedChildren":193,"miniMaxValue":6690.0}
{"stateId":216,"originShotId":30805,"birdIndex":0,"times":1,"score":330,"totalScore":30520,"finalState":false,"active":false,"unvisitedChildren":101,"miniMaxValue":6690.0}
{"stateId":217,"originShotId":31045,"birdIndex":0,"times":1,"score":6690,"totalScore":37210,"finalState":true,"active":false,"unvisitedChildren":0,"miniMaxValue":6690.0}
{"stateId":233,"originShotId":117,"birdIndex":0,"times":1,"score":4000,"totalScore":4000,"finalState":false,"active":false,"unvisitedChildren":323,"miniMaxValue":40970.0}
{"stateId":234,"originShotId":33735,"birdIndex":0,"times":1,"score":10180,"totalScore":14180,"finalState":false,"active":false,"unvisitedChildren":210,"miniMaxValue":40970.0}
{"stateId":235,"originShotId":33912,"birdIndex":0,"times":1,"score":40970,"totalScore":55150,"finalState":true,"active":false,"unvisitedChildren":0,"miniMaxValue":40970.0}
{"stateId":236,"originShotId":25803,"birdIndex":0,"times":2,"score":39885,"totalScore":56210,"finalState":true,"active":false,"unvisitedChildren":0,"miniMaxValue":39885.0}
{"stateId":237,"originShotId":12688,"birdIndex":0,"times":1,"score":13290,"totalScore":20850,"finalState":false,"active":false,"unvisitedChildren":489,"miniMaxValue":0.0}
{"stateId":238,"originShotId":34265,"birdIndex":0,"times":1,"score":1850,"totalScore":22700,"finalState":false,"active":false,"unvisitedChildren":349,"miniMaxValue":0.0}
{"stateId":239,"originShotId":34493,"birdIndex":0,"times":1,"score":5880,"totalScore":28580,"finalState":false,"active":false,"unvisitedChildren":158,"miniMaxValue":0.0}
{"stateId":240,"originShotId":34943,"birdIndex":0,"times":1,"score":0,"totalScore":28580,"finalState":true,"active":false,"unvisitedChildren":0,"miniMaxValue":0.0}
{"stateId":241,"originShotId":152,"birdIndex":0,"times":1,"score":23700,"totalScore":23700,"finalState":false,"active":false,"unvisitedChildren":295,"miniMaxValue":20010.0}
{"stateId":242,"originShotId":35105,"birdIndex":0,"times":1,"score":1670,"totalScore":25370,"finalState":false,"active":false,"unvisitedChildren":203,"miniMaxValue":20010.0}
{"stateId":243,"originShotId":35255,"birdIndex":0,"times":1,"score":180,"totalScore":25550,"finalState":false,"active":false,"unvisitedChildren":99,"miniMaxValue":20010.0}
{"stateId":244,"originShotId":35384,"birdIndex":0,"times":1,"score":20010,"totalScore":45560,"finalState":true,"active":false,"unvisitedChildren":0,"miniMaxValue":20010.0}
{"stateId":250,"originShotId":108,"birdIndex":0,"times":1,"score":5580,"totalScore":5580,"finalState":false,"active":false,"unvisitedChildren":332,"miniMaxValue":27410.0}
{"stateId":251,"originShotId":36774,"birdIndex":0,"times":1,"score":4350,"totalScore":9930,"finalState":false,"active":false,"unvisitedChildren":218,"miniMaxValue":27410.0}
{"stateId":252,"originShotId":36842,"birdIndex":0,"times":1,"score":13670,"totalScore":23600,"finalState":false,"active":false,"unvisitedChildren":110,"miniMaxValue":27410.0}
{"stateId":253,"originShotId":37166,"birdIndex":0,"times":1,"score":27410,"totalScore":51010,"finalState":true,"active":false,"unvisitedChildren":0,"miniMaxValue":27410.0}
{"stateId":254,"originShotId":164,"birdIndex":0,"times":1,"score":9260,"totalScore":9260,"finalState":false,"active":false,"unvisitedChildren":378,"miniMaxValue":14820.0}
{"stateId":255,"originShotId":37183,"birdIndex":0,"times":1,"score":11030,"totalScore":20290,"finalState":false,"active":false,"unvisitedChildren":265,"miniMaxValue":14820.0}
{"stateId":256,"originShotId":37464,"birdIndex":0,"times":1,"score":990,"totalScore":21280,"finalState":false,"active":false,"unvisitedChildren":157,"miniMaxValue":14820.0}
{"stateId":257,"originShotId":37666,"birdIndex":0,"times":1,"score":110,"totalScore":21390,"finalState":false,"active":false,"unvisitedChildren":38,"miniMaxValue":14820.0}
{"stateId":258,"originShotId":37751,"birdIndex":0,"times":1,"score":14820,"totalScore":36210,"finalState":true,"active":false,"unvisitedChildren":0,"miniMaxValue":14820.0}
{"stateId":259,"originShotId":70,"birdIndex":0,"times":1,"score":5480,"totalScore":5480,"finalState":false,"active":false,"unvisitedChildren":123,"miniMaxValue":0.0}
{"stateId":260,"originShotId":37828,"birdIndex":0,"times":1,"score":130,"totalScore":5610,"finalState":false,"active":false,"unvisitedChildren":94,"miniMaxValue":0.0}
{"stateId":261,"originShotId":37869,"birdIndex":0,"times":1,"score":330,"totalScore":5940,"finalState":false,"active":false,"unvisitedChildren":67,"miniMaxValue":0.0}
{"stateId":262,"originShotId":37913,"birdIndex":0,"times":1,"score":240,"totalScore":6180,"finalState":false,"active":false,"unvisitedChildren":32,"miniMaxValue":0.0}
{"stateId":263,"originShotId":37985,"birdIndex":0,"times":1,"score":0,"totalScore":6180,"finalState":true,"active":false,"unvisitedChildren":0,"miniMaxValue":0.0}
{"stateId":269,"originShotId":162,"birdIndex":0,"times":1,"score":4990,"totalScore":4990,"finalState":false,"active":false,"unvisitedChildren":267,"miniMaxValue":0.0}
{"stateId":270,"originShotId":38221,"birdIndex":0,"times":1,"score":9370,"totalScore":14360,"finalState":false,"active":false,"unvisitedChildren":229,"miniMaxValue":0.0}
{"stateId":271,"originShotId":38323,"birdIndex":0,"times":1,"score":2360,"totalScore":16720,"finalState":false,"active":false,"unvisitedChildren":179,"miniMaxValue":0.0}
{"stateId":272,"originShotId":38417,"birdIndex":0,"times":1,"score":3370,"totalScore":20090,"finalState":false,"active":false,"unvisitedChildren":137,"miniMaxValue":0.0}
{"stateId":273,"originShotId":38458,"birdIndex":0,"times":1,"score":0,"totalScore":25570,"finalState":true,"active":false,"unvisitedChildren":0,"miniMaxValue":0.0}
{"stateId":274,"originShotId":37,"birdIndex":0,"times":1,"score":6020,"totalScore":6020,"finalState":false,"active":false,"unvisitedChildren":360,"miniMaxValue":15160.0}
{"stateId":275,"originShotId":38669,"birdIndex":0,"times":1,"score":10540,"totalScore":16560,"finalState":false,"active":false,"unvisitedChildren":240,"miniMaxValue":15160.0}
{"stateId":276,"originShotId":38919,"birdIndex":0,"times":1,"score":10430,"totalScore":26990,"finalState":false,"active":false,"unvisitedChildren":117,"miniMaxValue":15160.0}
{"stateId":277,"originShotId":39129,"birdIndex":0,"times":1,"score":15160,"totalScore":42150,"finalState":true,"active":false,"unvisitedChildren":0,"miniMaxValue":15160.0}
{"stateId":285,"originShotId":46,"birdIndex":0,"times":1,"score":8650,"totalScore":8650,"finalState":false,"active":false,"unvisitedChildren":92,"miniMaxValue":8870.0}
{"stateId":286,"originShotId":40365,"birdIndex":0,"times":1,"score":15110,"totalScore":23760,"finalState":false,"active":false,"unvisitedChildren":69,"miniMaxValue":8870.0}
{"stateId":287,"originShotId":40395,"birdIndex":0,"times":1,"score":130,"totalScore":23890,"finalState":false,"active":false,"unvisitedChildren":49,"miniMaxValue":8870.0}
{"stateId":288,"originShotId":40435,"birdIndex":0,"times":1,"score":360,"totalScore":24250,"finalState":false,"active":false,"unvisitedChildren":26,"miniMaxValue":8870.0}
{"stateId":289,"originShotId":40495,"birdIndex":0,"times":1,"score":8870,"totalScore":33120,"finalState":true,"active":false,"unvisitedChildren":0,"miniMaxValue":8870.0}
{"stateId":290,"originShotId":12849,"birdIndex":0,"times":2,"score":5310,"totalScore":12870,"finalState":false,"active":false,"unvisitedChildren":138,"miniMaxValue":40385.0}
{"stateId":291,"originShotId":40634,"birdIndex":0,"times":1,"score":37650,"totalScore":50230,"finalState":true,"active":false,"unvisitedChildren":0,"miniMaxValue":37650.0}
{"stateId":292,"originShotId":7,"birdIndex":0,"times":1,"score":6000,"totalScore":6000,"finalState":false,"active":false,"unvisitedChildren":631,"miniMaxValue":0.0}
{"stateId":293,"originShotId":40731,"birdIndex":0,"times":1,"score":12970,"totalScore":18970,"finalState":false,"active":false,"unvisitedChildren":515,"miniMaxValue":0.0}
{"stateId":294,"originShotId":41032,"birdIndex":0,"times":1,"score":10290,"totalScore":29260,"finalState":false,"active":false,"unvisitedChildren":383,"miniMaxValue":0.0}
{"stateId":295,"originShotId":41413,"birdIndex":0,"times":1,"score":1870,"totalScore":31130,"finalState":false,"active":false,"unvisitedChildren":204,"miniMaxValue":0.0}
{"stateId":296,"originShotId":41577,"birdIndex":0,"times":1,"score":0,"totalScore":31130,"finalState":true,"active":false,"unvisitedChildren":0,"miniMaxValue":0.0}
{"stateId":297,"originShotId":163,"birdIndex":0,"times":1,"score":6640,"totalScore":6640,"finalState":false,"active":false,"unvisitedChildren":328,"miniMaxValue":24230.0}
{"stateId":298,"originShotId":41828,"birdIndex":0,"times":1,"score":4870,"totalScore":11510,"finalState":false,"active":false,"unvisitedChildren":212,"miniMaxValue":24230.0}
{"stateId":299,"originShotId":42057,"birdIndex":0,"times":1,"score":7390,"totalScore":18900,"finalState":false,"active":false,"unvisitedChildren":110,"miniMaxValue":24230.0}
{"stateId":300,"originShotId":42190,"birdIndex":0,"times":1,"score":24230,"totalScore":43130,"finalState":true,"active":false,"unvisitedChildren":0,"miniMaxValue":24230.0}
{"stateId":303,"originShotId":107,"birdIndex":0,"times":2,"score":4330,"totalScore":4330,"finalState":false,"active":false,"unvisitedChildren":626,"miniMaxValue":0.0}
{"stateId":304,"originShotId":42692,"birdIndex":0,"times":1,"score":130,"totalScore":4510,"finalState":false,"active":false,"unvisitedChildren":166,"miniMaxValue":0.0}
{"stateId":305,"originShotId":42846,"birdIndex":0,"times":1,"score":1060,"totalScore":5570,"finalState":false,"active":false,"unvisitedChildren":62,"miniMaxValue":0.0}
{"stateId":306,"originShotId":42969,"birdIndex":0,"times":1,"score":6930,"totalScore":12500,"finalState":false,"active":false,"unvisitedChildren":26,"miniMaxValue":0.0}
{"stateId":307,"originShotId":43006,"birdIndex":0,"times":1,"score":0,"totalScore":12500,"finalState":true,"active":false,"unvisitedChildren":0,"miniMaxValue":0.0}
{"stateId":308,"originShotId":114,"birdIndex":0,"times":1,"score":6550,"totalScore":6550,"finalState":false,"active":false,"unvisitedChildren":326,"miniMaxValue":25540.0}
{"stateId":309,"originShotId":43113,"birdIndex":0,"times":1,"score":2510,"totalScore":9060,"finalState":false,"active":false,"unvisitedChildren":246,"miniMaxValue":25540.0}
{"stateId":310,"originShotId":43314,"birdIndex":0,"times":1,"score":10990,"totalScore":20050,"finalState":false,"active":false,"unvisitedChildren":132,"miniMaxValue":25540.0}
{"stateId":311,"originShotId":43559,"birdIndex":0,"times":1,"score":25540,"totalScore":45590,"finalState":true,"active":false,"unvisitedChildren":0,"miniMaxValue":25540.0}
{"stateId":316,"originShotId":4959,"birdIndex":0,"times":1,"score":11320,"totalScore":16040,"finalState":false,"active":false,"unvisitedChildren":413,"miniMaxValue":0.0}
{"stateId":317,"originShotId":44224,"birdIndex":0,"times":1,"score":9700,"totalScore":25740,"finalState":false,"active":false,"unvisitedChildren":341,"miniMaxValue":0.0}
{"stateId":318,"originShotId":44444,"birdIndex":0,"times":1,"score":880,"totalScore":26620,"finalState":false,"active":false,"unvisitedChildren":200,"miniMaxValue":0.0}
{"stateId":319,"originShotId":44573,"birdIndex":0,"times":1,"score":0,"totalScore":26620,"finalState":true,"active":false,"unvisitedChildren":0,"miniMaxValue":0.0}
{"stateId":324,"originShotId":33,"birdIndex":0,"times":1,"score":5530,"totalScore":5530,"finalState":false,"active":false,"unvisitedChildren":712,"miniMaxValue":0.0}
{"stateId":325,"originShotId":45622,"birdIndex":0,"times":1,"score":7240,"totalScore":12770,"finalState":false,"active":false,"unvisitedChildren":589,"miniMaxValue":0.0}
{"stateId":326,"originShotId":45785,"birdIndex":0,"times":1,"score":10170,"totalScore":22940,"finalState":false,"active":false,"unvisitedChildren":452,"miniMaxValue":0.0}
{"stateId":327,"originShotId":46002,"birdIndex":0,"times":1,"score":4680,"totalScore":27620,"finalState":false,"active":false,"unvisitedChildren":203,"miniMaxValue":0.0}
{"stateId":328,"originShotId":46485,"birdIndex":0,"times":1,"score":0,"totalScore":27620,"finalState":true,"active":false,"unvisitedChildren":0,"miniMaxValue":0.0}
{"stateId":334,"originShotId":42700,"birdIndex":0,"times":1,"score":140,"totalScore":4470,"finalState":false,"active":false,"unvisitedChildren":356,"miniMaxValue":0.0}
{"stateId":335,"originShotId":47774,"birdIndex":0,"times":1,"score":570,"totalScore":5040,"finalState":false,"active":false,"unvisitedChildren":242,"miniMaxValue":0.0}
{"stateId":336,"originShotId":47943,"birdIndex":0,"times":1,"score":14190,"totalScore":19230,"finalState":false,"active":false,"unvisitedChildren":87,"miniMaxValue":0.0}
{"stateId":337,"originShotId":48144,"birdIndex":0,"times":1,"score":0,"totalScore":19230,"finalState":true,"active":false,"unvisitedChildren":0,"miniMaxValue":0.0}
{"stateId":343,"originShotId":46,"birdIndex":0,"times":1,"score":6710,"totalScore":6710,"finalState":false,"active":false,"unvisitedChildren":129,"miniMaxValue":60720.0}
{"stateId":344,"originShotId":48787,"birdIndex":0,"times":1,"score":60720,"totalScore":67430,"finalState":true,"active":false,"unvisitedChildren":0,"miniMaxValue":60720.0}
{"stateId":349,"originShotId":59,"birdIndex":0,"times":1,"score":8570,"totalScore":8570,"finalState":false,"active":false,"unvisitedChildren":656,"miniMaxValue":0.0}
{"stateId":350,"originShotId":49591,"birdIndex":0,"times":1,"score":7210,"totalScore":15780,"finalState":false,"active":false,"unvisitedChildren":528,"miniMaxValue":0.0}
{"stateId":351,"originShotId":49680,"birdIndex":0,"times":1,"score":2900,"totalScore":18680,"finalState":false,"active":false,"unvisitedChildren":352,"miniMaxValue":0.0}
{"stateId":352,"originShotId":50056,"birdIndex":0,"times":1,"score":2860,"totalScore":21540,"finalState":false,"active":false,"unvisitedChildren":248,"miniMaxValue":0.0}
{"stateId":353,"originShotId":50261,"birdIndex":0,"times":1,"score":0,"totalScore":21540,"finalState":true,"active":false,"unvisitedChildren":0,"miniMaxValue":0.0}
{"stateId":354,"originShotId":121,"birdIndex":0,"times":1,"score":23270,"totalScore":23270,"finalState":false,"active":false,"unvisitedChildren":506,"miniMaxValue":5670.0}
{"stateId":355,"originShotId":50644,"birdIndex":0,"times":1,"score":280,"totalScore":23550,"finalState":false,"active":false,"unvisitedChildren":329,"miniMaxValue":5670.0}
{"stateId":356,"originShotId":50994,"birdIndex":0,"times":1,"score":250,"totalScore":23800,"finalState":false,"active":false,"unvisitedChildren":209,"miniMaxValue":5670.0}
{"stateId":357,"originShotId":51109,"birdIndex":0,"times":1,"score":4170,"totalScore":27970,"finalState":false,"active":false,"unvisitedChildren":98,"miniMaxValue":5670.0}
{"stateId":358,"originShotId":51240,"birdIndex":0,"times":1,"score":5670,"totalScore":33640,"finalState":true,"active":false,"unvisitedChildren":0,"miniMaxValue":5670.0}
{"stateId":359,"originShotId":13,"birdIndex":0,"times":1,"score":14590,"totalScore":14590,"finalState":false,"active":false,"unvisitedChildren":265,"miniMaxValue":33620.0}
{"stateId":360,"originShotId":51580,"birdIndex":0,"times":1,"score":6720,"totalScore":21310,"finalState":false,"active":false,"unvisitedChildren":140,"miniMaxValue":33620.0}
{"stateId":361,"originShotId":51650,"birdIndex":0,"times":1,"score":33620,"totalScore":54930,"finalState":true,"active":false,"unvisitedChildren":0,"miniMaxValue":33620.0}
{"stateId":366,"originShotId":49,"birdIndex":0,"times":1,"score":12950,"totalScore":12950,"finalState":false,"active":false,"unvisitedChildren":302,"miniMaxValue":0.0}
{"stateId":367,"originShotId":52544,"birdIndex":0,"times":1,"score":950,"totalScore":13900,"finalState":false,"active":false,"unvisitedChildren":225,"miniMaxValue":0.0}
{"stateId":368,"originShotId":52622,"birdIndex":0,"times":1,"score":660,"totalScore":14560,"finalState":false,"active":false,"unvisitedChildren":148,"miniMaxValue":0.0}
{"stateId":369,"originShotId":52697,"birdIndex":0,"times":1,"score":4390,"totalScore":18950,"finalState":false,"active":false,"unvisitedChildren":71,"miniMaxValue":0.0}
{"stateId":370,"originShotId":52781,"birdIndex":0,"times":1,"score":0,"totalScore":18950,"finalState":true,"active":false,"unvisitedChildren":0,"miniMaxValue":0.0}
{"stateId":372,"originShotId":3262,"birdIndex":0,"times":1,"score":56720,"totalScore":59940,"finalState":true,"active":false,"unvisitedChildren":0,"miniMaxValue":56720.0}
{"stateId":384,"originShotId":3178,"birdIndex":0,"times":1,"score":3150,"totalScore":22990,"finalState":false,"active":false,"unvisitedChildren":267,"miniMaxValue":0.0}
{"stateId":385,"originShotId":53345,"birdIndex":0,"times":1,"score":2070,"totalScore":25060,"finalState":false,"active":false,"unvisitedChildren":76,"miniMaxValue":0.0}
{"stateId":386,"originShotId":53378,"birdIndex":0,"times":1,"score":700,"totalScore":25760,"finalState":false,"active":false,"unvisitedChildren":38,"miniMaxValue":0.0}
{"stateId":387,"originShotId":53402,"birdIndex":0,"times":1,"score":0,"totalScore":25760,"finalState":true,"active":false,"unvisitedChildren":0,"miniMaxValue":0.0}
{"stateId":389,"originShotId":132,"birdIndex":0,"times":1,"score":7450,"totalScore":7450,"finalState":false,"active":false,"unvisitedChildren":200,"miniMaxValue":0.0}
{"stateId":390,"originShotId":53460,"birdIndex":0,"times":1,"score":7480,"totalScore":14930,"finalState":false,"active":false,"unvisitedChildren":147,"miniMaxValue":0.0}
{"stateId":391,"originShotId":53484,"birdIndex":0,"times":1,"score":5710,"totalScore":20640,"finalState":false,"active":false,"unvisitedChildren":100,"miniMaxValue":0.0}
{"stateId":392,"originShotId":53535,"birdIndex":0,"times":1,"score":2890,"totalScore":23530,"finalState":false,"active":false,"unvisitedChildren":44,"miniMaxValue":0.0}
{"stateId":393,"originShotId":53592,"birdIndex":0,"times":1,"score":0,"totalScore":23530,"finalState":true,"active":false,"unvisitedChildren":0,"miniMaxValue":0.0}
{"stateId":395,"originShotId":117,"birdIndex":0,"times":1,"score":6130,"totalScore":6130,"finalState":false,"active":false,"unvisitedChildren":387,"miniMaxValue":27430.0}
{"stateId":396,"originShotId":53710,"birdIndex":0,"times":1,"score":1330,"totalScore":7460,"finalState":false,"active":false,"unvisitedChildren":262,"miniMaxValue":27430.0}
{"stateId":397,"originShotId":53833,"birdIndex":0,"times":1,"score":5230,"totalScore":12690,"finalState":false,"active":false,"unvisitedChildren":137,"miniMaxValue":27430.0}
{"stateId":398,"originShotId":53920,"birdIndex":0,"times":1,"score":27430,"totalScore":40120,"finalState":true,"active":false,"unvisitedChildren":0,"miniMaxValue":27430.0}
{"stateId":399,"originShotId":3,"birdIndex":0,"times":1,"score":13370,"totalScore":13370,"finalState":false,"active":false,"unvisitedChildren":250,"miniMaxValue":27500.0}
{"stateId":400,"originShotId":54100,"birdIndex":0,"times":1,"score":6920,"totalScore":20290,"finalState":false,"active":false,"unvisitedChildren":134,"miniMaxValue":27500.0}
{"stateId":401,"originShotId":54157,"birdIndex":0,"times":1,"score":27500,"totalScore":47790,"finalState":true,"active":false,"unvisitedChildren":0,"miniMaxValue":27500.0}
{"stateId":402,"originShotId":25803,"birdIndex":0,"times":2,"score":39300,"totalScore":55625,"finalState":true,"active":false,"unvisitedChildren":0,"miniMaxValue":39300.0}
{"stateId":403,"originShotId":11330,"birdIndex":0,"times":1,"score":1710,"totalScore":16570,"finalState":false,"active":false,"unvisitedChildren":295,"miniMaxValue":16460.0}
{"stateId":404,"originShotId":54337,"birdIndex":0,"times":1,"score":5400,"totalScore":21970,"finalState":false,"active":false,"unvisitedChildren":167,"miniMaxValue":16460.0}
{"stateId":405,"originShotId":54559,"birdIndex":0,"times":1,"score":16460,"totalScore":38430,"finalState":true,"active":false,"unvisitedChildren":0,"miniMaxValue":16460.0}
{"stateId":406,"originShotId":161,"birdIndex":0,"times":1,"score":6130,"totalScore":6130,"finalState":false,"active":false,"unvisitedChildren":480,"miniMaxValue":25450.0}
{"stateId":407,"originShotId":54664,"birdIndex":0,"times":1,"score":7710,"totalScore":13840,"finalState":false,"active":false,"unvisitedChildren":337,"miniMaxValue":25450.0}
{"stateId":408,"originShotId":54742,"birdIndex":0,"times":1,"score":5370,"totalScore":19210,"finalState":false,"active":false,"unvisitedChildren":167,"miniMaxValue":25450.0}
{"stateId":409,"originShotId":54919,"birdIndex":0,"times":1,"score":25450,"totalScore":44660,"finalState":true,"active":false,"unvisitedChildren":0,"miniMaxValue":25450.0}
{"stateId":410,"originShotId":40634,"birdIndex":0,"times":1,"score":43120,"totalScore":56280,"finalState":true,"active":false,"unvisitedChildren":0,"miniMaxValue":43120.0}
{"stateId":419,"originShotId":166,"birdIndex":1,"times":49,"score":22079,"totalScore":22079,"finalState":false,"active":true,"unvisitedChildren":414,"miniMaxValue":39005.562}
{"stateId":420,"originShotId":55801,"birdIndex":2,"times":36,"score":40182,"totalScore":62122,"finalState":true,"active":true,"unvisitedChildren":0,"miniMaxValue":40254.0}
{"stateId":421,"originShotId":168,"birdIndex":0,"times":1,"score":6990,"totalScore":6990,"finalState":false,"active":false,"unvisitedChildren":542,"miniMaxValue":0.0}
{"stateId":422,"originShotId":55951,"birdIndex":0,"times":1,"score":3040,"totalScore":10030,"finalState":false,"active":false,"unvisitedChildren":414,"miniMaxValue":0.0}
{"stateId":423,"originShotId":56053,"birdIndex":0,"times":1,"score":6270,"totalScore":16300,"finalState":false,"active":false,"unvisitedChildren":283,"miniMaxValue":0.0}
{"stateId":424,"originShotId":56227,"birdIndex":0,"times":1,"score":3540,"totalScore":19840,"finalState":false,"active":false,"unvisitedChildren":134,"miniMaxValue":0.0}
{"stateId":425,"originShotId":56362,"birdIndex":0,"times":1,"score":0,"totalScore":19840,"finalState":true,"active":false,"unvisitedChildren":0,"miniMaxValue":0.0}
{"stateId":426,"originShotId":170,"birdIndex":0,"times":1,"score":6280,"totalScore":6280,"finalState":false,"active":false,"unvisitedChildren":236,"miniMaxValue":0.0}
{"stateId":427,"originShotId":56488,"birdIndex":0,"times":1,"score":2220,"totalScore":8500,"finalState":false,"active":false,"unvisitedChildren":123,"miniMaxValue":0.0}
{"stateId":428,"originShotId":56515,"birdIndex":0,"times":1,"score":160,"totalScore":8660,"finalState":false,"active":false,"unvisitedChildren":88,"miniMaxValue":0.0}
{"stateId":429,"originShotId":56554,"birdIndex":0,"times":1,"score":80,"totalScore":8740,"finalState":false,"active":false,"unvisitedChildren":50,"miniMaxValue":0.0}
{"stateId":430,"originShotId":56614,"birdIndex":0,"times":1,"score":0,"totalScore":8740,"finalState":true,"active":false,"unvisitedChildren":0,"miniMaxValue":0.0}
{"stateId":431,"originShotId":5965,"birdIndex":0,"times":1,"score":1070,"totalScore":4730,"finalState":false,"active":false,"unvisitedChildren":300,"miniMaxValue":0.0}
{"stateId":432,"originShotId":56678,"birdIndex":0,"times":1,"score":4230,"totalScore":8960,"finalState":false,"active":false,"unvisitedChildren":202,"miniMaxValue":0.0}
{"stateId":433,"originShotId":56765,"birdIndex":0,"times":1,"score":1790,"totalScore":10750,"finalState":false,"active":false,"unvisitedChildren":101,"miniMaxValue":0.0}
{"stateId":434,"originShotId":56905,"birdIndex":0,"times":1,"score":0,"totalScore":10750,"finalState":true,"active":false,"unvisitedChildren":0,"miniMaxValue":0.0}
{"stateId":435,"originShotId":29,"birdIndex":0,"times":1,"score":4530,"totalScore":4530,"finalState":false,"active":false,"unvisitedChildren":308,"miniMaxValue":0.0}
{"stateId":436,"originShotId":56971,"birdIndex":0,"times":1,"score":1030,"totalScore":5560,"finalState":false,"active":false,"unvisitedChildren":228,"miniMaxValue":0.0}
{"stateId":437,"originShotId":57058,"birdIndex":0,"times":1,"score":820,"totalScore":6380,"finalState":false,"active":false,"unvisitedChildren":145,"miniMaxValue":0.0}
{"stateId":438,"originShotId":57142,"birdIndex":0,"times":1,"score":1470,"totalScore":7850,"finalState":false,"active":false,"unvisitedChildren":71,"miniMaxValue":0.0}
{"stateId":439,"originShotId":57214,"birdIndex":0,"times":1,"score":0,"totalScore":7850,"finalState":true,"active":false,"unvisitedChildren":0,"miniMaxValue":0.0}
{"stateId":440,"originShotId":34,"birdIndex":1,"times":7,"score":2987,"totalScore":2987,"finalState":false,"active":false,"unvisitedChildren":1314,"miniMaxValue":23495.717}
{"stateId":441,"originShotId":57286,"birdIndex":0,"times":1,"score":11270,"totalScore":14490,"finalState":false,"active":false,"unvisitedChildren":217,"miniMaxValue":23700.0}
{"stateId":442,"originShotId":57358,"birdIndex":0,"times":1,"score":4330,"totalScore":18820,"finalState":false,"active":false,"unvisitedChildren":131,"miniMaxValue":23700.0}
{"stateId":443,"originShotId":57451,"birdIndex":0,"times":1,"score":23700,"totalScore":42520,"finalState":true,"active":false,"unvisitedChildren":0,"miniMaxValue":23700.0}
{"stateId":444,"originShotId":57286,"birdIndex":0,"times":2,"score":9280,"totalScore":12230,"finalState":false,"active":false,"unvisitedChildren":333,"miniMaxValue":21785.0}
{"stateId":445,"originShotId":57571,"birdIndex":0,"times":1,"score":43570,"totalScore":55470,"finalState":true,"active":false,"unvisitedChildren":0,"miniMaxValue":43570.0}
{"stateId":446,"originShotId":57571,"birdIndex":0,"times":1,"score":11920,"totalScore":24480,"finalState":false,"active":false,"unvisitedChildren":223,"miniMaxValue":0.0}
{"stateId":447,"originShotId":57757,"birdIndex":0,"times":1,"score":2130,"totalScore":26610,"finalState":false,"active":false,"unvisitedChildren":122,"miniMaxValue":0.0}
{"stateId":448,"originShotId":57769,"birdIndex":0,"times":1,"score":0,"totalScore":26610,"finalState":true,"active":false,"unvisitedChildren":0,"miniMaxValue":0.0}
{"stateId":449,"originShotId":12849,"birdIndex":0,"times":1,"score":8350,"totalScore":15800,"finalState":false,"active":false,"unvisitedChildren":193,"miniMaxValue":28030.0}
{"stateId":450,"originShotId":57907,"birdIndex":0,"times":1,"score":3480,"totalScore":19280,"finalState":false,"active":false,"unvisitedChildren":101,"miniMaxValue":28030.0}
{"stateId":451,"originShotId":58009,"birdIndex":0,"times":1,"score":28030,"totalScore":47310,"finalState":true,"active":false,"unvisitedChildren":0,"miniMaxValue":28030.0}
{"stateId":452,"originShotId":166,"birdIndex":1,"times":6,"score":24992,"totalScore":24992,"finalState":false,"active":false,"unvisitedChildren":299,"miniMaxValue":20664.168}
{"stateId":453,"originShotId":58117,"birdIndex":2,"times":6,"score":2796,"totalScore":27789,"finalState":false,"active":false,"unvisitedChildren":219,"miniMaxValue":20664.168}
{"stateId":454,"originShotId":58210,"birdIndex":3,"times":3,"score":25745,"totalScore":53102,"finalState":true,"active":false,"unvisitedChildren":0,"miniMaxValue":25745.0}
{"stateId":455,"originShotId":57286,"birdIndex":2,"times":3,"score":6705,"totalScore":9655,"finalState":false,"active":false,"unvisitedChildren":354,"miniMaxValue":26966.668}
{"stateId":456,"originShotId":58264,"birdIndex":0,"times":1,"score":39570,"totalScore":48750,"finalState":true,"active":false,"unvisitedChildren":0,"miniMaxValue":39570.0}
{"stateId":457,"originShotId":57286,"birdIndex":0,"times":1,"score":3390,"totalScore":6610,"finalState":false,"active":false,"unvisitedChildren":312,"miniMaxValue":16300.0}
{"stateId":458,"originShotId":58456,"birdIndex":0,"times":1,"score":6810,"totalScore":13420,"finalState":false,"active":false,"unvisitedChildren":193,"miniMaxValue":16300.0}
{"stateId":459,"originShotId":58492,"birdIndex":0,"times":1,"score":6380,"totalScore":19800,"finalState":false,"active":false,"unvisitedChildren":104,"miniMaxValue":16300.0}
{"stateId":460,"originShotId":58585,"birdIndex":0,"times":1,"score":16300,"totalScore":36100,"finalState":true,"active":false,"unvisitedChildren":0,"miniMaxValue":16300.0}
{"stateId":461,"originShotId":55801,"birdIndex":2,"times":9,"score":39483,"totalScore":61693,"finalState":true,"active":false,"unvisitedChildren":0,"miniMaxValue":39483.0}
{"stateId":462,"originShotId":58714,"birdIndex":0,"times":1,"score":2560,"totalScore":2560,"finalState":false,"active":false,"unvisitedChildren":351,"miniMaxValue":29590.0}
{"stateId":463,"originShotId":58861,"birdIndex":0,"times":1,"score":7030,"totalScore":9590,"finalState":false,"active":false,"unvisitedChildren":232,"miniMaxValue":29590.0}
{"stateId":464,"originShotId":58966,"birdIndex":0,"times":1,"score":6510,"totalScore":16100,"finalState":false,"active":false,"unvisitedChildren":122,"miniMaxValue":29590.0}
{"stateId":465,"originShotId":59110,"birdIndex":0,"times":1,"score":29590,"totalScore":45690,"finalState":true,"active":false,"unvisitedChildren":0,"miniMaxValue":29590.0}
{"stateId":466,"originShotId":58210,"birdIndex":0,"times":1,"score":26110,"totalScore":54680,"finalState":true,"active":false,"unvisitedChildren":0,"miniMaxValue":26110.0}
{"stateId":467,"originShotId":55801,"birdIndex":2,"times":2,"score":4015,"totalScore":25935,"finalState":false,"active":false,"unvisitedChildren":236,"miniMaxValue":27110.0}
{"stateId":468,"originShotId":59236,"birdIndex":0,"times":1,"score":2190,"totalScore":28440,"finalState":false,"active":false,"unvisitedChildren":115,"miniMaxValue":0.0}
{"stateId":469,"originShotId":59305,"birdIndex":0,"times":1,"score":1100,"totalScore":29540,"finalState":false,"active":false,"unvisitedChildren":53,"miniMaxValue":0.0}
{"stateId":470,"originShotId":59332,"birdIndex":0,"times":1,"score":0,"totalScore":29540,"finalState":true,"active":false,"unvisitedChildren":0,"miniMaxValue":0.0}
{"stateId":471,"originShotId":166,"birdIndex":1,"times":2,"score":20695,"totalScore":20695,"finalState":false,"active":false,"unvisitedChildren":133,"miniMaxValue":25620.0}
{"stateId":472,"originShotId":59407,"birdIndex":2,"times":2,"score":4580,"totalScore":25275,"finalState":false,"active":false,"unvisitedChildren":62,"miniMaxValue":25620.0}
{"stateId":473,"originShotId":59485,"birdIndex":3,"times":2,"score":25620,"totalScore":50895,"finalState":true,"active":false,"unvisitedChildren":0,"miniMaxValue":25620.0}
{"stateId":474,"originShotId":55801,"birdIndex":2,"times":2,"score":5295,"totalScore":27225,"finalState":false,"active":false,"unvisitedChildren":62,"miniMaxValue":26905.0}
{"stateId":475,"originShotId":59557,"birdIndex":3,"times":2,"score":26905,"totalScore":54130,"finalState":true,"active":false,"unvisitedChildren":0,"miniMaxValue":26905.0}
{"stateId":476,"originShotId":161,"birdIndex":0,"times":1,"score":5160,"totalScore":5160,"finalState":false,"active":false,"unvisitedChildren":494,"miniMaxValue":0.0}
{"stateId":477,"originShotId":59644,"birdIndex":0,"times":1,"score":1960,"totalScore":7120,"finalState":false,"active":false,"unvisitedChildren":369,"miniMaxValue":0.0}
{"stateId":478,"originShotId":59767,"birdIndex":0,"times":1,"score":120,"totalScore":7240,"finalState":false,"active":false,"unvisitedChildren":250,"miniMaxValue":0.0}
{"stateId":479,"originShotId":59914,"birdIndex":0,"times":1,"score":3470,"totalScore":10710,"finalState":false,"active":false,"unvisitedChildren":110,"miniMaxValue":0.0}
{"stateId":480,"originShotId":60034,"birdIndex":0,"times":1,"score":0,"totalScore":10710,"finalState":true,"active":false,"unvisitedChildren":0,"miniMaxValue":0.0}
{"stateId":481,"originShotId":49,"birdIndex":1,"times":1,"score":21770,"totalScore":21770,"finalState":false,"active":false,"unvisitedChildren":662,"miniMaxValue":0.0}
{"stateId":482,"originShotId":60103,"birdIndex":2,"times":1,"score":1310,"totalScore":23080,"finalState":false,"active":false,"unvisitedChildren":525,"miniMaxValue":0.0}
{"stateId":483,"originShotId":60247,"birdIndex":3,"times":1,"score":1600,"totalScore":24680,"finalState":false,"active":false,"unvisitedChildren":391,"miniMaxValue":0.0}
{"stateId":484,"originShotId":60394,"birdIndex":4,"times":1,"score":140,"totalScore":24820,"finalState":false,"active":false,"unvisitedChildren":194,"miniMaxValue":0.0}
{"stateId":485,"originShotId":60589,"birdIndex":5,"times":1,"score":0,"totalScore":24820,"finalState":true,"active":false,"unvisitedChildren":0,"miniMaxValue":0.0}
{"stateId":486,"originShotId":1213,"birdIndex":2,"times":1,"score":4230,"totalScore":9110,"finalState":false,"active":false,"unvisitedChildren":462,"miniMaxValue":0.0}
{"stateId":487,"originShotId":60792,"birdIndex":3,"times":1,"score":5430,"totalScore":14540,"finalState":false,"active":false,"unvisitedChildren":361,"miniMaxValue":0.0}
{"stateId":488,"originShotId":60855,"birdIndex":4,"times":1,"score":8170,"totalScore":22710,"finalState":false,"active":false,"unvisitedChildren":209,"miniMaxValue":0.0}
{"stateId":489,"originShotId":61188,"birdIndex":5,"times":1,"score":0,"totalScore":22710,"finalState":true,"active":false,"unvisitedChildren":0,"miniMaxValue":0.0}
{"stateId":490,"originShotId":166,"birdIndex":1,"times":1,"score":5030,"totalScore":5030,"finalState":false,"active":false,"unvisitedChildren":384,"miniMaxValue":30630.0}
{"stateId":491,"originShotId":61269,"birdIndex":2,"times":1,"score":7000,"totalScore":12030,"finalState":false,"active":false,"unvisitedChildren":271,"miniMaxValue":30630.0}
{"stateId":492,"originShotId":61344,"birdIndex":3,"times":1,"score":1870,"totalScore":13900,"finalState":false,"active":false,"unvisitedChildren":140,"miniMaxValue":30630.0}
{"stateId":493,"originShotId":61500,"birdIndex":4,"times":1,"score":30630,"totalScore":44530,"finalState":true,"active":false,"unvisitedChildren":0,"miniMaxValue":30630.0}
{"stateId":494,"originShotId":58264,"birdIndex":3,"times":1,"score":41330,"totalScore":50670,"finalState":true,"active":false,"unvisitedChildren":0,"miniMaxValue":41330.0}
{"stateId":495,"originShotId":58264,"birdIndex":3,"times":1,"score":15880,"totalScore":25930,"finalState":false,"active":false,"unvisitedChildren":253,"miniMaxValue":0.0}
{"stateId":496,"originShotId":61689,"birdIndex":4,"times":1,"score":2690,"totalScore":28620,"finalState":false,"active":false,"unvisitedChildren":140,"miniMaxValue":0.0}
{"stateId":497,"originShotId":61830,"birdIndex":5,"times":1,"score":0,"totalScore":28620,"finalState":true,"active":false,"unvisitedChildren":0,"miniMaxValue":0.0}
{"stateId":498,"originShotId":59238,"birdIndex":3,"times":1,"score":27110,"totalScore":52730,"finalState":true,"active":false,"unvisitedChildren":0,"miniMaxValue":27110.0}
{"stateId":499,"originShotId":58210,"birdIndex":3,"times":2,"score":905,"totalScore":28975,"finalState":false,"active":false,"unvisitedChildren":136,"miniMaxValue":10320.0}
{"stateId":500,"originShotId":61878,"birdIndex":4,"times":1,"score":270,"totalScore":29740,"finalState":false,"active":false,"unvisitedChildren":71,"miniMaxValue":5320.0}
{"stateId":501,"originShotId":61944,"birdIndex":5,"times":1,"score":5320,"totalScore":35060,"finalState":true,"active":false,"unvisitedChildren":0,"miniMaxValue":5320.0}
{"stateId":502,"originShotId":61878,"birdIndex":4,"times":1,"score":15320,"totalScore":43800,"finalState":true,"active":false,"unvisitedChildren":0,"miniMaxValue":15320.0}
