{"stateId":1,"originShotId":-1,"birdIndex":0,"times":0,"score":0,"totalScore":0,"finalState":false,"active":false,"unvisitedChildren":5566,"miniMaxValue":0.0}
{"stateId":2,"originShotId":73,"birdIndex":0,"times":1,"score":5900,"totalScore":5900,"finalState":false,"active":false,"unvisitedChildren":145,"miniMaxValue":28700.0}
{"stateId":3,"originShotId":114,"birdIndex":0,"times":1,"score":22740,"totalScore":28640,"finalState":false,"active":false,"unvisitedChildren":62,"miniMaxValue":28700.0}
{"stateId":4,"originShotId":192,"birdIndex":0,"times":1,"score":28700,"totalScore":57340,"finalState":true,"active":false,"unvisitedChildren":0,"miniMaxValue":28700.0}
{"stateId":5,"originShotId":57,"birdIndex":0,"times":1,"score":9430,"totalScore":9430,"finalState":false,"active":false,"unvisitedChildren":293,"miniMaxValue":0.0}
{"stateId":6,"originShotId":302,"birdIndex":0,"times":1,"score":8200,"totalScore":17630,"finalState":false,"active":false,"unvisitedChildren":225,"miniMaxValue":0.0}
{"stateId":7,"originShotId":319,"birdIndex":0,"times":1,"score":10770,"totalScore":28400,"finalState":false,"active":false,"unvisitedChildren":163,"miniMaxValue":0.0}
{"stateId":8,"originShotId":409,"birdIndex":0,"times":1,"score":4090,"totalScore":32490,"finalState":false,"active":false,"unvisitedChildren":101,"miniMaxValue":0.0}
{"stateId":9,"originShotId":463,"birdIndex":0,"times":1,"score":0,"totalScore":32490,"finalState":true,"active":false,"unvisitedChildren":0,"miniMaxValue":0.0}
{"stateId":10,"originShotId":90,"birdIndex":0,"times":3,"score":10805,"totalScore":10805,"finalState":false,"active":false,"unvisitedChildren":328,"miniMaxValue":29690.0}
{"stateId":11,"originShotId":590,"birdIndex":0,"times":1,"score":4420,"totalScore":15240,"finalState":false,"active":false,"unvisitedChildren":107,"miniMaxValue":42370.0}
{"stateId":12,"originShotId":688,"birdIndex":0,"times":1,"score":42370,"totalScore":57610,"finalState":true,"active":false,"unvisitedChildren":0,"miniMaxValue":42370.0}
{"stateId":13,"originShotId":66,"birdIndex":0,"times":1,"score":11610,"totalScore":11610,"finalState":false,"active":false,"unvisitedChildren":266,"miniMaxValue":0.0}
{"stateId":14,"originShotId":770,"birdIndex":0,"times":1,"score":9140,"totalScore":20750,"finalState":false,"active":false,"unvisitedChildren":204,"miniMaxValue":0.0}
{"stateId":15,"originShotId":790,"birdIndex":0,"times":1,"score":2220,"totalScore":22970,"finalState":false,"active":false,"unvisitedChildren":124,"miniMaxValue":0.0}
{"stateId":16,"originShotId":958,"birdIndex":0,"times":1,"score":2400,"totalScore":25370,"finalState":false,"active":false,"unvisitedChildren":23,"miniMaxValue":0.0}
{"stateId":17,"originShotId":983,"birdIndex":0,"times":1,"score":0,"totalScore":34090,"finalState":true,"active":false,"unvisitedChildren":0,"miniMaxValue":0.0}
{"stateId":18,"originShotId":88,"birdIndex":0,"times":18,"score":10430,"totalScore":10430,"finalState":false,"active":true,"unvisitedChildren":534,"miniMaxValue":42044.375}
{"stateId":19,"originShotId":1014,"birdIndex":0,"times":1,"score":17740,"totalScore":28170,"finalState":false,"active":false,"unvisitedChildren":77,"miniMaxValue":32840.0}
{"stateId":20,"originShotId":1087,"birdIndex":0,"times":1,"score":32840,"totalScore":61010,"finalState":true,"active":false,"unvisitedChildren":0,"miniMaxValue":32840.0}
{"stateId":21,"originShotId":51,"birdIndex":0,"times":1,"score":10310,"totalScore":10310,"finalState":false,"active":false,"unvisitedChildren":162,"miniMaxValue":18710.0}
{"stateId":22,"originShotId":1155,"birdIndex":0,"times":1,"score":12940,"totalScore":23250,"finalState":false,"active":false,"unvisitedChildren":70,"miniMaxValue":18710.0}
{"stateId":23,"originShotId":1235,"birdIndex":0,"times":1,"score":8550,"totalScore":31800,"finalState":false,"active":false,"unvisitedChildren":41,"miniMaxValue":18710.0}
{"stateId":24,"originShotId":1274,"birdIndex":0,"times":1,"score":18710,"totalScore":50510,"finalState":true,"active":false,"unvisitedChildren":0,"miniMaxValue":18710.0}
{"stateId":25,"originShotId":1031,"birdIndex":0,"times":2,"score":5410,"totalScore":15840,"finalState":false,"active":false,"unvisitedChildren":95,"miniMaxValue":43170.0}
{"stateId":26,"originShotId":1341,"birdIndex":0,"times":2,"score":43170,"totalScore":59010,"finalState":true,"active":false,"unvisitedChildren":0,"miniMaxValue":43170.0}
{"stateId":27,"originShotId":592,"birdIndex":0,"times":1,"score":17690,"totalScore":28510,"finalState":false,"active":false,"unvisitedChildren":71,"miniMaxValue":29690.0}
{"stateId":28,"originShotId":1431,"birdIndex":0,"times":1,"score":29690,"totalScore":58200,"finalState":true,"active":false,"unvisitedChildren":0,"miniMaxValue":29690.0}
{"stateId":29,"originShotId":38,"birdIndex":0,"times":1,"score":10200,"totalScore":10200,"finalState":false,"active":false,"unvisitedChildren":290,"miniMaxValue":7290.0}
{"stateId":30,"originShotId":1526,"birdIndex":0,"times":1,"score":10690,"totalScore":20890,"finalState":false,"active":false,"unvisitedChildren":195,"miniMaxValue":7290.0}
{"stateId":31,"originShotId":1629,"birdIndex":0,"times":1,"score":9160,"totalScore":30050,"finalState":false,"active":false,"unvisitedChildren":103,"miniMaxValue":7290.0}
{"stateId":32,"originShotId":1698,"birdIndex":0,"times":1,"score":5620,"totalScore":35670,"finalState":false,"active":false,"unvisitedChildren":29,"miniMaxValue":7290.0}
{"stateId":33,"originShotId":1717,"birdIndex":0,"times":1,"score":7290,"totalScore":42960,"finalState":true,"active":false,"unvisitedChildren":0,"miniMaxValue":7290.0}
{"stateId":34,"originShotId":35,"birdIndex":0,"times":2,"score":6050,"totalScore":6050,"finalState":false,"active":false,"unvisitedChildren":204,"miniMaxValue":21290.0}
{"stateId":35,"originShotId":1767,"birdIndex":0,"times":1,"score":10180,"totalScore":16280,"finalState":false,"active":false,"unvisitedChildren":68,"miniMaxValue":42580.0}
{"stateId":36,"originShotId":1822,"birdIndex":0,"times":1,"score":42580,"totalScore":58860,"finalState":true,"active":false,"unvisitedChildren":0,"miniMaxValue":42580.0}
{"stateId":37,"originShotId":77,"birdIndex":0,"times":1,"score":10970,"totalScore":10970,"finalState":false,"active":false,"unvisitedChildren":334,"miniMaxValue":6340.0}
{"stateId":38,"originShotId":1918,"birdIndex":0,"times":1,"score":10880,"totalScore":21850,"finalState":false,"active":false,"unvisitedChildren":197,"miniMaxValue":6340.0}
{"stateId":39,"originShotId":2002,"birdIndex":0,"times":1,"score":5860,"totalScore":27710,"finalState":false,"active":false,"unvisitedChildren":132,"miniMaxValue":6340.0}
{"stateId":40,"originShotId":2066,"birdIndex":0,"times":1,"score":9930,"totalScore":37640,"finalState":false,"active":false,"unvisitedChildren":40,"miniMaxValue":6340.0}
{"stateId":41,"originShotId":2156,"birdIndex":0,"times":1,"score":6340,"totalScore":43980,"finalState":true,"active":false,"unvisitedChildren":0,"miniMaxValue":6340.0}
{"stateId":42,"originShotId":53,"birdIndex":0,"times":1,"score":3700,"totalScore":3700,"finalState":false,"active":false,"unvisitedChildren":246,"miniMaxValue":0.0}
{"stateId":43,"originShotId":2246,"birdIndex":0,"times":1,"score":15180,"totalScore":18880,"finalState":false,"active":false,"unvisitedChildren":145,"miniMaxValue":0.0}
{"stateId":44,"originShotId":2335,"birdIndex":0,"times":1,"score":14800,"totalScore":33680,"finalState":false,"active":false,"unvisitedChildren":101,"miniMaxValue":0.0}
{"stateId":45,"originShotId":2350,"birdIndex":0,"times":1,"score":2150,"totalScore":35830,"finalState":false,"active":false,"unvisitedChildren":21,"miniMaxValue":0.0}
{"stateId":46,"originShotId":2432,"birdIndex":0,"times":1,"score":0,"totalScore":35830,"finalState":true,"active":false,"unvisitedChildren":0,"miniMaxValue":0.0}
{"stateId":47,"originShotId":67,"birdIndex":0,"times":5,"score":11695,"totalScore":11695,"finalState":false,"active":false,"unvisitedChildren":509,"miniMaxValue":30776.0}
{"stateId":48,"originShotId":2491,"birdIndex":0,"times":2,"score":52680,"totalScore":64300,"finalState":true,"active":false,"unvisitedChildren":0,"miniMaxValue":52680.0}
{"stateId":49,"originShotId":49,"birdIndex":0,"times":1,"score":12360,"totalScore":12360,"finalState":false,"active":false,"unvisitedChildren":242,"miniMaxValue":0.0}
{"stateId":50,"originShotId":2518,"birdIndex":0,"times":1,"score":1930,"totalScore":14290,"finalState":false,"active":false,"unvisitedChildren":156,"miniMaxValue":0.0}
{"stateId":51,"originShotId":2605,"birdIndex":0,"times":1,"score":0,"totalScore":14290,"finalState":false,"active":false,"unvisitedChildren":73,"miniMaxValue":0.0}
{"stateId":52,"originShotId":2686,"birdIndex":0,"times":1,"score":0,"totalScore":14290,"finalState":false,"active":false,"unvisitedChildren":8,"miniMaxValue":0.0}
{"stateId":53,"originShotId":2754,"birdIndex":0,"times":1,"score":0,"totalScore":14290,"finalState":true,"active":false,"unvisitedChildren":0,"miniMaxValue":0.0}
{"stateId":54,"originShotId":59,"birdIndex":0,"times":1,"score":10620,"totalScore":10620,"finalState":false,"active":false,"unvisitedChildren":209,"miniMaxValue":0.0}
{"stateId":55,"originShotId":2807,"birdIndex":0,"times":1,"score":13060,"totalScore":23680,"finalState":false,"active":false,"unvisitedChildren":108,"miniMaxValue":0.0}
{"stateId":56,"originShotId":2900,"birdIndex":0,"times":1,"score":11200,"totalScore":34880,"finalState":false,"active":false,"unvisitedChildren":49,"miniMaxValue":0.0}
{"stateId":57,"originShotId":2926,"birdIndex":0,"times":1,"score":970,"totalScore":35850,"finalState":false,"active":false,"unvisitedChildren":20,"miniMaxValue":0.0}
{"stateId":58,"originShotId":2955,"birdIndex":0,"times":1,"score":0,"totalScore":35850,"finalState":true,"active":false,"unvisitedChildren":0,"miniMaxValue":0.0}
{"stateId":59,"originShotId":34,"birdIndex":0,"times":1,"score":2300,"totalScore":2300,"finalState":false,"active":false,"unvisitedChildren":341,"miniMaxValue":0.0}
{"stateId":60,"originShotId":2997,"birdIndex":0,"times":1,"score":10320,"totalScore":12620,"finalState":false,"active":false,"unvisitedChildren":261,"miniMaxValue":0.0}
{"stateId":61,"originShotId":3077,"birdIndex":0,"times":1,"score":11100,"totalScore":23720,"finalState":false,"active":false,"unvisitedChildren":181,"miniMaxValue":0.0}
{"stateId":62,"originShotId":3196,"birdIndex":0,"times":1,"score":10050,"totalScore":33770,"finalState":false,"active":false,"unvisitedChildren":98,"miniMaxValue":0.0}
{"stateId":63,"originShotId":3310,"birdIndex":0,"times":1,"score":0,"totalScore":33770,"finalState":true,"active":false,"unvisitedChildren":0,"miniMaxValue":0.0}
{"stateId":64,"originShotId":65,"birdIndex":0,"times":2,"score":10510,"totalScore":10510,"finalState":false,"active":false,"unvisitedChildren":394,"miniMaxValue":20735.0}
{"stateId":65,"originShotId":3394,"birdIndex":0,"times":1,"score":4480,"totalScore":14990,"finalState":false,"active":false,"unvisitedChildren":113,"miniMaxValue":41470.0}
{"stateId":66,"originShotId":3502,"birdIndex":0,"times":1,"score":41470,"totalScore":56460,"finalState":true,"active":false,"unvisitedChildren":0,"miniMaxValue":41470.0}
{"stateId":67,"originShotId":31,"birdIndex":0,"times":1,"score":13570,"totalScore":13570,"finalState":false,"active":false,"unvisitedChildren":242,"miniMaxValue":0.0}
{"stateId":68,"originShotId":3539,"birdIndex":0,"times":1,"score":12350,"totalScore":25920,"finalState":false,"active":false,"unvisitedChildren":195,"miniMaxValue":0.0}
{"stateId":69,"originShotId":3572,"birdIndex":0,"times":1,"score":5570,"totalScore":31490,"finalState":false,"active":false,"unvisitedChildren":124,"miniMaxValue":0.0}
{"stateId":70,"originShotId":3681,"birdIndex":0,"times":1,"score":9050,"totalScore":40540,"finalState":false,"active":false,"unvisitedChildren":62,"miniMaxValue":0.0}
{"stateId":71,"originShotId":3718,"birdIndex":0,"times":1,"score":0,"totalScore":40540,"finalState":true,"active":false,"unvisitedChildren":0,"miniMaxValue":0.0}
{"stateId":72,"originShotId":2491,"birdIndex":0,"times":1,"score":18630,"totalScore":30250,"finalState":false,"active":false,"unvisitedChildren":104,"miniMaxValue":29020.0}
{"stateId":73,"originShotId":3820,"birdIndex":0,"times":1,"score":29020,"totalScore":59270,"finalState":true,"active":false,"unvisitedChildren":0,"miniMaxValue":29020.0}
{"stateId":74,"originShotId":2491,"birdIndex":0,"times":1,"score":12020,"totalScore":23740,"finalState":false,"active":false,"unvisitedChildren":193,"miniMaxValue":19500.0}
{"stateId":75,"originShotId":3943,"birdIndex":0,"times":1,"score":9250,"totalScore":32990,"finalState":false,"active":false,"unvisitedChildren":110,"miniMaxValue":19500.0}
{"stateId":76,"originShotId":4045,"birdIndex":0,"times":1,"score":19500,"totalScore":52490,"finalState":true,"active":false,"unvisitedChildren":0,"miniMaxValue":19500.0}
{"stateId":77,"originShotId":88,"birdIndex":0,"times":8,"score":5450,"totalScore":5450,"finalState":false,"active":false,"unvisitedChildren":267,"miniMaxValue":37810.0}
{"stateId":78,"originShotId":4087,"birdIndex":0,"times":3,"score":10955,"totalScore":16405,"finalState":false,"active":false,"unvisitedChildren":164,"miniMaxValue":19266.666}
{"stateId":79,"originShotId":4186,"birdIndex":0,"times":3,"score":12632,"totalScore":29037,"finalState":false,"active":false,"unvisitedChildren":66,"miniMaxValue":19266.666}
{"stateId":80,"originShotId":4243,"birdIndex":0,"times":2,"score":25440,"totalScore":54365,"finalState":true,"active":false,"unvisitedChildren":0,"miniMaxValue":25440.0}
{"stateId":81,"originShotId":1767,"birdIndex":0,"times":1,"score":15930,"totalScore":21930,"finalState":false,"active":false,"unvisitedChildren":95,"miniMaxValue":0.0}
{"stateId":82,"originShotId":4270,"birdIndex":0,"times":1,"score":10880,"totalScore":32810,"finalState":false,"active":false,"unvisitedChildren":51,"miniMaxValue":0.0}
{"stateId":83,"originShotId":4327,"birdIndex":0,"times":1,"score":3610,"totalScore":36420,"finalState":false,"active":false,"unvisitedChildren":0,"miniMaxValue":0.0}
{"stateId":84,"originShotId":590,"birdIndex":0,"times":1,"score":9580,"totalScore":20370,"finalState":false,"active":false,"unvisitedChildren":80,"miniMaxValue":0.0}
{"stateId":85,"originShotId":4357,"birdIndex":0,"times":1,"score":9870,"totalScore":30240,"finalState":false,"active":false,"unvisitedChildren":42,"miniMaxValue":0.0}
{"stateId":86,"originShotId":4411,"birdIndex":0,"times":1,"score":5270,"totalScore":35510,"finalState":false,"active":false,"unvisitedChildren":0,"miniMaxValue":0.0}
{"stateId":87,"originShotId":3394,"birdIndex":0,"times":1,"score":9790,"totalScore":20300,"finalState":false,"active":false,"unvisitedChildren":195,"miniMaxValue":0.0}
{"stateId":88,"originShotId":4438,"birdIndex":0,"times":1,"score":5800,"totalScore":26100,"finalState":false,"active":false,"unvisitedChildren":148,"miniMaxValue":0.0}
{"stateId":89,"originShotId":4543,"birdIndex":0,"times":1,"score":0,"totalScore":26100,"finalState":false,"active":false,"unvisitedChildren":80,"miniMaxValue":0.0}
{"stateId":90,"originShotId":4621,"birdIndex":0,"times":1,"score":0,"totalScore":26100,"finalState":true,"active":false,"unvisitedChildren":0,"miniMaxValue":0.0}
{"stateId":91,"originShotId":2491,"birdIndex":0,"times":1,"score":20900,"totalScore":32620,"finalState":false,"active":false,"unvisitedChildren":144,"miniMaxValue":0.0}
{"stateId":92,"originShotId":4735,"birdIndex":0,"times":1,"score":3800,"totalScore":36420,"finalState":false,"active":false,"unvisitedChildren":34,"miniMaxValue":0.0}
{"stateId":93,"originShotId":4756,"birdIndex":0,"times":1,"score":3190,"totalScore":39610,"finalState":false,"active":false,"unvisitedChildren":11,"miniMaxValue":0.0}
{"stateId":94,"originShotId":4763,"birdIndex":0,"times":1,"score":0,"totalScore":39610,"finalState":true,"active":false,"unvisitedChildren":0,"miniMaxValue":0.0}
{"stateId":95,"originShotId":1031,"birdIndex":0,"times":7,"score":4430,"totalScore":14860,"finalState":false,"active":false,"unvisitedChildren":134,"miniMaxValue":43197.145}
{"stateId":96,"originShotId":4795,"birdIndex":0,"times":5,"score":43404,"totalScore":58264,"finalState":true,"active":false,"unvisitedChildren":0,"miniMaxValue":43404.0}
{"stateId":97,"originShotId":4087,"birdIndex":0,"times":2,"score":15270,"totalScore":20720,"finalState":false,"active":false,"unvisitedChildren":59,"miniMaxValue":36615.0}
{"stateId":98,"originShotId":4855,"birdIndex":0,"times":1,"score":36990,"totalScore":57710,"finalState":true,"active":false,"unvisitedChildren":0,"miniMaxValue":36990.0}
{"stateId":99,"originShotId":88,"birdIndex":0,"times":1,"score":14310,"totalScore":14310,"finalState":false,"active":false,"unvisitedChildren":151,"miniMaxValue":36240.0}
{"stateId":100,"originShotId":4873,"birdIndex":0,"times":1,"score":11120,"totalScore":25430,"finalState":false,"active":false,"unvisitedChildren":89,"miniMaxValue":36240.0}
{"stateId":101,"originShotId":5017,"birdIndex":0,"times":1,"score":36240,"totalScore":61670,"finalState":true,"active":false,"unvisitedChildren":0,"miniMaxValue":36240.0}
{"stateId":102,"originShotId":4243,"birdIndex":0,"times":1,"score":11030,"totalScore":40180,"finalState":false,"active":false,"unvisitedChildren":19,"miniMaxValue":6920.0}
{"stateId":103,"originShotId":5039,"birdIndex":0,"times":1,"score":6920,"totalScore":47100,"finalState":true,"active":false,"unvisitedChildren":0,"miniMaxValue":6920.0}
{"stateId":104,"originShotId":4087,"birdIndex":0,"times":3,"score":57150,"totalScore":62600,"finalState":true,"active":false,"unvisitedChildren":0,"miniMaxValue":57150.0}
{"stateId":105,"originShotId":4795,"birdIndex":0,"times":2,"score":42680,"totalScore":57540,"finalState":true,"active":false,"unvisitedChildren":0,"miniMaxValue":42680.0}
{"stateId":106,"originShotId":4855,"birdIndex":0,"times":1,"score":36240,"totalScore":56960,"finalState":true,"active":false,"unvisitedChildren":0,"miniMaxValue":36240.0}
{"stateId":107,"originShotId":1031,"birdIndex":0,"times":8,"score":6330,"totalScore":16760,"finalState":false,"active":true,"unvisitedChildren":86,"miniMaxValue":40570.0}
{"stateId":108,"originShotId":5412,"birdIndex":0,"times":6,"score":40435,"totalScore":57195,"finalState":true,"active":true,"unvisitedChildren":0,"miniMaxValue":40560.0}
{"stateId":109,"originShotId":5139,"birdIndex":0,"times":1,"score":5980,"totalScore":5980,"finalState":false,"active":false,"unvisitedChildren":76,"miniMaxValue":33400.0}
{"stateId":110,"originShotId":5445,"birdIndex":0,"times":1,"score":16320,"totalScore":22300,"finalState":false,"active":false,"unvisitedChildren":32,"miniMaxValue":33400.0}
{"stateId":111,"originShotId":5496,"birdIndex":0,"times":1,"score":33400,"totalScore":55700,"finalState":true,"active":false,"unvisitedChildren":0,"miniMaxValue":33400.0}
{"stateId":112,"originShotId":5140,"birdIndex":0,"times":1,"score":11300,"totalScore":11300,"finalState":false,"active":false,"unvisitedChildren":233,"miniMaxValue":0.0}
{"stateId":113,"originShotId":5592,"birdIndex":0,"times":1,"score":15080,"totalScore":26380,"finalState":false,"active":false,"unvisitedChildren":141,"miniMaxValue":0.0}
{"stateId":114,"originShotId":5643,"birdIndex":0,"times":1,"score":6730,"totalScore":33110,"finalState":false,"active":false,"unvisitedChildren":79,"miniMaxValue":0.0}
{"stateId":115,"originShotId":5682,"birdIndex":0,"times":1,"score":6740,"totalScore":39850,"finalState":false,"active":false,"unvisitedChildren":32,"miniMaxValue":0.0}
{"stateId":116,"originShotId":5709,"birdIndex":0,"times":1,"score":0,"totalScore":39850,"finalState":true,"active":false,"unvisitedChildren":0,"miniMaxValue":0.0}
{"stateId":117,"originShotId":5412,"birdIndex":0,"times":1,"score":41400,"totalScore":58160,"finalState":true,"active":false,"unvisitedChildren":0,"miniMaxValue":41400.0}
{"stateId":118,"originShotId":5412,"birdIndex":0,"times":1,"score":39790,"totalScore":56550,"finalState":true,"active":false,"unvisitedChildren":0,"miniMaxValue":39790.0}
