{"stateId":1,"originShotId":-1,"birdIndex":0,"times":0,"score":0,"totalScore":0,"finalState":false,"active":false,"unvisitedChildren":15712,"miniMaxValue":0.0}
{"stateId":2,"originShotId":73,"birdIndex":0,"times":1,"score":5900,"totalScore":5900,"finalState":false,"active":false,"unvisitedChildren":145,"miniMaxValue":28700.0}
{"stateId":3,"originShotId":114,"birdIndex":0,"times":1,"score":22740,"totalScore":28640,"finalState":false,"active":false,"unvisitedChildren":62,"miniMaxValue":28700.0}
{"stateId":4,"originShotId":192,"birdIndex":0,"times":1,"score":28700,"totalScore":57340,"finalState":true,"active":false,"unvisitedChildren":0,"miniMaxValue":28700.0}
{"stateId":5,"originShotId":57,"birdIndex":0,"times":1,"score":9430,"totalScore":9430,"finalState":false,"active":false,"unvisitedChildren":293,"miniMaxValue":0.0}
{"stateId":6,"originShotId":302,"birdIndex":0,"times":1,"score":8200,"totalScore":17630,"finalState":false,"active":false,"unvisitedChildren":225,"miniMaxValue":0.0}
{"stateId":7,"originShotId":319,"birdIndex":0,"times":1,"score":10770,"totalScore":28400,"finalState":false,"active":false,"unvisitedChildren":163,"miniMaxValue":0.0}
{"stateId":8,"originShotId":409,"birdIndex":0,"times":1,"score":4090,"totalScore":32490,"finalState":false,"active":false,"unvisitedChildren":101,"miniMaxValue":0.0}
{"stateId":9,"originShotId":463,"birdIndex":0,"times":1,"score":0,"totalScore":32490,"finalState":true,"active":false,"unvisitedChildren":0,"miniMaxValue":0.0}
{"stateId":10,"originShotId":90,"birdIndex":0,"times":3,"score":10805,"totalScore":10805,"finalState":false,"active":false,"unvisitedChildren":248,"miniMaxValue":42370.0}
{"stateId":11,"originShotId":590,"birdIndex":0,"times":1,"score":4420,"totalScore":15240,"finalState":false,"active":false,"unvisitedChildren":107,"miniMaxValue":42370.0}
{"stateId":12,"originShotId":688,"birdIndex":0,"times":1,"score":42370,"totalScore":57610,"finalState":true,"active":false,"unvisitedChildren":0,"miniMaxValue":42370.0}
{"stateId":13,"originShotId":66,"birdIndex":0,"times":1,"score":11610,"totalScore":11610,"finalState":false,"active":false,"unvisitedChildren":266,"miniMaxValue":0.0}
{"stateId":14,"originShotId":770,"birdIndex":0,"times":1,"score":9140,"totalScore":20750,"finalState":false,"active":false,"unvisitedChildren":204,"miniMaxValue":0.0}
{"stateId":15,"originShotId":790,"birdIndex":0,"times":1,"score":2220,"totalScore":22970,"finalState":false,"active":false,"unvisitedChildren":124,"miniMaxValue":0.0}
{"stateId":17,"originShotId":983,"birdIndex":0,"times":1,"score":0,"totalScore":34090,"finalState":true,"active":false,"unvisitedChildren":0,"miniMaxValue":0.0}
{"stateId":16,"originShotId":958,"birdIndex":0,"times":1,"score":2400,"totalScore":25370,"finalState":false,"active":false,"unvisitedChildren":23,"miniMaxValue":0.0}
{"stateId":19,"originShotId":1014,"birdIndex":0,"times":1,"score":17740,"totalScore":28170,"finalState":false,"active":false,"unvisitedChildren":77,"miniMaxValue":32840.0}
{"stateId":18,"originShotId":88,"birdIndex":0,"times":18,"score":10430,"totalScore":10430,"finalState":false,"active":false,"unvisitedChildren":534,"miniMaxValue":41912.945}
{"stateId":21,"originShotId":51,"birdIndex":0,"times":1,"score":10310,"totalScore":10310,"finalState":false,"active":false,"unvisitedChildren":162,"miniMaxValue":18710.0}
{"stateId":20,"originShotId":1087,"birdIndex":0,"times":1,"score":32840,"totalScore":61010,"finalState":true,"active":false,"unvisitedChildren":0,"miniMaxValue":32840.0}
{"stateId":23,"originShotId":1235,"birdIndex":0,"times":1,"score":8550,"totalScore":31800,"finalState":false,"active":false,"unvisitedChildren":41,"miniMaxValue":18710.0}
{"stateId":22,"originShotId":1155,"birdIndex":0,"times":1,"score":12940,"totalScore":23250,"finalState":false,"active":false,"unvisitedChildren":70,"miniMaxValue":18710.0}
{"stateId":25,"originShotId":1031,"birdIndex":0,"times":2,"score":5410,"totalScore":15840,"finalState":false,"active":false,"unvisitedChildren":95,"miniMaxValue":43170.0}
{"stateId":24,"originShotId":1274,"birdIndex":0,"times":1,"score":18710,"totalScore":50510,"finalState":true,"active":false,"unvisitedChildren":0,"miniMaxValue":18710.0}
{"stateId":27,"originShotId":592,"birdIndex":0,"times":1,"score":17690,"totalScore":28510,"finalState":false,"active":false,"unvisitedChildren":71,"miniMaxValue":29690.0}
{"stateId":26,"originShotId":1341,"birdIndex":0,"times":2,"score":43170,"totalScore":59010,"finalState":true,"active":false,"unvisitedChildren":0,"miniMaxValue":43170.0}
{"stateId":29,"originShotId":38,"birdIndex":0,"times":1,"score":10200,"totalScore":10200,"finalState":false,"active":false,"unvisitedChildren":290,"miniMaxValue":7290.0}
{"stateId":28,"originShotId":1431,"birdIndex":0,"times":1,"score":29690,"totalScore":58200,"finalState":true,"active":false,"unvisitedChildren":0,"miniMaxValue":29690.0}
{"stateId":31,"originShotId":1629,"birdIndex":0,"times":1,"score":9160,"totalScore":30050,"finalState":false,"active":false,"unvisitedChildren":103,"miniMaxValue":7290.0}
{"stateId":30,"originShotId":1526,"birdIndex":0,"times":1,"score":10690,"totalScore":20890,"finalState":false,"active":false,"unvisitedChildren":195,"miniMaxValue":7290.0}
{"stateId":34,"originShotId":35,"birdIndex":0,"times":2,"score":6050,"totalScore":6050,"finalState":false,"active":false,"unvisitedChildren":109,"miniMaxValue":42580.0}
{"stateId":35,"originShotId":1767,"birdIndex":0,"times":1,"score":10180,"totalScore":16280,"finalState":false,"active":false,"unvisitedChildren":68,"miniMaxValue":42580.0}
{"stateId":32,"originShotId":1698,"birdIndex":0,"times":1,"score":5620,"totalScore":35670,"finalState":false,"active":false,"unvisitedChildren":29,"miniMaxValue":7290.0}
{"stateId":33,"originShotId":1717,"birdIndex":0,"times":1,"score":7290,"totalScore":42960,"finalState":true,"active":false,"unvisitedChildren":0,"miniMaxValue":7290.0}
{"stateId":38,"originShotId":1918,"birdIndex":0,"times":1,"score":10880,"totalScore":21850,"finalState":false,"active":false,"unvisitedChildren":197,"miniMaxValue":6340.0}
{"stateId":39,"originShotId":2002,"birdIndex":0,"times":1,"score":5860,"totalScore":27710,"finalState":false,"active":false,"unvisitedChildren":132,"miniMaxValue":6340.0}
{"stateId":36,"originShotId":1822,"birdIndex":0,"times":1,"score":42580,"totalScore":58860,"finalState":true,"active":false,"unvisitedChildren":0,"miniMaxValue":42580.0}
{"stateId":37,"originShotId":77,"birdIndex":0,"times":1,"score":10970,"totalScore":10970,"finalState":false,"active":false,"unvisitedChildren":334,"miniMaxValue":6340.0}
{"stateId":42,"originShotId":53,"birdIndex":0,"times":1,"score":3700,"totalScore":3700,"finalState":false,"active":false,"unvisitedChildren":246,"miniMaxValue":0.0}
{"stateId":43,"originShotId":2246,"birdIndex":0,"times":1,"score":15180,"totalScore":18880,"finalState":false,"active":false,"unvisitedChildren":145,"miniMaxValue":0.0}
{"stateId":40,"originShotId":2066,"birdIndex":0,"times":1,"score":9930,"totalScore":37640,"finalState":false,"active":false,"unvisitedChildren":40,"miniMaxValue":6340.0}
{"stateId":41,"originShotId":2156,"birdIndex":0,"times":1,"score":6340,"totalScore":43980,"finalState":true,"active":false,"unvisitedChildren":0,"miniMaxValue":6340.0}
{"stateId":46,"originShotId":2432,"birdIndex":0,"times":1,"score":0,"totalScore":35830,"finalState":true,"active":false,"unvisitedChildren":0,"miniMaxValue":0.0}
{"stateId":47,"originShotId":67,"birdIndex":0,"times":5,"score":11695,"totalScore":11695,"finalState":false,"active":false,"unvisitedChildren":509,"miniMaxValue":30776.0}
{"stateId":44,"originShotId":2335,"birdIndex":0,"times":1,"score":14800,"totalScore":33680,"finalState":false,"active":false,"unvisitedChildren":101,"miniMaxValue":0.0}
{"stateId":45,"originShotId":2350,"birdIndex":0,"times":1,"score":2150,"totalScore":35830,"finalState":false,"active":false,"unvisitedChildren":21,"miniMaxValue":0.0}
{"stateId":51,"originShotId":2605,"birdIndex":0,"times":1,"score":0,"totalScore":14290,"finalState":false,"active":false,"unvisitedChildren":73,"miniMaxValue":0.0}
{"stateId":50,"originShotId":2518,"birdIndex":0,"times":1,"score":1930,"totalScore":14290,"finalState":false,"active":false,"unvisitedChildren":156,"miniMaxValue":0.0}
{"stateId":49,"originShotId":49,"birdIndex":0,"times":1,"score":12360,"totalScore":12360,"finalState":false,"active":false,"unvisitedChildren":242,"miniMaxValue":0.0}
{"stateId":48,"originShotId":2491,"birdIndex":0,"times":2,"score":52680,"totalScore":64300,"finalState":true,"active":false,"unvisitedChildren":0,"miniMaxValue":52680.0}
{"stateId":55,"originShotId":2807,"birdIndex":0,"times":1,"score":13060,"totalScore":23680,"finalState":false,"active":false,"unvisitedChildren":108,"miniMaxValue":0.0}
{"stateId":54,"originShotId":59,"birdIndex":0,"times":1,"score":10620,"totalScore":10620,"finalState":false,"active":false,"unvisitedChildren":209,"miniMaxValue":0.0}
{"stateId":53,"originShotId":2754,"birdIndex":0,"times":1,"score":0,"totalScore":14290,"finalState":true,"active":false,"unvisitedChildren":0,"miniMaxValue":0.0}
{"stateId":52,"originShotId":2686,"birdIndex":0,"times":1,"score":0,"totalScore":14290,"finalState":false,"active":false,"unvisitedChildren":8,"miniMaxValue":0.0}
{"stateId":59,"originShotId":34,"birdIndex":0,"times":1,"score":2300,"totalScore":2300,"finalState":false,"active":false,"unvisitedChildren":341,"miniMaxValue":0.0}
{"stateId":58,"originShotId":2955,"birdIndex":0,"times":1,"score":0,"totalScore":35850,"finalState":true,"active":false,"unvisitedChildren":0,"miniMaxValue":0.0}
{"stateId":57,"originShotId":2926,"birdIndex":0,"times":1,"score":970,"totalScore":35850,"finalState":false,"active":false,"unvisitedChildren":20,"miniMaxValue":0.0}
{"stateId":56,"originShotId":2900,"birdIndex":0,"times":1,"score":11200,"totalScore":34880,"finalState":false,"active":false,"unvisitedChildren":49,"miniMaxValue":0.0}
{"stateId":63,"originShotId":3310,"birdIndex":0,"times":1,"score":0,"totalScore":33770,"finalState":true,"active":false,"unvisitedChildren":0,"miniMaxValue":0.0}
{"stateId":62,"originShotId":3196,"birdIndex":0,"times":1,"score":10050,"totalScore":33770,"finalState":false,"active":false,"unvisitedChildren":98,"miniMaxValue":0.0}
{"stateId":61,"originShotId":3077,"birdIndex":0,"times":1,"score":11100,"totalScore":23720,"finalState":false,"active":false,"unvisitedChildren":181,"miniMaxValue":0.0}
{"stateId":60,"originShotId":2997,"birdIndex":0,"times":1,"score":10320,"totalScore":12620,"finalState":false,"active":false,"unvisitedChildren":261,"miniMaxValue":0.0}
{"stateId":68,"originShotId":3539,"birdIndex":0,"times":1,"score":12350,"totalScore":25920,"finalState":false,"active":false,"unvisitedChildren":195,"miniMaxValue":0.0}
{"stateId":69,"originShotId":3572,"birdIndex":0,"times":1,"score":5570,"totalScore":31490,"finalState":false,"active":false,"unvisitedChildren":124,"miniMaxValue":0.0}
{"stateId":70,"originShotId":3681,"birdIndex":0,"times":1,"score":9050,"totalScore":40540,"finalState":false,"active":false,"unvisitedChildren":62,"miniMaxValue":0.0}
{"stateId":71,"originShotId":3718,"birdIndex":0,"times":1,"score":0,"totalScore":40540,"finalState":true,"active":false,"unvisitedChildren":0,"miniMaxValue":0.0}
{"stateId":64,"originShotId":65,"birdIndex":0,"times":2,"score":10510,"totalScore":10510,"finalState":false,"active":false,"unvisitedChildren":394,"miniMaxValue":20735.0}
{"stateId":65,"originShotId":3394,"birdIndex":0,"times":1,"score":4480,"totalScore":14990,"finalState":false,"active":false,"unvisitedChildren":113,"miniMaxValue":41470.0}
{"stateId":66,"originShotId":3502,"birdIndex":0,"times":1,"score":41470,"totalScore":56460,"finalState":true,"active":false,"unvisitedChildren":0,"miniMaxValue":41470.0}
{"stateId":67,"originShotId":31,"birdIndex":0,"times":1,"score":13570,"totalScore":13570,"finalState":false,"active":false,"unvisitedChildren":242,"miniMaxValue":0.0}
{"stateId":76,"originShotId":4045,"birdIndex":0,"times":1,"score":19500,"totalScore":52490,"finalState":true,"active":false,"unvisitedChildren":0,"miniMaxValue":19500.0}
{"stateId":77,"originShotId":88,"birdIndex":0,"times":8,"score":5450,"totalScore":5450,"finalState":false,"active":false,"unvisitedChildren":267,"miniMaxValue":37810.0}
{"stateId":78,"originShotId":4087,"birdIndex":0,"times":3,"score":10955,"totalScore":16405,"finalState":false,"active":false,"unvisitedChildren":164,"miniMaxValue":19266.666}
{"stateId":79,"originShotId":4186,"birdIndex":0,"times":3,"score":12632,"totalScore":29037,"finalState":false,"active":false,"unvisitedChildren":66,"miniMaxValue":19266.666}
{"stateId":72,"originShotId":2491,"birdIndex":0,"times":1,"score":18630,"totalScore":30250,"finalState":false,"active":false,"unvisitedChildren":104,"miniMaxValue":29020.0}
{"stateId":73,"originShotId":3820,"birdIndex":0,"times":1,"score":29020,"totalScore":59270,"finalState":true,"active":false,"unvisitedChildren":0,"miniMaxValue":29020.0}
{"stateId":74,"originShotId":2491,"birdIndex":0,"times":1,"score":12020,"totalScore":23740,"finalState":false,"active":false,"unvisitedChildren":193,"miniMaxValue":19500.0}
{"stateId":75,"originShotId":3943,"birdIndex":0,"times":1,"score":9250,"totalScore":32990,"finalState":false,"active":false,"unvisitedChildren":110,"miniMaxValue":19500.0}
{"stateId":87,"originShotId":3394,"birdIndex":0,"times":1,"score":9790,"totalScore":20300,"finalState":false,"active":false,"unvisitedChildren":195,"miniMaxValue":0.0}
{"stateId":80,"originShotId":4243,"birdIndex":0,"times":2,"score":25440,"totalScore":54365,"finalState":true,"active":false,"unvisitedChildren":0,"miniMaxValue":25440.0}
{"stateId":93,"originShotId":4756,"birdIndex":0,"times":1,"score":3190,"totalScore":39610,"finalState":false,"active":false,"unvisitedChildren":11,"miniMaxValue":0.0}
{"stateId":92,"originShotId":4735,"birdIndex":0,"times":1,"score":3800,"totalScore":36420,"finalState":false,"active":false,"unvisitedChildren":34,"miniMaxValue":0.0}
{"stateId":95,"originShotId":1031,"birdIndex":0,"times":7,"score":4430,"totalScore":14860,"finalState":false,"active":false,"unvisitedChildren":134,"miniMaxValue":43197.145}
{"stateId":94,"originShotId":4763,"birdIndex":0,"times":1,"score":0,"totalScore":39610,"finalState":true,"active":false,"unvisitedChildren":0,"miniMaxValue":0.0}
{"stateId":89,"originShotId":4543,"birdIndex":0,"times":1,"score":0,"totalScore":26100,"finalState":false,"active":false,"unvisitedChildren":80,"miniMaxValue":0.0}
{"stateId":88,"originShotId":4438,"birdIndex":0,"times":1,"score":5800,"totalScore":26100,"finalState":false,"active":false,"unvisitedChildren":148,"miniMaxValue":0.0}
{"stateId":91,"originShotId":2491,"birdIndex":0,"times":1,"score":20900,"totalScore":32620,"finalState":false,"active":false,"unvisitedChildren":144,"miniMaxValue":0.0}
{"stateId":90,"originShotId":4621,"birdIndex":0,"times":1,"score":0,"totalScore":26100,"finalState":true,"active":false,"unvisitedChildren":0,"miniMaxValue":0.0}
{"stateId":102,"originShotId":4243,"birdIndex":0,"times":1,"score":11030,"totalScore":40180,"finalState":false,"active":false,"unvisitedChildren":19,"miniMaxValue":6920.0}
{"stateId":103,"originShotId":5039,"birdIndex":0,"times":1,"score":6920,"totalScore":47100,"finalState":true,"active":false,"unvisitedChildren":0,"miniMaxValue":6920.0}
{"stateId":100,"originShotId":4873,"birdIndex":0,"times":1,"score":11120,"totalScore":25430,"finalState":false,"active":false,"unvisitedChildren":89,"miniMaxValue":36240.0}
{"stateId":101,"originShotId":5017,"birdIndex":0,"times":1,"score":36240,"totalScore":61670,"finalState":true,"active":false,"unvisitedChildren":0,"miniMaxValue":36240.0}
{"stateId":98,"originShotId":4855,"birdIndex":0,"times":1,"score":36990,"totalScore":57710,"finalState":true,"active":false,"unvisitedChildren":0,"miniMaxValue":36990.0}
{"stateId":99,"originShotId":88,"birdIndex":0,"times":1,"score":14310,"totalScore":14310,"finalState":false,"active":false,"unvisitedChildren":151,"miniMaxValue":36240.0}
{"stateId":96,"originShotId":4795,"birdIndex":0,"times":5,"score":43404,"totalScore":58264,"finalState":true,"active":false,"unvisitedChildren":0,"miniMaxValue":43404.0}
{"stateId":97,"originShotId":4087,"birdIndex":0,"times":2,"score":15270,"totalScore":20720,"finalState":false,"active":false,"unvisitedChildren":59,"miniMaxValue":36615.0}
{"stateId":110,"originShotId":5445,"birdIndex":0,"times":1,"score":16320,"totalScore":22300,"finalState":false,"active":false,"unvisitedChildren":32,"miniMaxValue":33400.0}
{"stateId":111,"originShotId":5496,"birdIndex":0,"times":1,"score":33400,"totalScore":55700,"finalState":true,"active":false,"unvisitedChildren":0,"miniMaxValue":33400.0}
{"stateId":108,"originShotId":5412,"birdIndex":0,"times":6,"score":40435,"totalScore":57195,"finalState":true,"active":false,"unvisitedChildren":0,"miniMaxValue":40435.0}
{"stateId":109,"originShotId":5139,"birdIndex":0,"times":1,"score":5980,"totalScore":5980,"finalState":false,"active":false,"unvisitedChildren":76,"miniMaxValue":33400.0}
{"stateId":106,"originShotId":4855,"birdIndex":0,"times":1,"score":36240,"totalScore":56960,"finalState":true,"active":false,"unvisitedChildren":0,"miniMaxValue":36240.0}
{"stateId":107,"originShotId":1031,"birdIndex":0,"times":8,"score":6330,"totalScore":16760,"finalState":false,"active":false,"unvisitedChildren":86,"miniMaxValue":40475.0}
{"stateId":104,"originShotId":4087,"birdIndex":0,"times":3,"score":57150,"totalScore":62600,"finalState":true,"active":false,"unvisitedChildren":0,"miniMaxValue":57150.0}
{"stateId":105,"originShotId":4795,"birdIndex":0,"times":2,"score":42680,"totalScore":57540,"finalState":true,"active":false,"unvisitedChildren":0,"miniMaxValue":42680.0}
{"stateId":119,"originShotId":5141,"birdIndex":0,"times":1,"score":9980,"totalScore":9980,"finalState":false,"active":false,"unvisitedChildren":215,"miniMaxValue":0.0}
{"stateId":118,"originShotId":5412,"birdIndex":0,"times":1,"score":39790,"totalScore":56550,"finalState":true,"active":false,"unvisitedChildren":0,"miniMaxValue":39790.0}
{"stateId":117,"originShotId":5412,"birdIndex":0,"times":1,"score":41400,"totalScore":58160,"finalState":true,"active":false,"unvisitedChildren":0,"miniMaxValue":41400.0}
{"stateId":116,"originShotId":5709,"birdIndex":0,"times":1,"score":0,"totalScore":39850,"finalState":true,"active":false,"unvisitedChildren":0,"miniMaxValue":0.0}
{"stateId":115,"originShotId":5682,"birdIndex":0,"times":1,"score":6740,"totalScore":39850,"finalState":false,"active":false,"unvisitedChildren":32,"miniMaxValue":0.0}
{"stateId":114,"originShotId":5643,"birdIndex":0,"times":1,"score":6730,"totalScore":33110,"finalState":false,"active":false,"unvisitedChildren":79,"miniMaxValue":0.0}
{"stateId":113,"originShotId":5592,"birdIndex":0,"times":1,"score":15080,"totalScore":26380,"finalState":false,"active":false,"unvisitedChildren":141,"miniMaxValue":0.0}
{"stateId":112,"originShotId":5140,"birdIndex":0,"times":1,"score":11300,"totalScore":11300,"finalState":false,"active":false,"unvisitedChildren":233,"miniMaxValue":0.0}
{"stateId":127,"originShotId":6123,"birdIndex":0,"times":1,"score":0,"totalScore":33710,"finalState":false,"active":false,"unvisitedChildren":50,"miniMaxValue":0.0}
{"stateId":126,"originShotId":6075,"birdIndex":0,"times":1,"score":9070,"totalScore":33710,"finalState":false,"active":false,"unvisitedChildren":106,"miniMaxValue":0.0}
{"stateId":125,"originShotId":5994,"birdIndex":0,"times":1,"score":12140,"totalScore":24640,"finalState":false,"active":false,"unvisitedChildren":165,"miniMaxValue":0.0}
{"stateId":124,"originShotId":5091,"birdIndex":0,"times":1,"score":12500,"totalScore":12500,"finalState":false,"active":false,"unvisitedChildren":236,"miniMaxValue":0.0}
{"stateId":123,"originShotId":5916,"birdIndex":0,"times":1,"score":0,"totalScore":23360,"finalState":true,"active":false,"unvisitedChildren":0,"miniMaxValue":0.0}
{"stateId":122,"originShotId":5856,"birdIndex":0,"times":1,"score":4040,"totalScore":23360,"finalState":false,"active":false,"unvisitedChildren":44,"miniMaxValue":0.0}
{"stateId":121,"originShotId":5790,"birdIndex":0,"times":1,"score":1100,"totalScore":19320,"finalState":false,"active":false,"unvisitedChildren":121,"miniMaxValue":0.0}
{"stateId":120,"originShotId":5778,"birdIndex":0,"times":1,"score":8240,"totalScore":18220,"finalState":false,"active":false,"unvisitedChildren":171,"miniMaxValue":0.0}
{"stateId":137,"originShotId":6762,"birdIndex":0,"times":1,"score":9690,"totalScore":34570,"finalState":false,"active":false,"unvisitedChildren":23,"miniMaxValue":8130.0}
{"stateId":136,"originShotId":6678,"birdIndex":0,"times":1,"score":1990,"totalScore":24880,"finalState":false,"active":false,"unvisitedChildren":82,"miniMaxValue":8130.0}
{"stateId":139,"originShotId":5109,"birdIndex":0,"times":1,"score":4070,"totalScore":4070,"finalState":false,"active":false,"unvisitedChildren":156,"miniMaxValue":20950.0}
{"stateId":138,"originShotId":6776,"birdIndex":0,"times":1,"score":8130,"totalScore":42700,"finalState":true,"active":false,"unvisitedChildren":0,"miniMaxValue":8130.0}
{"stateId":141,"originShotId":6870,"birdIndex":0,"times":1,"score":8530,"totalScore":29910,"finalState":false,"active":false,"unvisitedChildren":74,"miniMaxValue":20950.0}
{"stateId":140,"originShotId":6831,"birdIndex":0,"times":1,"score":17310,"totalScore":21380,"finalState":false,"active":false,"unvisitedChildren":112,"miniMaxValue":20950.0}
{"stateId":143,"originShotId":5110,"birdIndex":0,"times":1,"score":11700,"totalScore":11700,"finalState":false,"active":false,"unvisitedChildren":419,"miniMaxValue":0.0}
{"stateId":142,"originShotId":6939,"birdIndex":0,"times":1,"score":20950,"totalScore":50860,"finalState":true,"active":false,"unvisitedChildren":0,"miniMaxValue":20950.0}
{"stateId":129,"originShotId":5092,"birdIndex":0,"times":1,"score":6170,"totalScore":6170,"finalState":false,"active":false,"unvisitedChildren":320,"miniMaxValue":0.0}
{"stateId":128,"originShotId":6186,"birdIndex":0,"times":1,"score":0,"totalScore":33710,"finalState":true,"active":false,"unvisitedChildren":0,"miniMaxValue":0.0}
{"stateId":131,"originShotId":6351,"birdIndex":0,"times":1,"score":3310,"totalScore":20310,"finalState":false,"active":false,"unvisitedChildren":166,"miniMaxValue":0.0}
{"stateId":130,"originShotId":6297,"birdIndex":0,"times":1,"score":10830,"totalScore":17000,"finalState":false,"active":false,"unvisitedChildren":219,"miniMaxValue":0.0}
{"stateId":133,"originShotId":6516,"birdIndex":0,"times":1,"score":0,"totalScore":20310,"finalState":true,"active":false,"unvisitedChildren":0,"miniMaxValue":0.0}
{"stateId":132,"originShotId":6426,"birdIndex":0,"times":1,"score":0,"totalScore":20310,"finalState":false,"active":false,"unvisitedChildren":89,"miniMaxValue":0.0}
{"stateId":135,"originShotId":6618,"birdIndex":0,"times":1,"score":12410,"totalScore":22890,"finalState":false,"active":false,"unvisitedChildren":165,"miniMaxValue":8130.0}
{"stateId":134,"originShotId":5093,"birdIndex":0,"times":1,"score":10480,"totalScore":10480,"finalState":false,"active":false,"unvisitedChildren":263,"miniMaxValue":8130.0}
{"stateId":152,"originShotId":7617,"birdIndex":0,"times":1,"score":2790,"totalScore":16160,"finalState":false,"active":false,"unvisitedChildren":138,"miniMaxValue":9670.0}
{"stateId":153,"originShotId":7668,"birdIndex":0,"times":1,"score":7230,"totalScore":23390,"finalState":false,"active":false,"unvisitedChildren":109,"miniMaxValue":9670.0}
{"stateId":154,"originShotId":7701,"birdIndex":0,"times":1,"score":8430,"totalScore":31820,"finalState":false,"active":false,"unvisitedChildren":80,"miniMaxValue":9670.0}
{"stateId":155,"originShotId":7719,"birdIndex":0,"times":1,"score":9670,"totalScore":41490,"finalState":true,"active":false,"unvisitedChildren":0,"miniMaxValue":9670.0}
{"stateId":156,"originShotId":5113,"birdIndex":0,"times":1,"score":10310,"totalScore":10310,"finalState":false,"active":false,"unvisitedChildren":215,"miniMaxValue":0.0}
{"stateId":157,"originShotId":7836,"birdIndex":0,"times":1,"score":6040,"totalScore":16350,"finalState":false,"active":false,"unvisitedChildren":162,"miniMaxValue":0.0}
{"stateId":158,"originShotId":7875,"birdIndex":0,"times":1,"score":8760,"totalScore":25110,"finalState":false,"active":false,"unvisitedChildren":124,"miniMaxValue":0.0}
{"stateId":159,"originShotId":7905,"birdIndex":0,"times":1,"score":8550,"totalScore":33660,"finalState":false,"active":false,"unvisitedChildren":77,"miniMaxValue":0.0}
{"stateId":144,"originShotId":7017,"birdIndex":0,"times":1,"score":8970,"totalScore":20670,"finalState":false,"active":false,"unvisitedChildren":345,"miniMaxValue":0.0}
{"stateId":145,"originShotId":7122,"birdIndex":0,"times":1,"score":5840,"totalScore":26510,"finalState":false,"active":false,"unvisitedChildren":244,"miniMaxValue":0.0}
{"stateId":146,"originShotId":7212,"birdIndex":0,"times":1,"score":0,"totalScore":26510,"finalState":false,"active":false,"unvisitedChildren":152,"miniMaxValue":0.0}
{"stateId":147,"originShotId":7368,"birdIndex":0,"times":1,"score":0,"totalScore":26510,"finalState":true,"active":false,"unvisitedChildren":0,"miniMaxValue":0.0}
{"stateId":148,"originShotId":5111,"birdIndex":0,"times":1,"score":19220,"totalScore":19220,"finalState":false,"active":false,"unvisitedChildren":241,"miniMaxValue":25780.0}
{"stateId":149,"originShotId":7518,"birdIndex":0,"times":1,"score":9720,"totalScore":28940,"finalState":false,"active":false,"unvisitedChildren":92,"miniMaxValue":25780.0}
{"stateId":150,"originShotId":7608,"birdIndex":0,"times":1,"score":25780,"totalScore":54720,"finalState":true,"active":false,"unvisitedChildren":0,"miniMaxValue":25780.0}
{"stateId":151,"originShotId":5112,"birdIndex":0,"times":1,"score":13370,"totalScore":13370,"finalState":false,"active":false,"unvisitedChildren":167,"miniMaxValue":9670.0}
{"stateId":163,"originShotId":8190,"birdIndex":0,"times":1,"score":4270,"totalScore":38080,"finalState":false,"active":false,"unvisitedChildren":112,"miniMaxValue":0.0}
{"stateId":162,"originShotId":8091,"birdIndex":0,"times":1,"score":20120,"totalScore":33810,"finalState":false,"active":false,"unvisitedChildren":210,"miniMaxValue":0.0}
{"stateId":161,"originShotId":5114,"birdIndex":0,"times":1,"score":13690,"totalScore":13690,"finalState":false,"active":false,"unvisitedChildren":299,"miniMaxValue":0.0}
{"stateId":160,"originShotId":8001,"birdIndex":0,"times":1,"score":0,"totalScore":33660,"finalState":true,"active":false,"unvisitedChildren":0,"miniMaxValue":0.0}
{"stateId":165,"originShotId":8304,"birdIndex":0,"times":1,"score":0,"totalScore":38080,"finalState":true,"active":false,"unvisitedChildren":0,"miniMaxValue":0.0}
{"stateId":164,"originShotId":8232,"birdIndex":0,"times":1,"score":0,"totalScore":38080,"finalState":false,"active":false,"unvisitedChildren":71,"miniMaxValue":0.0}
{"stateId":186,"originShotId":9414,"birdIndex":0,"times":1,"score":17960,"totalScore":29290,"finalState":false,"active":false,"unvisitedChildren":288,"miniMaxValue":0.0}
{"stateId":187,"originShotId":9492,"birdIndex":0,"times":1,"score":5590,"totalScore":34880,"finalState":false,"active":false,"unvisitedChildren":187,"miniMaxValue":0.0}
{"stateId":184,"originShotId":9297,"birdIndex":0,"times":1,"score":27270,"totalScore":49750,"finalState":true,"active":false,"unvisitedChildren":0,"miniMaxValue":27270.0}
{"stateId":185,"originShotId":5116,"birdIndex":0,"times":1,"score":11330,"totalScore":11330,"finalState":false,"active":false,"unvisitedChildren":407,"miniMaxValue":0.0}
{"stateId":190,"originShotId":5117,"birdIndex":0,"times":1,"score":18070,"totalScore":18070,"finalState":false,"active":false,"unvisitedChildren":572,"miniMaxValue":0.0}
{"stateId":191,"originShotId":9843,"birdIndex":0,"times":1,"score":3520,"totalScore":21590,"finalState":false,"active":false,"unvisitedChildren":372,"miniMaxValue":0.0}
{"stateId":188,"originShotId":9618,"birdIndex":0,"times":1,"score":2270,"totalScore":37150,"finalState":false,"active":false,"unvisitedChildren":104,"miniMaxValue":0.0}
{"stateId":189,"originShotId":9717,"birdIndex":0,"times":1,"score":0,"totalScore":37150,"finalState":true,"active":false,"unvisitedChildren":0,"miniMaxValue":0.0}
{"stateId":182,"originShotId":9180,"birdIndex":0,"times":1,"score":10490,"totalScore":22480,"finalState":false,"active":false,"unvisitedChildren":130,"miniMaxValue":27270.0}
{"stateId":183,"originShotId":9210,"birdIndex":0,"times":1,"score":0,"totalScore":22480,"finalState":false,"active":false,"unvisitedChildren":68,"miniMaxValue":27270.0}
{"stateId":181,"originShotId":5115,"birdIndex":0,"times":1,"score":11990,"totalScore":11990,"finalState":false,"active":false,"unvisitedChildren":213,"miniMaxValue":27270.0}
{"stateId":205,"originShotId":5120,"birdIndex":0,"times":4,"score":11237,"totalScore":11237,"finalState":false,"active":false,"unvisitedChildren":273,"miniMaxValue":44822.5}
{"stateId":204,"originShotId":10833,"birdIndex":0,"times":1,"score":0,"totalScore":25870,"finalState":true,"active":false,"unvisitedChildren":0,"miniMaxValue":0.0}
{"stateId":207,"originShotId":5103,"birdIndex":0,"times":1,"score":10500,"totalScore":10500,"finalState":false,"active":false,"unvisitedChildren":248,"miniMaxValue":0.0}
{"stateId":206,"originShotId":11001,"birdIndex":0,"times":2,"score":52295,"totalScore":63555,"finalState":true,"active":false,"unvisitedChildren":0,"miniMaxValue":52295.0}
{"stateId":201,"originShotId":10647,"birdIndex":0,"times":1,"score":15200,"totalScore":25870,"finalState":false,"active":false,"unvisitedChildren":219,"miniMaxValue":0.0}
{"stateId":200,"originShotId":5119,"birdIndex":0,"times":1,"score":10670,"totalScore":10670,"finalState":false,"active":false,"unvisitedChildren":311,"miniMaxValue":0.0}
{"stateId":203,"originShotId":10779,"birdIndex":0,"times":1,"score":0,"totalScore":25870,"finalState":false,"active":false,"unvisitedChildren":68,"miniMaxValue":0.0}
{"stateId":202,"originShotId":10710,"birdIndex":0,"times":1,"score":0,"totalScore":25870,"finalState":false,"active":false,"unvisitedChildren":133,"miniMaxValue":0.0}
{"stateId":197,"originShotId":10461,"birdIndex":0,"times":1,"score":0,"totalScore":19310,"finalState":false,"active":false,"unvisitedChildren":94,"miniMaxValue":0.0}
{"stateId":196,"originShotId":10395,"birdIndex":0,"times":1,"score":12120,"totalScore":19310,"finalState":false,"active":false,"unvisitedChildren":162,"miniMaxValue":0.0}
{"stateId":199,"originShotId":10530,"birdIndex":0,"times":1,"score":0,"totalScore":27160,"finalState":true,"active":false,"unvisitedChildren":0,"miniMaxValue":0.0}
{"stateId":198,"originShotId":10509,"birdIndex":0,"times":1,"score":0,"totalScore":19310,"finalState":false,"active":false,"unvisitedChildren":47,"miniMaxValue":0.0}
{"stateId":193,"originShotId":10137,"birdIndex":0,"times":1,"score":0,"totalScore":23270,"finalState":false,"active":false,"unvisitedChildren":101,"miniMaxValue":0.0}
{"stateId":192,"originShotId":9981,"birdIndex":0,"times":1,"score":1680,"totalScore":23270,"finalState":false,"active":false,"unvisitedChildren":226,"miniMaxValue":0.0}
{"stateId":195,"originShotId":5118,"birdIndex":0,"times":1,"score":7190,"totalScore":7190,"finalState":false,"active":false,"unvisitedChildren":254,"miniMaxValue":0.0}
{"stateId":194,"originShotId":10242,"birdIndex":0,"times":1,"score":0,"totalScore":23270,"finalState":true,"active":false,"unvisitedChildren":0,"miniMaxValue":0.0}
{"stateId":220,"originShotId":11526,"birdIndex":0,"times":1,"score":12830,"totalScore":24370,"finalState":false,"active":false,"unvisitedChildren":53,"miniMaxValue":33960.0}
{"stateId":221,"originShotId":11616,"birdIndex":0,"times":1,"score":33960,"totalScore":58330,"finalState":true,"active":false,"unvisitedChildren":0,"miniMaxValue":33960.0}
{"stateId":222,"originShotId":5107,"birdIndex":0,"times":1,"score":11670,"totalScore":11670,"finalState":false,"active":false,"unvisitedChildren":266,"miniMaxValue":0.0}
{"stateId":223,"originShotId":11715,"birdIndex":0,"times":1,"score":9300,"totalScore":20970,"finalState":false,"active":false,"unvisitedChildren":171,"miniMaxValue":0.0}
{"stateId":216,"originShotId":11412,"birdIndex":0,"times":1,"score":7820,"totalScore":19500,"finalState":false,"active":false,"unvisitedChildren":73,"miniMaxValue":22210.0}
{"stateId":217,"originShotId":11430,"birdIndex":0,"times":1,"score":10530,"totalScore":30030,"finalState":false,"active":false,"unvisitedChildren":32,"miniMaxValue":22210.0}
{"stateId":218,"originShotId":11478,"birdIndex":0,"times":1,"score":22210,"totalScore":52240,"finalState":true,"active":false,"unvisitedChildren":0,"miniMaxValue":22210.0}
{"stateId":219,"originShotId":5106,"birdIndex":0,"times":1,"score":11540,"totalScore":11540,"finalState":false,"active":false,"unvisitedChildren":130,"miniMaxValue":33960.0}
{"stateId":212,"originShotId":5104,"birdIndex":0,"times":1,"score":3480,"totalScore":3480,"finalState":false,"active":false,"unvisitedChildren":115,"miniMaxValue":38300.0}
{"stateId":213,"originShotId":11328,"birdIndex":0,"times":1,"score":18180,"totalScore":21660,"finalState":false,"active":false,"unvisitedChildren":50,"miniMaxValue":38300.0}
{"stateId":214,"originShotId":11364,"birdIndex":0,"times":1,"score":38300,"totalScore":59960,"finalState":true,"active":false,"unvisitedChildren":0,"miniMaxValue":38300.0}
{"stateId":215,"originShotId":5105,"birdIndex":0,"times":1,"score":11680,"totalScore":11680,"finalState":false,"active":false,"unvisitedChildren":105,"miniMaxValue":22210.0}
{"stateId":208,"originShotId":11064,"birdIndex":0,"times":1,"score":8510,"totalScore":19010,"finalState":false,"active":false,"unvisitedChildren":195,"miniMaxValue":0.0}
{"stateId":209,"originShotId":11103,"birdIndex":0,"times":1,"score":9900,"totalScore":28910,"finalState":false,"active":false,"unvisitedChildren":142,"miniMaxValue":0.0}
{"stateId":210,"originShotId":11178,"birdIndex":0,"times":1,"score":1050,"totalScore":29960,"finalState":false,"active":false,"unvisitedChildren":59,"miniMaxValue":0.0}
{"stateId":211,"originShotId":11241,"birdIndex":0,"times":1,"score":0,"totalScore":29960,"finalState":true,"active":false,"unvisitedChildren":0,"miniMaxValue":0.0}
{"stateId":239,"originShotId":12783,"birdIndex":0,"times":1,"score":0,"totalScore":20470,"finalState":true,"active":false,"unvisitedChildren":0,"miniMaxValue":0.0}
{"stateId":238,"originShotId":12747,"birdIndex":0,"times":1,"score":0,"totalScore":20470,"finalState":false,"active":false,"unvisitedChildren":33,"miniMaxValue":0.0}
{"stateId":237,"originShotId":12681,"birdIndex":0,"times":1,"score":3520,"totalScore":20470,"finalState":false,"active":false,"unvisitedChildren":98,"miniMaxValue":0.0}
{"stateId":236,"originShotId":12606,"birdIndex":0,"times":1,"score":10780,"totalScore":16950,"finalState":false,"active":false,"unvisitedChildren":172,"miniMaxValue":0.0}
{"stateId":235,"originShotId":5071,"birdIndex":0,"times":1,"score":6170,"totalScore":6170,"finalState":false,"active":false,"unvisitedChildren":267,"miniMaxValue":0.0}
{"stateId":234,"originShotId":12510,"birdIndex":0,"times":1,"score":0,"totalScore":35430,"finalState":true,"active":false,"unvisitedChildren":0,"miniMaxValue":0.0}
{"stateId":233,"originShotId":12324,"birdIndex":0,"times":1,"score":10750,"totalScore":35430,"finalState":false,"active":false,"unvisitedChildren":131,"miniMaxValue":0.0}
{"stateId":232,"originShotId":12276,"birdIndex":0,"times":1,"score":6880,"totalScore":24680,"finalState":false,"active":false,"unvisitedChildren":229,"miniMaxValue":0.0}
{"stateId":231,"originShotId":12141,"birdIndex":0,"times":1,"score":12630,"totalScore":17800,"finalState":false,"active":false,"unvisitedChildren":339,"miniMaxValue":0.0}
{"stateId":230,"originShotId":5070,"birdIndex":0,"times":1,"score":5170,"totalScore":5170,"finalState":false,"active":false,"unvisitedChildren":416,"miniMaxValue":0.0}
{"stateId":229,"originShotId":12045,"birdIndex":0,"times":1,"score":36530,"totalScore":57470,"finalState":true,"active":false,"unvisitedChildren":0,"miniMaxValue":36530.0}
{"stateId":228,"originShotId":11994,"birdIndex":0,"times":1,"score":10250,"totalScore":20940,"finalState":false,"active":false,"unvisitedChildren":95,"miniMaxValue":36530.0}
{"stateId":227,"originShotId":5108,"birdIndex":0,"times":1,"score":10690,"totalScore":10690,"finalState":false,"active":false,"unvisitedChildren":199,"miniMaxValue":36530.0}
{"stateId":226,"originShotId":11880,"birdIndex":0,"times":1,"score":0,"totalScore":37100,"finalState":true,"active":false,"unvisitedChildren":0,"miniMaxValue":0.0}
{"stateId":225,"originShotId":11823,"birdIndex":0,"times":1,"score":7870,"totalScore":37100,"finalState":false,"active":false,"unvisitedChildren":20,"miniMaxValue":0.0}
{"stateId":224,"originShotId":11736,"birdIndex":0,"times":1,"score":8260,"totalScore":29230,"finalState":false,"active":false,"unvisitedChildren":94,"miniMaxValue":0.0}
{"stateId":254,"originShotId":13318,"birdIndex":0,"times":1,"score":0,"totalScore":24740,"finalState":true,"active":false,"unvisitedChildren":0,"miniMaxValue":0.0}
{"stateId":255,"originShotId":5090,"birdIndex":0,"times":1,"score":11090,"totalScore":11090,"finalState":false,"active":false,"unvisitedChildren":197,"miniMaxValue":10010.0}
{"stateId":252,"originShotId":13203,"birdIndex":0,"times":1,"score":5970,"totalScore":24740,"finalState":false,"active":false,"unvisitedChildren":79,"miniMaxValue":0.0}
{"stateId":253,"originShotId":13314,"birdIndex":0,"times":1,"score":0,"totalScore":24740,"finalState":false,"active":false,"unvisitedChildren":11,"miniMaxValue":0.0}
{"stateId":250,"originShotId":5089,"birdIndex":0,"times":1,"score":10570,"totalScore":10570,"finalState":false,"active":false,"unvisitedChildren":176,"miniMaxValue":0.0}
{"stateId":251,"originShotId":13191,"birdIndex":0,"times":1,"score":8200,"totalScore":18770,"finalState":false,"active":false,"unvisitedChildren":132,"miniMaxValue":0.0}
{"stateId":248,"originShotId":13131,"birdIndex":0,"times":1,"score":8380,"totalScore":32630,"finalState":false,"active":false,"unvisitedChildren":14,"miniMaxValue":0.0}
{"stateId":249,"originShotId":13139,"birdIndex":0,"times":1,"score":0,"totalScore":32630,"finalState":true,"active":false,"unvisitedChildren":0,"miniMaxValue":0.0}
{"stateId":246,"originShotId":13050,"birdIndex":0,"times":1,"score":3510,"totalScore":16430,"finalState":false,"active":false,"unvisitedChildren":69,"miniMaxValue":0.0}
{"stateId":247,"originShotId":13101,"birdIndex":0,"times":1,"score":7820,"totalScore":24250,"finalState":false,"active":false,"unvisitedChildren":43,"miniMaxValue":0.0}
{"stateId":244,"originShotId":13048,"birdIndex":0,"times":1,"score":0,"totalScore":20050,"finalState":true,"active":false,"unvisitedChildren":0,"miniMaxValue":0.0}
{"stateId":245,"originShotId":5088,"birdIndex":0,"times":1,"score":12920,"totalScore":12920,"finalState":false,"active":false,"unvisitedChildren":95,"miniMaxValue":0.0}
{"stateId":242,"originShotId":12955,"birdIndex":0,"times":1,"score":8520,"totalScore":20050,"finalState":false,"active":false,"unvisitedChildren":84,"miniMaxValue":0.0}
{"stateId":243,"originShotId":13021,"birdIndex":0,"times":1,"score":0,"totalScore":20050,"finalState":false,"active":false,"unvisitedChildren":22,"miniMaxValue":0.0}
{"stateId":240,"originShotId":5072,"birdIndex":0,"times":1,"score":6200,"totalScore":6200,"finalState":false,"active":false,"unvisitedChildren":262,"miniMaxValue":0.0}
{"stateId":241,"originShotId":12880,"birdIndex":0,"times":1,"score":5330,"totalScore":11530,"finalState":false,"active":false,"unvisitedChildren":164,"miniMaxValue":0.0}
{"stateId":275,"originShotId":5121,"birdIndex":0,"times":1,"score":22700,"totalScore":22700,"finalState":false,"active":false,"unvisitedChildren":149,"miniMaxValue":41650.0}
{"stateId":279,"originShotId":5123,"birdIndex":0,"times":1,"score":21680,"totalScore":21680,"finalState":false,"active":false,"unvisitedChildren":145,"miniMaxValue":32120.0}
{"stateId":278,"originShotId":14658,"birdIndex":0,"times":1,"score":46530,"totalScore":64620,"finalState":true,"active":false,"unvisitedChildren":0,"miniMaxValue":46530.0}
{"stateId":277,"originShotId":5122,"birdIndex":0,"times":1,"score":18090,"totalScore":18090,"finalState":false,"active":false,"unvisitedChildren":176,"miniMaxValue":46530.0}
{"stateId":276,"originShotId":14478,"birdIndex":0,"times":1,"score":41650,"totalScore":64350,"finalState":true,"active":false,"unvisitedChildren":0,"miniMaxValue":41650.0}
{"stateId":283,"originShotId":14973,"birdIndex":0,"times":1,"score":13070,"totalScore":16750,"finalState":false,"active":false,"unvisitedChildren":213,"miniMaxValue":0.0}
{"stateId":282,"originShotId":5124,"birdIndex":0,"times":1,"score":3680,"totalScore":3680,"finalState":false,"active":false,"unvisitedChildren":305,"miniMaxValue":0.0}
{"stateId":281,"originShotId":14841,"birdIndex":0,"times":1,"score":32120,"totalScore":59100,"finalState":true,"active":false,"unvisitedChildren":0,"miniMaxValue":32120.0}
{"stateId":280,"originShotId":14769,"birdIndex":0,"times":1,"score":5300,"totalScore":26980,"finalState":false,"active":false,"unvisitedChildren":56,"miniMaxValue":32120.0}
{"stateId":287,"originShotId":5125,"birdIndex":0,"times":1,"score":11370,"totalScore":11370,"finalState":false,"active":false,"unvisitedChildren":356,"miniMaxValue":0.0}
{"stateId":286,"originShotId":15189,"birdIndex":0,"times":1,"score":0,"totalScore":22860,"finalState":true,"active":false,"unvisitedChildren":0,"miniMaxValue":0.0}
{"stateId":285,"originShotId":15135,"birdIndex":0,"times":1,"score":4140,"totalScore":22860,"finalState":false,"active":false,"unvisitedChildren":53,"miniMaxValue":0.0}
{"stateId":284,"originShotId":15093,"birdIndex":0,"times":1,"score":1970,"totalScore":18720,"finalState":false,"active":false,"unvisitedChildren":91,"miniMaxValue":0.0}
{"stateId":258,"originShotId":13455,"birdIndex":0,"times":1,"score":2080,"totalScore":32680,"finalState":false,"active":false,"unvisitedChildren":38,"miniMaxValue":10010.0}
{"stateId":259,"originShotId":13509,"birdIndex":0,"times":1,"score":10010,"totalScore":42690,"finalState":true,"active":false,"unvisitedChildren":0,"miniMaxValue":10010.0}
{"stateId":256,"originShotId":13380,"birdIndex":0,"times":1,"score":10020,"totalScore":21110,"finalState":false,"active":false,"unvisitedChildren":144,"miniMaxValue":10010.0}
{"stateId":257,"originShotId":13434,"birdIndex":0,"times":1,"score":9490,"totalScore":30600,"finalState":false,"active":false,"unvisitedChildren":91,"miniMaxValue":10010.0}
{"stateId":305,"originShotId":16299,"birdIndex":0,"times":1,"score":0,"totalScore":25730,"finalState":true,"active":false,"unvisitedChildren":0,"miniMaxValue":0.0}
{"stateId":304,"originShotId":16245,"birdIndex":0,"times":1,"score":0,"totalScore":25730,"finalState":false,"active":false,"unvisitedChildren":53,"miniMaxValue":0.0}
{"stateId":307,"originShotId":16398,"birdIndex":0,"times":1,"score":11430,"totalScore":13630,"finalState":false,"active":false,"unvisitedChildren":405,"miniMaxValue":0.0}
{"stateId":306,"originShotId":5046,"birdIndex":0,"times":1,"score":2200,"totalScore":2200,"finalState":false,"active":false,"unvisitedChildren":476,"miniMaxValue":0.0}
{"stateId":309,"originShotId":16629,"birdIndex":0,"times":1,"score":0,"totalScore":27630,"finalState":false,"active":false,"unvisitedChildren":128,"miniMaxValue":0.0}
{"stateId":308,"originShotId":16533,"birdIndex":0,"times":1,"score":14000,"totalScore":27630,"finalState":false,"active":false,"unvisitedChildren":277,"miniMaxValue":0.0}
{"stateId":311,"originShotId":5047,"birdIndex":0,"times":1,"score":11440,"totalScore":11440,"finalState":false,"active":false,"unvisitedChildren":281,"miniMaxValue":0.0}
{"stateId":310,"originShotId":16764,"birdIndex":0,"times":1,"score":0,"totalScore":27630,"finalState":true,"active":false,"unvisitedChildren":0,"miniMaxValue":0.0}
{"stateId":313,"originShotId":16959,"birdIndex":0,"times":1,"score":2520,"totalScore":19940,"finalState":false,"active":false,"unvisitedChildren":148,"miniMaxValue":0.0}
{"stateId":312,"originShotId":16857,"birdIndex":0,"times":1,"score":5980,"totalScore":17420,"finalState":false,"active":false,"unvisitedChildren":204,"miniMaxValue":0.0}
{"stateId":315,"originShotId":17112,"birdIndex":0,"times":1,"score":0,"totalScore":19940,"finalState":true,"active":false,"unvisitedChildren":0,"miniMaxValue":0.0}
{"stateId":314,"originShotId":17022,"birdIndex":0,"times":1,"score":0,"totalScore":19940,"finalState":false,"active":false,"unvisitedChildren":86,"miniMaxValue":0.0}
{"stateId":317,"originShotId":17187,"birdIndex":0,"times":1,"score":0,"totalScore":7200,"finalState":false,"active":false,"unvisitedChildren":156,"miniMaxValue":0.0}
{"stateId":316,"originShotId":5048,"birdIndex":0,"times":1,"score":7200,"totalScore":7200,"finalState":false,"active":false,"unvisitedChildren":230,"miniMaxValue":0.0}
{"stateId":319,"originShotId":17301,"birdIndex":0,"times":1,"score":8000,"totalScore":26540,"finalState":false,"active":false,"unvisitedChildren":41,"miniMaxValue":0.0}
{"stateId":318,"originShotId":17235,"birdIndex":0,"times":1,"score":11340,"totalScore":18540,"finalState":false,"active":false,"unvisitedChildren":82,"miniMaxValue":0.0}
{"stateId":288,"originShotId":15282,"birdIndex":0,"times":1,"score":9280,"totalScore":20650,"finalState":false,"active":false,"unvisitedChildren":249,"miniMaxValue":0.0}
{"stateId":289,"originShotId":15339,"birdIndex":0,"times":1,"score":4600,"totalScore":25250,"finalState":false,"active":false,"unvisitedChildren":133,"miniMaxValue":0.0}
{"stateId":290,"originShotId":15417,"birdIndex":0,"times":1,"score":0,"totalScore":25250,"finalState":false,"active":false,"unvisitedChildren":65,"miniMaxValue":0.0}
{"stateId":291,"originShotId":15486,"birdIndex":0,"times":1,"score":0,"totalScore":25250,"finalState":true,"active":false,"unvisitedChildren":0,"miniMaxValue":0.0}
{"stateId":292,"originShotId":5126,"birdIndex":1,"times":13,"score":13260,"totalScore":13260,"finalState":false,"active":false,"unvisitedChildren":128,"miniMaxValue":53330.617}
{"stateId":293,"originShotId":15636,"birdIndex":2,"times":12,"score":53144,"totalScore":66404,"finalState":true,"active":false,"unvisitedChildren":0,"miniMaxValue":53144.0}
{"stateId":294,"originShotId":5067,"birdIndex":0,"times":1,"score":4670,"totalScore":4670,"finalState":false,"active":false,"unvisitedChildren":255,"miniMaxValue":25790.0}
{"stateId":295,"originShotId":15741,"birdIndex":0,"times":1,"score":11860,"totalScore":16530,"finalState":false,"active":false,"unvisitedChildren":166,"miniMaxValue":25790.0}
{"stateId":296,"originShotId":15849,"birdIndex":0,"times":1,"score":8310,"totalScore":24840,"finalState":false,"active":false,"unvisitedChildren":77,"miniMaxValue":25790.0}
{"stateId":297,"originShotId":15918,"birdIndex":0,"times":1,"score":25790,"totalScore":50630,"finalState":true,"active":false,"unvisitedChildren":0,"miniMaxValue":25790.0}
{"stateId":298,"originShotId":5068,"birdIndex":0,"times":1,"score":11070,"totalScore":11070,"finalState":false,"active":false,"unvisitedChildren":175,"miniMaxValue":29790.0}
{"stateId":299,"originShotId":15999,"birdIndex":0,"times":1,"score":15350,"totalScore":26420,"finalState":false,"active":false,"unvisitedChildren":113,"miniMaxValue":29790.0}
{"stateId":300,"originShotId":16047,"birdIndex":0,"times":1,"score":29790,"totalScore":56210,"finalState":true,"active":false,"unvisitedChildren":0,"miniMaxValue":29790.0}
{"stateId":301,"originShotId":5069,"birdIndex":0,"times":1,"score":10710,"totalScore":10710,"finalState":false,"active":false,"unvisitedChildren":230,"miniMaxValue":0.0}
{"stateId":302,"originShotId":16164,"birdIndex":0,"times":1,"score":8210,"totalScore":18920,"finalState":false,"active":false,"unvisitedChildren":177,"miniMaxValue":0.0}
{"stateId":303,"originShotId":16239,"birdIndex":0,"times":1,"score":6810,"totalScore":25730,"finalState":false,"active":false,"unvisitedChildren":106,"miniMaxValue":0.0}
{"stateId":337,"originShotId":17666,"birdIndex":2,"times":1,"score":49960,"totalScore":68670,"finalState":true,"active":false,"unvisitedChildren":0,"miniMaxValue":49960.0}
{"stateId":336,"originShotId":17918,"birdIndex":3,"times":1,"score":30470,"totalScore":59130,"finalState":true,"active":false,"unvisitedChildren":0,"miniMaxValue":30470.0}
{"stateId":326,"originShotId":17556,"birdIndex":0,"times":1,"score":21310,"totalScore":49800,"finalState":true,"active":false,"unvisitedChildren":0,"miniMaxValue":21310.0}
{"stateId":327,"originShotId":17412,"birdIndex":2,"times":5,"score":52188,"totalScore":64336,"finalState":true,"active":false,"unvisitedChildren":0,"miniMaxValue":52188.0}
{"stateId":324,"originShotId":11001,"birdIndex":0,"times":1,"score":8120,"totalScore":19290,"finalState":false,"active":false,"unvisitedChildren":139,"miniMaxValue":21310.0}
{"stateId":325,"originShotId":17457,"birdIndex":0,"times":1,"score":9200,"totalScore":28490,"finalState":false,"active":false,"unvisitedChildren":74,"miniMaxValue":21310.0}
{"stateId":322,"originShotId":17412,"birdIndex":2,"times":18,"score":50021,"totalScore":62209,"finalState":true,"active":true,"unvisitedChildren":0,"miniMaxValue":50062.0}
{"stateId":323,"originShotId":11001,"birdIndex":0,"times":1,"score":53390,"totalScore":64740,"finalState":true,"active":false,"unvisitedChildren":0,"miniMaxValue":53390.0}
{"stateId":320,"originShotId":17334,"birdIndex":0,"times":1,"score":0,"totalScore":26540,"finalState":true,"active":false,"unvisitedChildren":0,"miniMaxValue":0.0}
{"stateId":321,"originShotId":5126,"birdIndex":1,"times":24,"score":12159,"totalScore":12159,"finalState":false,"active":true,"unvisitedChildren":211,"miniMaxValue":48347.562}
{"stateId":334,"originShotId":17837,"birdIndex":4,"times":1,"score":0,"totalScore":31290,"finalState":false,"active":false,"unvisitedChildren":0,"miniMaxValue":0.0}
{"stateId":335,"originShotId":17666,"birdIndex":2,"times":1,"score":9950,"totalScore":28660,"finalState":false,"active":false,"unvisitedChildren":86,"miniMaxValue":30470.0}
{"stateId":332,"originShotId":17412,"birdIndex":2,"times":1,"score":9310,"totalScore":20970,"finalState":false,"active":false,"unvisitedChildren":110,"miniMaxValue":0.0}
{"stateId":333,"originShotId":17771,"birdIndex":3,"times":1,"score":10320,"totalScore":31290,"finalState":false,"active":false,"unvisitedChildren":42,"miniMaxValue":0.0}
{"stateId":330,"originShotId":17666,"birdIndex":2,"times":1,"score":15010,"totalScore":33720,"finalState":false,"active":false,"unvisitedChildren":29,"miniMaxValue":29520.0}
{"stateId":331,"originShotId":17720,"birdIndex":3,"times":1,"score":29520,"totalScore":63240,"finalState":true,"active":false,"unvisitedChildren":0,"miniMaxValue":29520.0}
{"stateId":328,"originShotId":15636,"birdIndex":2,"times":1,"score":55570,"totalScore":68830,"finalState":true,"active":false,"unvisitedChildren":0,"miniMaxValue":55570.0}
{"stateId":329,"originShotId":5126,"birdIndex":1,"times":3,"score":18710,"totalScore":18710,"finalState":false,"active":false,"unvisitedChildren":231,"miniMaxValue":36650.0}
