{"stateId":1,"originShotId":-1,"birdIndex":0,"times":0,"score":0,"totalScore":0,"finalState":false,"active":false,"unvisitedChildren":13156,"miniMaxValue":0.0}
{"stateId":528,"originShotId":98,"birdIndex":0,"times":1,"score":11300,"totalScore":11300,"finalState":false,"active":false,"unvisitedChildren":431,"miniMaxValue":0.0}
{"stateId":529,"originShotId":43248,"birdIndex":0,"times":1,"score":11510,"totalScore":22810,"finalState":false,"active":false,"unvisitedChildren":303,"miniMaxValue":0.0}
{"stateId":530,"originShotId":43317,"birdIndex":0,"times":1,"score":0,"totalScore":22810,"finalState":false,"active":false,"unvisitedChildren":193,"miniMaxValue":0.0}
{"stateId":531,"originShotId":43425,"birdIndex":0,"times":1,"score":0,"totalScore":22810,"finalState":false,"active":false,"unvisitedChildren":98,"miniMaxValue":0.0}
{"stateId":532,"originShotId":43521,"birdIndex":0,"times":1,"score":0,"totalScore":22810,"finalState":true,"active":false,"unvisitedChildren":0,"miniMaxValue":0.0}
{"stateId":533,"originShotId":11481,"birdIndex":1,"times":1,"score":7820,"totalScore":7820,"finalState":false,"active":false,"unvisitedChildren":287,"miniMaxValue":0.0}
{"stateId":534,"originShotId":43620,"birdIndex":2,"times":1,"score":8610,"totalScore":16430,"finalState":false,"active":false,"unvisitedChildren":228,"miniMaxValue":0.0}
{"stateId":535,"originShotId":43671,"birdIndex":3,"times":1,"score":12340,"totalScore":28770,"finalState":false,"active":false,"unvisitedChildren":172,"miniMaxValue":0.0}
{"stateId":536,"originShotId":43740,"birdIndex":4,"times":1,"score":3540,"totalScore":32310,"finalState":false,"active":false,"unvisitedChildren":74,"miniMaxValue":0.0}
{"stateId":537,"originShotId":43845,"birdIndex":5,"times":1,"score":0,"totalScore":32310,"finalState":true,"active":false,"unvisitedChildren":0,"miniMaxValue":0.0}
{"stateId":538,"originShotId":11482,"birdIndex":1,"times":1,"score":4150,"totalScore":4150,"finalState":false,"active":false,"unvisitedChildren":392,"miniMaxValue":0.0}
{"stateId":539,"originShotId":43881,"birdIndex":2,"times":1,"score":2020,"totalScore":6170,"finalState":false,"active":false,"unvisitedChildren":282,"miniMaxValue":0.0}
{"stateId":540,"originShotId":44058,"birdIndex":3,"times":1,"score":4230,"totalScore":10400,"finalState":false,"active":false,"unvisitedChildren":187,"miniMaxValue":0.0}
{"stateId":541,"originShotId":44139,"birdIndex":4,"times":1,"score":4740,"totalScore":15140,"finalState":false,"active":false,"unvisitedChildren":92,"miniMaxValue":0.0}
{"stateId":30,"originShotId":73,"birdIndex":0,"times":1,"score":7540,"totalScore":7540,"finalState":false,"active":false,"unvisitedChildren":214,"miniMaxValue":46560.0}
{"stateId":542,"originShotId":44232,"birdIndex":5,"times":1,"score":0,"totalScore":15140,"finalState":true,"active":false,"unvisitedChildren":0,"miniMaxValue":0.0}
{"stateId":31,"originShotId":1424,"birdIndex":0,"times":1,"score":690,"totalScore":8230,"finalState":false,"active":false,"unvisitedChildren":119,"miniMaxValue":46560.0}
{"stateId":543,"originShotId":11483,"birdIndex":1,"times":1,"score":5060,"totalScore":5060,"finalState":false,"active":false,"unvisitedChildren":354,"miniMaxValue":31870.0}
{"stateId":32,"originShotId":1562,"birdIndex":0,"times":1,"score":46560,"totalScore":54790,"finalState":true,"active":false,"unvisitedChildren":0,"miniMaxValue":46560.0}
{"stateId":544,"originShotId":44349,"birdIndex":2,"times":1,"score":1370,"totalScore":6430,"finalState":false,"active":false,"unvisitedChildren":223,"miniMaxValue":31870.0}
{"stateId":33,"originShotId":88,"birdIndex":0,"times":1,"score":2770,"totalScore":2770,"finalState":false,"active":false,"unvisitedChildren":482,"miniMaxValue":0.0}
{"stateId":545,"originShotId":44484,"birdIndex":3,"times":1,"score":7320,"totalScore":13750,"finalState":false,"active":false,"unvisitedChildren":119,"miniMaxValue":31870.0}
{"stateId":34,"originShotId":1703,"birdIndex":0,"times":1,"score":3700,"totalScore":6470,"finalState":false,"active":false,"unvisitedChildren":372,"miniMaxValue":0.0}
{"stateId":546,"originShotId":44592,"birdIndex":4,"times":1,"score":31870,"totalScore":45620,"finalState":true,"active":false,"unvisitedChildren":0,"miniMaxValue":31870.0}
{"stateId":35,"originShotId":1762,"birdIndex":0,"times":1,"score":4550,"totalScore":11020,"finalState":false,"active":false,"unvisitedChildren":268,"miniMaxValue":0.0}
{"stateId":547,"originShotId":11484,"birdIndex":1,"times":1,"score":6810,"totalScore":6810,"finalState":false,"active":false,"unvisitedChildren":425,"miniMaxValue":17970.0}
{"stateId":36,"originShotId":1910,"birdIndex":0,"times":1,"score":12580,"totalScore":23600,"finalState":false,"active":false,"unvisitedChildren":155,"miniMaxValue":0.0}
{"stateId":548,"originShotId":44691,"birdIndex":2,"times":1,"score":5140,"totalScore":11950,"finalState":false,"active":false,"unvisitedChildren":339,"miniMaxValue":17970.0}
{"stateId":37,"originShotId":2085,"birdIndex":0,"times":1,"score":0,"totalScore":23600,"finalState":true,"active":false,"unvisitedChildren":0,"miniMaxValue":0.0}
{"stateId":549,"originShotId":44787,"birdIndex":3,"times":1,"score":2930,"totalScore":14880,"finalState":false,"active":false,"unvisitedChildren":232,"miniMaxValue":17970.0}
{"stateId":550,"originShotId":44832,"birdIndex":4,"times":1,"score":4800,"totalScore":19680,"finalState":false,"active":false,"unvisitedChildren":113,"miniMaxValue":17970.0}
{"stateId":551,"originShotId":45021,"birdIndex":5,"times":1,"score":17970,"totalScore":37650,"finalState":true,"active":false,"unvisitedChildren":0,"miniMaxValue":17970.0}
{"stateId":552,"originShotId":11485,"birdIndex":1,"times":1,"score":4470,"totalScore":4470,"finalState":false,"active":false,"unvisitedChildren":407,"miniMaxValue":0.0}
{"stateId":553,"originShotId":45135,"birdIndex":2,"times":1,"score":5320,"totalScore":9790,"finalState":false,"active":false,"unvisitedChildren":306,"miniMaxValue":0.0}
{"stateId":554,"originShotId":45240,"birdIndex":3,"times":1,"score":16960,"totalScore":26750,"finalState":false,"active":false,"unvisitedChildren":199,"miniMaxValue":0.0}
{"stateId":555,"originShotId":45336,"birdIndex":4,"times":1,"score":2680,"totalScore":29430,"finalState":false,"active":false,"unvisitedChildren":104,"miniMaxValue":0.0}
{"stateId":556,"originShotId":45441,"birdIndex":5,"times":1,"score":0,"totalScore":29430,"finalState":true,"active":false,"unvisitedChildren":0,"miniMaxValue":0.0}
{"stateId":557,"originShotId":11486,"birdIndex":1,"times":1,"score":3190,"totalScore":3190,"finalState":false,"active":false,"unvisitedChildren":470,"miniMaxValue":0.0}
{"stateId":558,"originShotId":45546,"birdIndex":2,"times":1,"score":1070,"totalScore":4260,"finalState":false,"active":false,"unvisitedChildren":357,"miniMaxValue":0.0}
{"stateId":559,"originShotId":45660,"birdIndex":3,"times":1,"score":10570,"totalScore":14830,"finalState":false,"active":false,"unvisitedChildren":244,"miniMaxValue":0.0}
{"stateId":560,"originShotId":45819,"birdIndex":4,"times":1,"score":12940,"totalScore":27770,"finalState":false,"active":false,"unvisitedChildren":98,"miniMaxValue":0.0}
{"stateId":561,"originShotId":45888,"birdIndex":5,"times":1,"score":0,"totalScore":27770,"finalState":true,"active":false,"unvisitedChildren":0,"miniMaxValue":0.0}
{"stateId":562,"originShotId":11439,"birdIndex":1,"times":1,"score":4860,"totalScore":4860,"finalState":false,"active":false,"unvisitedChildren":348,"miniMaxValue":33010.0}
{"stateId":563,"originShotId":45951,"birdIndex":2,"times":1,"score":2850,"totalScore":7710,"finalState":false,"active":false,"unvisitedChildren":217,"miniMaxValue":33010.0}
{"stateId":564,"originShotId":46155,"birdIndex":3,"times":1,"score":6450,"totalScore":14160,"finalState":false,"active":false,"unvisitedChildren":113,"miniMaxValue":33010.0}
{"stateId":565,"originShotId":46254,"birdIndex":4,"times":1,"score":33010,"totalScore":47170,"finalState":true,"active":false,"unvisitedChildren":0,"miniMaxValue":33010.0}
{"stateId":566,"originShotId":11440,"birdIndex":1,"times":1,"score":6450,"totalScore":6450,"finalState":false,"active":false,"unvisitedChildren":422,"miniMaxValue":0.0}
{"stateId":567,"originShotId":46302,"birdIndex":2,"times":1,"score":6030,"totalScore":12480,"finalState":false,"active":false,"unvisitedChildren":306,"miniMaxValue":0.0}
{"stateId":568,"originShotId":46494,"birdIndex":3,"times":1,"score":4410,"totalScore":16890,"finalState":false,"active":false,"unvisitedChildren":199,"miniMaxValue":0.0}
{"stateId":569,"originShotId":46599,"birdIndex":4,"times":1,"score":12030,"totalScore":28920,"finalState":false,"active":false,"unvisitedChildren":80,"miniMaxValue":0.0}
{"stateId":570,"originShotId":46695,"birdIndex":5,"times":1,"score":0,"totalScore":28920,"finalState":true,"active":false,"unvisitedChildren":0,"miniMaxValue":0.0}
{"stateId":571,"originShotId":11441,"birdIndex":1,"times":1,"score":8290,"totalScore":8290,"finalState":false,"active":false,"unvisitedChildren":377,"miniMaxValue":0.0}
{"stateId":572,"originShotId":46785,"birdIndex":2,"times":1,"score":7110,"totalScore":15400,"finalState":false,"active":false,"unvisitedChildren":267,"miniMaxValue":0.0}
{"stateId":573,"originShotId":46878,"birdIndex":3,"times":1,"score":2710,"totalScore":18110,"finalState":false,"active":false,"unvisitedChildren":184,"miniMaxValue":0.0}
{"stateId":574,"originShotId":46968,"birdIndex":4,"times":1,"score":3970,"totalScore":22080,"finalState":false,"active":false,"unvisitedChildren":95,"miniMaxValue":0.0}
{"stateId":575,"originShotId":47052,"birdIndex":5,"times":1,"score":0,"totalScore":22080,"finalState":true,"active":false,"unvisitedChildren":0,"miniMaxValue":0.0}
{"stateId":576,"originShotId":11442,"birdIndex":1,"times":1,"score":580,"totalScore":580,"finalState":false,"active":false,"unvisitedChildren":419,"miniMaxValue":0.0}
{"stateId":577,"originShotId":47196,"birdIndex":2,"times":1,"score":5860,"totalScore":6440,"finalState":false,"active":false,"unvisitedChildren":300,"miniMaxValue":0.0}
{"stateId":578,"originShotId":47208,"birdIndex":3,"times":1,"score":2620,"totalScore":9060,"finalState":false,"active":false,"unvisitedChildren":193,"miniMaxValue":0.0}
{"stateId":579,"originShotId":47322,"birdIndex":4,"times":1,"score":9930,"totalScore":18990,"finalState":false,"active":false,"unvisitedChildren":89,"miniMaxValue":0.0}
{"stateId":580,"originShotId":47493,"birdIndex":5,"times":1,"score":0,"totalScore":18990,"finalState":true,"active":false,"unvisitedChildren":0,"miniMaxValue":0.0}
{"stateId":581,"originShotId":11443,"birdIndex":1,"times":1,"score":8460,"totalScore":8460,"finalState":false,"active":false,"unvisitedChildren":0,"miniMaxValue":0.0}
{"stateId":582,"originShotId":47601,"birdIndex":2,"times":1,"score":6570,"totalScore":15030,"finalState":false,"active":false,"unvisitedChildren":0,"miniMaxValue":0.0}
{"stateId":583,"originShotId":47706,"birdIndex":3,"times":1,"score":0,"totalScore":15030,"finalState":false,"active":false,"unvisitedChildren":0,"miniMaxValue":0.0}
{"stateId":584,"originShotId":47829,"birdIndex":4,"times":1,"score":2200,"totalScore":17230,"finalState":false,"active":false,"unvisitedChildren":0,"miniMaxValue":0.0}
{"stateId":585,"originShotId":47931,"birdIndex":5,"times":1,"score":0,"totalScore":17230,"finalState":true,"active":false,"unvisitedChildren":0,"miniMaxValue":0.0}
{"stateId":78,"originShotId":57,"birdIndex":0,"times":1,"score":5410,"totalScore":5410,"finalState":false,"active":false,"unvisitedChildren":467,"miniMaxValue":0.0}
{"stateId":79,"originShotId":5780,"birdIndex":0,"times":1,"score":5920,"totalScore":11330,"finalState":false,"active":false,"unvisitedChildren":327,"miniMaxValue":0.0}
{"stateId":80,"originShotId":5912,"birdIndex":0,"times":1,"score":2980,"totalScore":14310,"finalState":false,"active":false,"unvisitedChildren":226,"miniMaxValue":0.0}
{"stateId":81,"originShotId":5929,"birdIndex":0,"times":1,"score":2400,"totalScore":16710,"finalState":false,"active":false,"unvisitedChildren":134,"miniMaxValue":0.0}
{"stateId":82,"originShotId":6032,"birdIndex":0,"times":1,"score":0,"totalScore":16710,"finalState":true,"active":false,"unvisitedChildren":0,"miniMaxValue":0.0}
{"stateId":83,"originShotId":82,"birdIndex":0,"times":1,"score":4280,"totalScore":4280,"finalState":false,"active":false,"unvisitedChildren":488,"miniMaxValue":0.0}
{"stateId":84,"originShotId":6172,"birdIndex":0,"times":1,"score":2100,"totalScore":6380,"finalState":false,"active":false,"unvisitedChildren":372,"miniMaxValue":0.0}
{"stateId":85,"originShotId":6295,"birdIndex":0,"times":1,"score":1040,"totalScore":7420,"finalState":false,"active":false,"unvisitedChildren":259,"miniMaxValue":0.0}
{"stateId":86,"originShotId":6400,"birdIndex":0,"times":1,"score":7250,"totalScore":14670,"finalState":false,"active":false,"unvisitedChildren":155,"miniMaxValue":0.0}
{"stateId":87,"originShotId":6600,"birdIndex":0,"times":1,"score":0,"totalScore":14670,"finalState":true,"active":false,"unvisitedChildren":0,"miniMaxValue":0.0}
{"stateId":103,"originShotId":98,"birdIndex":0,"times":1,"score":4650,"totalScore":4650,"finalState":false,"active":false,"unvisitedChildren":450,"miniMaxValue":27360.0}
{"stateId":104,"originShotId":8177,"birdIndex":0,"times":1,"score":6890,"totalScore":11540,"finalState":false,"active":false,"unvisitedChildren":319,"miniMaxValue":27360.0}
{"stateId":105,"originShotId":8262,"birdIndex":0,"times":1,"score":6410,"totalScore":17950,"finalState":false,"active":false,"unvisitedChildren":152,"miniMaxValue":27360.0}
{"stateId":106,"originShotId":8478,"birdIndex":0,"times":1,"score":27360,"totalScore":45310,"finalState":true,"active":false,"unvisitedChildren":0,"miniMaxValue":27360.0}
{"stateId":135,"originShotId":101,"birdIndex":0,"times":1,"score":2080,"totalScore":2080,"finalState":false,"active":false,"unvisitedChildren":437,"miniMaxValue":0.0}
{"stateId":136,"originShotId":10724,"birdIndex":0,"times":1,"score":4340,"totalScore":6420,"finalState":false,"active":false,"unvisitedChildren":324,"miniMaxValue":0.0}
{"stateId":137,"originShotId":10923,"birdIndex":0,"times":1,"score":10940,"totalScore":17360,"finalState":false,"active":false,"unvisitedChildren":211,"miniMaxValue":0.0}
{"stateId":138,"originShotId":10991,"birdIndex":0,"times":1,"score":6380,"totalScore":23740,"finalState":false,"active":false,"unvisitedChildren":98,"miniMaxValue":0.0}
{"stateId":139,"originShotId":11092,"birdIndex":0,"times":1,"score":0,"totalScore":23740,"finalState":true,"active":false,"unvisitedChildren":0,"miniMaxValue":0.0}
{"stateId":395,"originShotId":102,"birdIndex":0,"times":1,"score":1100,"totalScore":1100,"finalState":false,"active":false,"unvisitedChildren":383,"miniMaxValue":0.0}
{"stateId":140,"originShotId":99,"birdIndex":0,"times":1,"score":6010,"totalScore":6010,"finalState":false,"active":false,"unvisitedChildren":248,"miniMaxValue":0.0}
{"stateId":396,"originShotId":32599,"birdIndex":0,"times":1,"score":11180,"totalScore":12280,"finalState":false,"active":false,"unvisitedChildren":276,"miniMaxValue":0.0}
{"stateId":141,"originShotId":11169,"birdIndex":0,"times":1,"score":5210,"totalScore":11220,"finalState":false,"active":false,"unvisitedChildren":111,"miniMaxValue":0.0}
{"stateId":397,"originShotId":32662,"birdIndex":0,"times":1,"score":4010,"totalScore":16290,"finalState":false,"active":false,"unvisitedChildren":166,"miniMaxValue":0.0}
{"stateId":142,"originShotId":11379,"birdIndex":0,"times":1,"score":0,"totalScore":11220,"finalState":false,"active":false,"unvisitedChildren":0,"miniMaxValue":0.0}
{"stateId":398,"originShotId":32782,"birdIndex":0,"times":1,"score":4570,"totalScore":20860,"finalState":false,"active":false,"unvisitedChildren":92,"miniMaxValue":0.0}
{"stateId":399,"originShotId":32866,"birdIndex":0,"times":1,"score":0,"totalScore":20860,"finalState":true,"active":false,"unvisitedChildren":0,"miniMaxValue":0.0}
{"stateId":149,"originShotId":73,"birdIndex":0,"times":1,"score":5560,"totalScore":5560,"finalState":false,"active":false,"unvisitedChildren":0,"miniMaxValue":0.0}
{"stateId":428,"originShotId":11487,"birdIndex":0,"times":1,"score":4150,"totalScore":4150,"finalState":false,"active":false,"unvisitedChildren":536,"miniMaxValue":0.0}
{"stateId":429,"originShotId":35175,"birdIndex":0,"times":1,"score":2040,"totalScore":6190,"finalState":false,"active":false,"unvisitedChildren":423,"miniMaxValue":0.0}
{"stateId":430,"originShotId":35313,"birdIndex":0,"times":1,"score":7070,"totalScore":13260,"finalState":false,"active":false,"unvisitedChildren":298,"miniMaxValue":0.0}
{"stateId":431,"originShotId":35445,"birdIndex":0,"times":1,"score":0,"totalScore":13260,"finalState":false,"active":false,"unvisitedChildren":149,"miniMaxValue":0.0}
{"stateId":432,"originShotId":35595,"birdIndex":0,"times":1,"score":0,"totalScore":13260,"finalState":true,"active":false,"unvisitedChildren":0,"miniMaxValue":0.0}
{"stateId":433,"originShotId":11488,"birdIndex":0,"times":3,"score":3535,"totalScore":3535,"finalState":false,"active":false,"unvisitedChildren":740,"miniMaxValue":23233.334}
{"stateId":434,"originShotId":35718,"birdIndex":0,"times":2,"score":3470,"totalScore":7040,"finalState":false,"active":false,"unvisitedChildren":303,"miniMaxValue":34850.0}
{"stateId":435,"originShotId":35835,"birdIndex":0,"times":1,"score":4130,"totalScore":11140,"finalState":false,"active":false,"unvisitedChildren":98,"miniMaxValue":36420.0}
{"stateId":436,"originShotId":35919,"birdIndex":0,"times":1,"score":36420,"totalScore":47560,"finalState":true,"active":false,"unvisitedChildren":0,"miniMaxValue":36420.0}
{"stateId":437,"originShotId":11489,"birdIndex":0,"times":1,"score":6330,"totalScore":6330,"finalState":false,"active":false,"unvisitedChildren":470,"miniMaxValue":0.0}
{"stateId":438,"originShotId":36051,"birdIndex":0,"times":1,"score":10500,"totalScore":16830,"finalState":false,"active":false,"unvisitedChildren":354,"miniMaxValue":0.0}
{"stateId":439,"originShotId":36171,"birdIndex":0,"times":1,"score":9220,"totalScore":26050,"finalState":false,"active":false,"unvisitedChildren":229,"miniMaxValue":0.0}
{"stateId":440,"originShotId":36180,"birdIndex":0,"times":1,"score":0,"totalScore":26050,"finalState":false,"active":false,"unvisitedChildren":116,"miniMaxValue":0.0}
{"stateId":441,"originShotId":36297,"birdIndex":0,"times":1,"score":0,"totalScore":26050,"finalState":true,"active":false,"unvisitedChildren":0,"miniMaxValue":0.0}
{"stateId":442,"originShotId":11490,"birdIndex":0,"times":1,"score":8910,"totalScore":8910,"finalState":false,"active":false,"unvisitedChildren":425,"miniMaxValue":0.0}
{"stateId":443,"originShotId":36498,"birdIndex":0,"times":1,"score":4900,"totalScore":13810,"finalState":false,"active":false,"unvisitedChildren":336,"miniMaxValue":0.0}
{"stateId":444,"originShotId":36573,"birdIndex":0,"times":1,"score":5110,"totalScore":18920,"finalState":false,"active":false,"unvisitedChildren":223,"miniMaxValue":0.0}
{"stateId":445,"originShotId":36720,"birdIndex":0,"times":1,"score":0,"totalScore":18920,"finalState":false,"active":false,"unvisitedChildren":107,"miniMaxValue":0.0}
{"stateId":446,"originShotId":36828,"birdIndex":0,"times":1,"score":0,"totalScore":18920,"finalState":true,"active":false,"unvisitedChildren":0,"miniMaxValue":0.0}
{"stateId":447,"originShotId":11491,"birdIndex":0,"times":1,"score":3490,"totalScore":3490,"finalState":false,"active":false,"unvisitedChildren":494,"miniMaxValue":0.0}
{"stateId":448,"originShotId":36948,"birdIndex":0,"times":1,"score":1740,"totalScore":5230,"finalState":false,"active":false,"unvisitedChildren":372,"miniMaxValue":0.0}
{"stateId":449,"originShotId":37083,"birdIndex":0,"times":1,"score":8130,"totalScore":13360,"finalState":false,"active":false,"unvisitedChildren":250,"miniMaxValue":0.0}
{"stateId":450,"originShotId":37209,"birdIndex":0,"times":1,"score":1750,"totalScore":15110,"finalState":false,"active":false,"unvisitedChildren":125,"miniMaxValue":0.0}
{"stateId":451,"originShotId":37335,"birdIndex":0,"times":1,"score":0,"totalScore":15110,"finalState":true,"active":false,"unvisitedChildren":0,"miniMaxValue":0.0}
{"stateId":452,"originShotId":11492,"birdIndex":0,"times":1,"score":4230,"totalScore":4230,"finalState":false,"active":false,"unvisitedChildren":437,"miniMaxValue":0.0}
{"stateId":453,"originShotId":37461,"birdIndex":0,"times":1,"score":11770,"totalScore":16000,"finalState":false,"active":false,"unvisitedChildren":312,"miniMaxValue":0.0}
{"stateId":454,"originShotId":37581,"birdIndex":0,"times":1,"score":11390,"totalScore":27390,"finalState":false,"active":false,"unvisitedChildren":184,"miniMaxValue":0.0}
{"stateId":455,"originShotId":37665,"birdIndex":0,"times":1,"score":1080,"totalScore":28470,"finalState":false,"active":false,"unvisitedChildren":92,"miniMaxValue":0.0}
{"stateId":456,"originShotId":37752,"birdIndex":0,"times":1,"score":0,"totalScore":28470,"finalState":true,"active":false,"unvisitedChildren":0,"miniMaxValue":0.0}
{"stateId":457,"originShotId":11508,"birdIndex":0,"times":1,"score":4160,"totalScore":4160,"finalState":false,"active":false,"unvisitedChildren":431,"miniMaxValue":0.0}
{"stateId":458,"originShotId":37821,"birdIndex":0,"times":1,"score":4790,"totalScore":8950,"finalState":false,"active":false,"unvisitedChildren":333,"miniMaxValue":0.0}
{"stateId":459,"originShotId":37950,"birdIndex":0,"times":1,"score":8820,"totalScore":17770,"finalState":false,"active":false,"unvisitedChildren":241,"miniMaxValue":0.0}
{"stateId":460,"originShotId":38121,"birdIndex":0,"times":1,"score":2250,"totalScore":20020,"finalState":false,"active":false,"unvisitedChildren":89,"miniMaxValue":0.0}
{"stateId":461,"originShotId":38202,"birdIndex":0,"times":1,"score":0,"totalScore":20020,"finalState":true,"active":false,"unvisitedChildren":0,"miniMaxValue":0.0}
{"stateId":462,"originShotId":11509,"birdIndex":0,"times":1,"score":4730,"totalScore":4730,"finalState":false,"active":false,"unvisitedChildren":320,"miniMaxValue":0.0}
{"stateId":463,"originShotId":38313,"birdIndex":0,"times":1,"score":9750,"totalScore":14480,"finalState":false,"active":false,"unvisitedChildren":219,"miniMaxValue":0.0}
{"stateId":464,"originShotId":38385,"birdIndex":0,"times":1,"score":4000,"totalScore":18480,"finalState":false,"active":false,"unvisitedChildren":136,"miniMaxValue":0.0}
{"stateId":465,"originShotId":38460,"birdIndex":0,"times":1,"score":580,"totalScore":19060,"finalState":false,"active":false,"unvisitedChildren":68,"miniMaxValue":0.0}
{"stateId":466,"originShotId":38529,"birdIndex":0,"times":1,"score":0,"totalScore":19060,"finalState":true,"active":false,"unvisitedChildren":0,"miniMaxValue":0.0}
{"stateId":467,"originShotId":11510,"birdIndex":0,"times":1,"score":5650,"totalScore":5650,"finalState":false,"active":false,"unvisitedChildren":470,"miniMaxValue":0.0}
{"stateId":468,"originShotId":38673,"birdIndex":0,"times":1,"score":3430,"totalScore":9080,"finalState":false,"active":false,"unvisitedChildren":321,"miniMaxValue":0.0}
{"stateId":469,"originShotId":38712,"birdIndex":0,"times":1,"score":9440,"totalScore":18520,"finalState":false,"active":false,"unvisitedChildren":190,"miniMaxValue":0.0}
{"stateId":470,"originShotId":38913,"birdIndex":0,"times":1,"score":7140,"totalScore":25660,"finalState":false,"active":false,"unvisitedChildren":89,"miniMaxValue":0.0}
{"stateId":471,"originShotId":38952,"birdIndex":0,"times":1,"score":0,"totalScore":25660,"finalState":true,"active":false,"unvisitedChildren":0,"miniMaxValue":0.0}
{"stateId":472,"originShotId":11511,"birdIndex":0,"times":1,"score":3860,"totalScore":3860,"finalState":false,"active":false,"unvisitedChildren":407,"miniMaxValue":0.0}
{"stateId":473,"originShotId":39051,"birdIndex":0,"times":1,"score":1450,"totalScore":5310,"finalState":false,"active":false,"unvisitedChildren":294,"miniMaxValue":0.0}
{"stateId":474,"originShotId":39219,"birdIndex":0,"times":1,"score":9990,"totalScore":15300,"finalState":false,"active":false,"unvisitedChildren":178,"miniMaxValue":0.0}
{"stateId":475,"originShotId":39327,"birdIndex":0,"times":1,"score":820,"totalScore":16120,"finalState":false,"active":false,"unvisitedChildren":80,"miniMaxValue":0.0}
{"stateId":476,"originShotId":39399,"birdIndex":0,"times":1,"score":0,"totalScore":16120,"finalState":true,"active":false,"unvisitedChildren":0,"miniMaxValue":0.0}
{"stateId":477,"originShotId":11512,"birdIndex":0,"times":1,"score":4090,"totalScore":4090,"finalState":false,"active":false,"unvisitedChildren":494,"miniMaxValue":0.0}
{"stateId":478,"originShotId":39525,"birdIndex":0,"times":1,"score":1000,"totalScore":5090,"finalState":false,"active":false,"unvisitedChildren":378,"miniMaxValue":0.0}
{"stateId":479,"originShotId":39654,"birdIndex":0,"times":1,"score":1450,"totalScore":6540,"finalState":false,"active":false,"unvisitedChildren":256,"miniMaxValue":0.0}
{"stateId":480,"originShotId":39765,"birdIndex":0,"times":1,"score":17670,"totalScore":24210,"finalState":false,"active":false,"unvisitedChildren":143,"miniMaxValue":0.0}
{"stateId":481,"originShotId":39912,"birdIndex":0,"times":1,"score":0,"totalScore":24210,"finalState":true,"active":false,"unvisitedChildren":0,"miniMaxValue":0.0}
{"stateId":482,"originShotId":11513,"birdIndex":0,"times":1,"score":1930,"totalScore":1930,"finalState":false,"active":false,"unvisitedChildren":371,"miniMaxValue":0.0}
{"stateId":483,"originShotId":39948,"birdIndex":0,"times":1,"score":6740,"totalScore":8670,"finalState":false,"active":false,"unvisitedChildren":261,"miniMaxValue":0.0}
{"stateId":484,"originShotId":40125,"birdIndex":0,"times":1,"score":13560,"totalScore":22230,"finalState":false,"active":false,"unvisitedChildren":166,"miniMaxValue":0.0}
{"stateId":485,"originShotId":40200,"birdIndex":0,"times":1,"score":0,"totalScore":22230,"finalState":false,"active":false,"unvisitedChildren":83,"miniMaxValue":0.0}
{"stateId":486,"originShotId":40287,"birdIndex":0,"times":1,"score":0,"totalScore":22230,"finalState":true,"active":false,"unvisitedChildren":0,"miniMaxValue":0.0}
{"stateId":504,"originShotId":35835,"birdIndex":0,"times":1,"score":5270,"totalScore":12340,"finalState":false,"active":false,"unvisitedChildren":101,"miniMaxValue":33280.0}
{"stateId":505,"originShotId":41520,"birdIndex":0,"times":1,"score":33280,"totalScore":45620,"finalState":true,"active":false,"unvisitedChildren":0,"miniMaxValue":33280.0}
{"stateId":506,"originShotId":35718,"birdIndex":0,"times":1,"score":1340,"totalScore":4840,"finalState":false,"active":false,"unvisitedChildren":321,"miniMaxValue":0.0}
{"stateId":507,"originShotId":41640,"birdIndex":0,"times":1,"score":6570,"totalScore":11410,"finalState":false,"active":false,"unvisitedChildren":211,"miniMaxValue":0.0}
{"stateId":508,"originShotId":41754,"birdIndex":0,"times":1,"score":2070,"totalScore":13480,"finalState":false,"active":false,"unvisitedChildren":110,"miniMaxValue":0.0}
{"stateId":509,"originShotId":41865,"birdIndex":0,"times":1,"score":0,"totalScore":13480,"finalState":true,"active":false,"unvisitedChildren":0,"miniMaxValue":0.0}
