{"stateId":1,"originShotId":-1,"birdIndex":0,"times":0,"score":0,"totalScore":0,"finalState":false,"active":false,"unvisitedChildren":40917,"miniMaxValue":0.0}
{"stateId":2,"originShotId":91,"birdIndex":0,"times":1,"score":3840,"totalScore":3840,"finalState":false,"active":false,"unvisitedChildren":390,"miniMaxValue":27300.0}
{"stateId":3,"originShotId":139,"birdIndex":0,"times":1,"score":1990,"totalScore":5830,"finalState":false,"active":false,"unvisitedChildren":262,"miniMaxValue":27300.0}
{"stateId":4,"originShotId":259,"birdIndex":0,"times":1,"score":9910,"totalScore":15740,"finalState":false,"active":false,"unvisitedChildren":146,"miniMaxValue":27300.0}
{"stateId":5,"originShotId":480,"birdIndex":0,"times":1,"score":27300,"totalScore":43040,"finalState":true,"active":false,"unvisitedChildren":0,"miniMaxValue":27300.0}
{"stateId":6,"originShotId":103,"birdIndex":0,"times":1,"score":4270,"totalScore":4270,"finalState":false,"active":false,"unvisitedChildren":338,"miniMaxValue":0.0}
{"stateId":7,"originShotId":596,"birdIndex":0,"times":1,"score":2340,"totalScore":6610,"finalState":false,"active":false,"unvisitedChildren":240,"miniMaxValue":0.0}
{"stateId":8,"originShotId":713,"birdIndex":0,"times":1,"score":11970,"totalScore":18580,"finalState":false,"active":false,"unvisitedChildren":127,"miniMaxValue":0.0}
{"stateId":9,"originShotId":734,"birdIndex":0,"times":1,"score":3750,"totalScore":22330,"finalState":false,"active":false,"unvisitedChildren":2,"miniMaxValue":0.0}
{"stateId":10,"originShotId":841,"birdIndex":0,"times":1,"score":0,"totalScore":22330,"finalState":true,"active":false,"unvisitedChildren":0,"miniMaxValue":0.0}
{"stateId":11,"originShotId":95,"birdIndex":0,"times":2,"score":3060,"totalScore":3060,"finalState":false,"active":false,"unvisitedChildren":381,"miniMaxValue":0.0}
{"stateId":12,"originShotId":853,"birdIndex":0,"times":1,"score":3520,"totalScore":6580,"finalState":false,"active":false,"unvisitedChildren":35,"miniMaxValue":0.0}
{"stateId":13,"originShotId":872,"birdIndex":0,"times":1,"score":12690,"totalScore":19270,"finalState":false,"active":false,"unvisitedChildren":18,"miniMaxValue":0.0}
{"stateId":14,"originShotId":877,"birdIndex":0,"times":1,"score":1210,"totalScore":20480,"finalState":false,"active":false,"unvisitedChildren":14,"miniMaxValue":0.0}
{"stateId":15,"originShotId":889,"birdIndex":0,"times":1,"score":0,"totalScore":20480,"finalState":true,"active":false,"unvisitedChildren":0,"miniMaxValue":0.0}
{"stateId":16,"originShotId":92,"birdIndex":0,"times":1,"score":3460,"totalScore":3460,"finalState":false,"active":false,"unvisitedChildren":8,"miniMaxValue":0.0}
{"stateId":17,"originShotId":895,"birdIndex":0,"times":1,"score":1100,"totalScore":4560,"finalState":false,"active":false,"unvisitedChildren":6,"miniMaxValue":0.0}
{"stateId":18,"originShotId":899,"birdIndex":0,"times":1,"score":0,"totalScore":4560,"finalState":false,"active":false,"unvisitedChildren":4,"miniMaxValue":0.0}
{"stateId":19,"originShotId":901,"birdIndex":0,"times":1,"score":0,"totalScore":4560,"finalState":false,"active":false,"unvisitedChildren":2,"miniMaxValue":0.0}
{"stateId":20,"originShotId":904,"birdIndex":0,"times":1,"score":0,"totalScore":4560,"finalState":true,"active":false,"unvisitedChildren":0,"miniMaxValue":0.0}
{"stateId":21,"originShotId":105,"birdIndex":0,"times":1,"score":4220,"totalScore":4220,"finalState":false,"active":false,"unvisitedChildren":51,"miniMaxValue":26320.0}
{"stateId":22,"originShotId":915,"birdIndex":0,"times":1,"score":2520,"totalScore":6740,"finalState":false,"active":false,"unvisitedChildren":40,"miniMaxValue":26320.0}
{"stateId":23,"originShotId":946,"birdIndex":0,"times":1,"score":11760,"totalScore":18500,"finalState":false,"active":false,"unvisitedChildren":11,"miniMaxValue":26320.0}
{"stateId":24,"originShotId":957,"birdIndex":0,"times":1,"score":26320,"totalScore":44820,"finalState":true,"active":false,"unvisitedChildren":0,"miniMaxValue":26320.0}
{"stateId":25,"originShotId":24,"birdIndex":0,"times":1,"score":3880,"totalScore":3880,"finalState":false,"active":false,"unvisitedChildren":437,"miniMaxValue":0.0}
{"stateId":26,"originShotId":1063,"birdIndex":0,"times":1,"score":7270,"totalScore":11150,"finalState":false,"active":false,"unvisitedChildren":324,"miniMaxValue":0.0}
{"stateId":27,"originShotId":1179,"birdIndex":0,"times":1,"score":9570,"totalScore":20720,"finalState":false,"active":false,"unvisitedChildren":196,"miniMaxValue":0.0}
{"stateId":28,"originShotId":1211,"birdIndex":0,"times":1,"score":2240,"totalScore":22960,"finalState":false,"active":false,"unvisitedChildren":92,"miniMaxValue":0.0}
{"stateId":29,"originShotId":1321,"birdIndex":0,"times":1,"score":0,"totalScore":22960,"finalState":true,"active":false,"unvisitedChildren":0,"miniMaxValue":0.0}
{"stateId":30,"originShotId":73,"birdIndex":0,"times":1,"score":7540,"totalScore":7540,"finalState":false,"active":false,"unvisitedChildren":214,"miniMaxValue":46560.0}
{"stateId":31,"originShotId":1424,"birdIndex":0,"times":1,"score":690,"totalScore":8230,"finalState":false,"active":false,"unvisitedChildren":119,"miniMaxValue":46560.0}
{"stateId":32,"originShotId":1562,"birdIndex":0,"times":1,"score":46560,"totalScore":54790,"finalState":true,"active":false,"unvisitedChildren":0,"miniMaxValue":46560.0}
{"stateId":33,"originShotId":88,"birdIndex":0,"times":1,"score":2770,"totalScore":2770,"finalState":false,"active":false,"unvisitedChildren":482,"miniMaxValue":0.0}
{"stateId":34,"originShotId":1703,"birdIndex":0,"times":1,"score":3700,"totalScore":6470,"finalState":false,"active":false,"unvisitedChildren":372,"miniMaxValue":0.0}
{"stateId":35,"originShotId":1762,"birdIndex":0,"times":1,"score":4550,"totalScore":11020,"finalState":false,"active":false,"unvisitedChildren":268,"miniMaxValue":0.0}
{"stateId":36,"originShotId":1910,"birdIndex":0,"times":1,"score":12580,"totalScore":23600,"finalState":false,"active":false,"unvisitedChildren":155,"miniMaxValue":0.0}
{"stateId":37,"originShotId":2085,"birdIndex":0,"times":1,"score":0,"totalScore":23600,"finalState":true,"active":false,"unvisitedChildren":0,"miniMaxValue":0.0}
{"stateId":38,"originShotId":108,"birdIndex":0,"times":1,"score":4230,"totalScore":4230,"finalState":false,"active":false,"unvisitedChildren":1503,"miniMaxValue":0.0}
{"stateId":39,"originShotId":2211,"birdIndex":0,"times":1,"score":0,"totalScore":4230,"finalState":false,"active":false,"unvisitedChildren":1378,"miniMaxValue":0.0}
{"stateId":40,"originShotId":2261,"birdIndex":0,"times":1,"score":0,"totalScore":4230,"finalState":false,"active":false,"unvisitedChildren":1253,"miniMaxValue":0.0}
{"stateId":41,"originShotId":2458,"birdIndex":0,"times":1,"score":0,"totalScore":4230,"finalState":false,"active":false,"unvisitedChildren":1128,"miniMaxValue":0.0}
{"stateId":42,"originShotId":2516,"birdIndex":0,"times":1,"score":0,"totalScore":4230,"finalState":false,"active":false,"unvisitedChildren":1003,"miniMaxValue":0.0}
{"stateId":43,"originShotId":2716,"birdIndex":0,"times":1,"score":0,"totalScore":4230,"finalState":false,"active":false,"unvisitedChildren":878,"miniMaxValue":0.0}
{"stateId":44,"originShotId":2767,"birdIndex":0,"times":1,"score":0,"totalScore":4230,"finalState":false,"active":false,"unvisitedChildren":753,"miniMaxValue":0.0}
{"stateId":45,"originShotId":2898,"birdIndex":0,"times":1,"score":0,"totalScore":4230,"finalState":false,"active":false,"unvisitedChildren":628,"miniMaxValue":0.0}
{"stateId":46,"originShotId":3010,"birdIndex":0,"times":1,"score":0,"totalScore":4230,"finalState":false,"active":false,"unvisitedChildren":563,"miniMaxValue":0.0}
{"stateId":47,"originShotId":3073,"birdIndex":0,"times":1,"score":0,"totalScore":4230,"finalState":false,"active":false,"unvisitedChildren":498,"miniMaxValue":0.0}
{"stateId":48,"originShotId":3142,"birdIndex":0,"times":1,"score":0,"totalScore":4230,"finalState":false,"active":false,"unvisitedChildren":433,"miniMaxValue":0.0}
{"stateId":49,"originShotId":3244,"birdIndex":0,"times":1,"score":0,"totalScore":4230,"finalState":false,"active":false,"unvisitedChildren":368,"miniMaxValue":0.0}
{"stateId":50,"originShotId":3269,"birdIndex":0,"times":1,"score":0,"totalScore":4230,"finalState":false,"active":false,"unvisitedChildren":303,"miniMaxValue":0.0}
{"stateId":51,"originShotId":3367,"birdIndex":0,"times":1,"score":0,"totalScore":4230,"finalState":false,"active":false,"unvisitedChildren":238,"miniMaxValue":0.0}
{"stateId":52,"originShotId":3484,"birdIndex":0,"times":1,"score":0,"totalScore":4230,"finalState":false,"active":false,"unvisitedChildren":131,"miniMaxValue":0.0}
{"stateId":53,"originShotId":3553,"birdIndex":0,"times":1,"score":0,"totalScore":4230,"finalState":false,"active":false,"unvisitedChildren":66,"miniMaxValue":0.0}
{"stateId":54,"originShotId":3574,"birdIndex":0,"times":1,"score":0,"totalScore":4230,"finalState":false,"active":false,"unvisitedChildren":0,"miniMaxValue":0.0}
{"stateId":55,"originShotId":21,"birdIndex":0,"times":2,"score":4330,"totalScore":4330,"finalState":false,"active":false,"unvisitedChildren":659,"miniMaxValue":31630.0}
{"stateId":56,"originShotId":3711,"birdIndex":0,"times":1,"score":1620,"totalScore":5950,"finalState":false,"active":false,"unvisitedChildren":217,"miniMaxValue":31630.0}
{"stateId":57,"originShotId":3758,"birdIndex":0,"times":1,"score":1900,"totalScore":7850,"finalState":false,"active":false,"unvisitedChildren":116,"miniMaxValue":31630.0}
{"stateId":58,"originShotId":3934,"birdIndex":0,"times":1,"score":31630,"totalScore":39480,"finalState":true,"active":false,"unvisitedChildren":0,"miniMaxValue":31630.0}
{"stateId":59,"originShotId":94,"birdIndex":0,"times":2,"score":5240,"totalScore":5240,"finalState":false,"active":false,"unvisitedChildren":656,"miniMaxValue":27650.0}
{"stateId":60,"originShotId":4021,"birdIndex":0,"times":1,"score":6500,"totalScore":11710,"finalState":false,"active":false,"unvisitedChildren":348,"miniMaxValue":0.0}
{"stateId":61,"originShotId":4168,"birdIndex":0,"times":1,"score":2910,"totalScore":14620,"finalState":false,"active":false,"unvisitedChildren":223,"miniMaxValue":0.0}
{"stateId":62,"originShotId":4248,"birdIndex":0,"times":1,"score":5900,"totalScore":20520,"finalState":false,"active":false,"unvisitedChildren":98,"miniMaxValue":0.0}
{"stateId":63,"originShotId":4359,"birdIndex":0,"times":1,"score":0,"totalScore":20520,"finalState":true,"active":false,"unvisitedChildren":0,"miniMaxValue":0.0}
{"stateId":64,"originShotId":24,"birdIndex":0,"times":1,"score":3140,"totalScore":3140,"finalState":false,"active":false,"unvisitedChildren":524,"miniMaxValue":16320.0}
{"stateId":65,"originShotId":4497,"birdIndex":0,"times":1,"score":2840,"totalScore":5980,"finalState":false,"active":false,"unvisitedChildren":402,"miniMaxValue":16320.0}
{"stateId":66,"originShotId":4540,"birdIndex":0,"times":1,"score":3190,"totalScore":9170,"finalState":false,"active":false,"unvisitedChildren":274,"miniMaxValue":16320.0}
{"stateId":67,"originShotId":4766,"birdIndex":0,"times":1,"score":8360,"totalScore":17530,"finalState":false,"active":false,"unvisitedChildren":140,"miniMaxValue":16320.0}
{"stateId":68,"originShotId":4886,"birdIndex":0,"times":1,"score":16320,"totalScore":33850,"finalState":true,"active":false,"unvisitedChildren":0,"miniMaxValue":16320.0}
{"stateId":74,"originShotId":106,"birdIndex":0,"times":1,"score":4670,"totalScore":4670,"finalState":false,"active":false,"unvisitedChildren":315,"miniMaxValue":20990.0}
{"stateId":75,"originShotId":5453,"birdIndex":0,"times":1,"score":12410,"totalScore":17080,"finalState":false,"active":false,"unvisitedChildren":205,"miniMaxValue":20990.0}
{"stateId":76,"originShotId":5486,"birdIndex":0,"times":1,"score":6410,"totalScore":23490,"finalState":false,"active":false,"unvisitedChildren":110,"miniMaxValue":20990.0}
{"stateId":77,"originShotId":5672,"birdIndex":0,"times":1,"score":20990,"totalScore":44480,"finalState":true,"active":false,"unvisitedChildren":0,"miniMaxValue":20990.0}
{"stateId":78,"originShotId":57,"birdIndex":0,"times":1,"score":5410,"totalScore":5410,"finalState":false,"active":false,"unvisitedChildren":467,"miniMaxValue":0.0}
{"stateId":79,"originShotId":5780,"birdIndex":0,"times":1,"score":5920,"totalScore":11330,"finalState":false,"active":false,"unvisitedChildren":327,"miniMaxValue":0.0}
{"stateId":80,"originShotId":5912,"birdIndex":0,"times":1,"score":2980,"totalScore":14310,"finalState":false,"active":false,"unvisitedChildren":226,"miniMaxValue":0.0}
{"stateId":81,"originShotId":5929,"birdIndex":0,"times":1,"score":2400,"totalScore":16710,"finalState":false,"active":false,"unvisitedChildren":134,"miniMaxValue":0.0}
{"stateId":82,"originShotId":6032,"birdIndex":0,"times":1,"score":0,"totalScore":16710,"finalState":true,"active":false,"unvisitedChildren":0,"miniMaxValue":0.0}
{"stateId":83,"originShotId":82,"birdIndex":0,"times":1,"score":4280,"totalScore":4280,"finalState":false,"active":false,"unvisitedChildren":488,"miniMaxValue":0.0}
{"stateId":84,"originShotId":6172,"birdIndex":0,"times":1,"score":2100,"totalScore":6380,"finalState":false,"active":false,"unvisitedChildren":372,"miniMaxValue":0.0}
{"stateId":85,"originShotId":6295,"birdIndex":0,"times":1,"score":1040,"totalScore":7420,"finalState":false,"active":false,"unvisitedChildren":259,"miniMaxValue":0.0}
{"stateId":86,"originShotId":6400,"birdIndex":0,"times":1,"score":7250,"totalScore":14670,"finalState":false,"active":false,"unvisitedChildren":155,"miniMaxValue":0.0}
{"stateId":87,"originShotId":6600,"birdIndex":0,"times":1,"score":0,"totalScore":14670,"finalState":true,"active":false,"unvisitedChildren":0,"miniMaxValue":0.0}
{"stateId":88,"originShotId":63,"birdIndex":0,"times":1,"score":6030,"totalScore":6030,"finalState":false,"active":false,"unvisitedChildren":473,"miniMaxValue":0.0}
{"stateId":89,"originShotId":6744,"birdIndex":0,"times":1,"score":7180,"totalScore":13210,"finalState":false,"active":false,"unvisitedChildren":360,"miniMaxValue":0.0}
{"stateId":90,"originShotId":6856,"birdIndex":0,"times":1,"score":12530,"totalScore":25740,"finalState":false,"active":false,"unvisitedChildren":247,"miniMaxValue":0.0}
{"stateId":91,"originShotId":6981,"birdIndex":0,"times":1,"score":3190,"totalScore":28930,"finalState":false,"active":false,"unvisitedChildren":116,"miniMaxValue":0.0}
{"stateId":92,"originShotId":7011,"birdIndex":0,"times":1,"score":0,"totalScore":28930,"finalState":true,"active":false,"unvisitedChildren":0,"miniMaxValue":0.0}
{"stateId":93,"originShotId":65,"birdIndex":0,"times":1,"score":5520,"totalScore":5520,"finalState":false,"active":false,"unvisitedChildren":461,"miniMaxValue":0.0}
{"stateId":94,"originShotId":7226,"birdIndex":0,"times":1,"score":4780,"totalScore":10300,"finalState":false,"active":false,"unvisitedChildren":345,"miniMaxValue":0.0}
{"stateId":95,"originShotId":7327,"birdIndex":0,"times":1,"score":1200,"totalScore":11500,"finalState":false,"active":false,"unvisitedChildren":232,"miniMaxValue":0.0}
{"stateId":96,"originShotId":7379,"birdIndex":0,"times":1,"score":1180,"totalScore":12680,"finalState":false,"active":false,"unvisitedChildren":113,"miniMaxValue":0.0}
{"stateId":97,"originShotId":7563,"birdIndex":0,"times":1,"score":0,"totalScore":12680,"finalState":true,"active":false,"unvisitedChildren":0,"miniMaxValue":0.0}
{"stateId":98,"originShotId":66,"birdIndex":0,"times":1,"score":3790,"totalScore":3790,"finalState":false,"active":false,"unvisitedChildren":479,"miniMaxValue":16370.0}
{"stateId":99,"originShotId":7666,"birdIndex":0,"times":1,"score":6040,"totalScore":9830,"finalState":false,"active":false,"unvisitedChildren":360,"miniMaxValue":16370.0}
{"stateId":100,"originShotId":7722,"birdIndex":0,"times":1,"score":4510,"totalScore":14340,"finalState":false,"active":false,"unvisitedChildren":238,"miniMaxValue":16370.0}
{"stateId":101,"originShotId":7902,"birdIndex":0,"times":1,"score":4390,"totalScore":18730,"finalState":false,"active":false,"unvisitedChildren":131,"miniMaxValue":16370.0}
{"stateId":102,"originShotId":8045,"birdIndex":0,"times":1,"score":16370,"totalScore":35100,"finalState":true,"active":false,"unvisitedChildren":0,"miniMaxValue":16370.0}
{"stateId":103,"originShotId":98,"birdIndex":0,"times":1,"score":4650,"totalScore":4650,"finalState":false,"active":false,"unvisitedChildren":450,"miniMaxValue":27360.0}
{"stateId":104,"originShotId":8177,"birdIndex":0,"times":1,"score":6890,"totalScore":11540,"finalState":false,"active":false,"unvisitedChildren":319,"miniMaxValue":27360.0}
{"stateId":105,"originShotId":8262,"birdIndex":0,"times":1,"score":6410,"totalScore":17950,"finalState":false,"active":false,"unvisitedChildren":152,"miniMaxValue":27360.0}
{"stateId":106,"originShotId":8478,"birdIndex":0,"times":1,"score":27360,"totalScore":45310,"finalState":true,"active":false,"unvisitedChildren":0,"miniMaxValue":27360.0}
{"stateId":107,"originShotId":104,"birdIndex":0,"times":1,"score":4240,"totalScore":4240,"finalState":false,"active":false,"unvisitedChildren":395,"miniMaxValue":0.0}
{"stateId":108,"originShotId":8593,"birdIndex":0,"times":1,"score":5290,"totalScore":9530,"finalState":false,"active":false,"unvisitedChildren":291,"miniMaxValue":0.0}
{"stateId":109,"originShotId":8643,"birdIndex":0,"times":1,"score":8740,"totalScore":18270,"finalState":false,"active":false,"unvisitedChildren":208,"miniMaxValue":0.0}
{"stateId":110,"originShotId":8774,"birdIndex":0,"times":1,"score":1990,"totalScore":20260,"finalState":false,"active":false,"unvisitedChildren":107,"miniMaxValue":0.0}
{"stateId":111,"originShotId":8902,"birdIndex":0,"times":1,"score":0,"totalScore":20260,"finalState":true,"active":false,"unvisitedChildren":0,"miniMaxValue":0.0}
{"stateId":112,"originShotId":19,"birdIndex":0,"times":1,"score":3930,"totalScore":3930,"finalState":false,"active":false,"unvisitedChildren":344,"miniMaxValue":0.0}
{"stateId":113,"originShotId":9018,"birdIndex":0,"times":1,"score":3590,"totalScore":7520,"finalState":false,"active":false,"unvisitedChildren":225,"miniMaxValue":0.0}
{"stateId":114,"originShotId":9111,"birdIndex":0,"times":1,"score":6270,"totalScore":13790,"finalState":false,"active":false,"unvisitedChildren":124,"miniMaxValue":0.0}
{"stateId":115,"originShotId":9192,"birdIndex":0,"times":1,"score":5650,"totalScore":19440,"finalState":false,"active":false,"unvisitedChildren":59,"miniMaxValue":0.0}
{"stateId":116,"originShotId":9259,"birdIndex":0,"times":1,"score":0,"totalScore":19440,"finalState":true,"active":false,"unvisitedChildren":0,"miniMaxValue":0.0}
{"stateId":117,"originShotId":3721,"birdIndex":0,"times":1,"score":2090,"totalScore":6420,"finalState":false,"active":false,"unvisitedChildren":339,"miniMaxValue":0.0}
{"stateId":118,"originShotId":9286,"birdIndex":0,"times":1,"score":9290,"totalScore":15710,"finalState":false,"active":false,"unvisitedChildren":229,"miniMaxValue":0.0}
{"stateId":119,"originShotId":9498,"birdIndex":0,"times":1,"score":11840,"totalScore":27550,"finalState":false,"active":false,"unvisitedChildren":92,"miniMaxValue":0.0}
{"stateId":120,"originShotId":9565,"birdIndex":0,"times":1,"score":0,"totalScore":27550,"finalState":true,"active":false,"unvisitedChildren":0,"miniMaxValue":0.0}
{"stateId":121,"originShotId":93,"birdIndex":0,"times":1,"score":4210,"totalScore":4210,"finalState":false,"active":false,"unvisitedChildren":437,"miniMaxValue":15130.0}
{"stateId":122,"originShotId":9637,"birdIndex":0,"times":1,"score":2360,"totalScore":6570,"finalState":false,"active":false,"unvisitedChildren":336,"miniMaxValue":15130.0}
{"stateId":123,"originShotId":9816,"birdIndex":0,"times":1,"score":8440,"totalScore":15010,"finalState":false,"active":false,"unvisitedChildren":208,"miniMaxValue":15130.0}
{"stateId":124,"originShotId":9933,"birdIndex":0,"times":1,"score":5780,"totalScore":20790,"finalState":false,"active":false,"unvisitedChildren":101,"miniMaxValue":15130.0}
{"stateId":125,"originShotId":10019,"birdIndex":0,"times":1,"score":15130,"totalScore":35920,"finalState":true,"active":false,"unvisitedChildren":0,"miniMaxValue":15130.0}
{"stateId":126,"originShotId":4027,"birdIndex":0,"times":1,"score":2550,"totalScore":7820,"finalState":false,"active":false,"unvisitedChildren":211,"miniMaxValue":27650.0}
{"stateId":127,"originShotId":10140,"birdIndex":0,"times":1,"score":1670,"totalScore":9490,"finalState":false,"active":false,"unvisitedChildren":110,"miniMaxValue":27650.0}
{"stateId":128,"originShotId":10246,"birdIndex":0,"times":1,"score":27650,"totalScore":37140,"finalState":true,"active":false,"unvisitedChildren":0,"miniMaxValue":27650.0}
{"stateId":129,"originShotId":71,"birdIndex":0,"times":9,"score":8065,"totalScore":8065,"finalState":false,"active":true,"unvisitedChildren":1094,"miniMaxValue":32359.375}
{"stateId":130,"originShotId":10325,"birdIndex":0,"times":2,"score":51070,"totalScore":58810,"finalState":true,"active":false,"unvisitedChildren":0,"miniMaxValue":51070.0}
{"stateId":131,"originShotId":855,"birdIndex":0,"times":1,"score":1100,"totalScore":4160,"finalState":false,"active":false,"unvisitedChildren":336,"miniMaxValue":0.0}
{"stateId":132,"originShotId":10447,"birdIndex":0,"times":1,"score":2880,"totalScore":7040,"finalState":false,"active":false,"unvisitedChildren":229,"miniMaxValue":0.0}
{"stateId":133,"originShotId":10564,"birdIndex":0,"times":1,"score":9550,"totalScore":16590,"finalState":false,"active":false,"unvisitedChildren":128,"miniMaxValue":0.0}
{"stateId":134,"originShotId":10694,"birdIndex":0,"times":1,"score":0,"totalScore":16590,"finalState":true,"active":false,"unvisitedChildren":0,"miniMaxValue":0.0}
{"stateId":135,"originShotId":101,"birdIndex":0,"times":1,"score":2080,"totalScore":2080,"finalState":false,"active":false,"unvisitedChildren":437,"miniMaxValue":0.0}
{"stateId":136,"originShotId":10724,"birdIndex":0,"times":1,"score":4340,"totalScore":6420,"finalState":false,"active":false,"unvisitedChildren":324,"miniMaxValue":0.0}
{"stateId":137,"originShotId":10923,"birdIndex":0,"times":1,"score":10940,"totalScore":17360,"finalState":false,"active":false,"unvisitedChildren":211,"miniMaxValue":0.0}
{"stateId":138,"originShotId":10991,"birdIndex":0,"times":1,"score":6380,"totalScore":23740,"finalState":false,"active":false,"unvisitedChildren":98,"miniMaxValue":0.0}
{"stateId":139,"originShotId":11092,"birdIndex":0,"times":1,"score":0,"totalScore":23740,"finalState":true,"active":false,"unvisitedChildren":0,"miniMaxValue":0.0}
{"stateId":140,"originShotId":99,"birdIndex":0,"times":1,"score":6010,"totalScore":6010,"finalState":false,"active":false,"unvisitedChildren":248,"miniMaxValue":0.0}
{"stateId":141,"originShotId":11169,"birdIndex":0,"times":1,"score":5210,"totalScore":11220,"finalState":false,"active":false,"unvisitedChildren":111,"miniMaxValue":0.0}
{"stateId":142,"originShotId":11379,"birdIndex":0,"times":1,"score":0,"totalScore":11220,"finalState":false,"active":false,"unvisitedChildren":0,"miniMaxValue":0.0}
{"stateId":143,"originShotId":10325,"birdIndex":0,"times":3,"score":52245,"totalScore":59985,"finalState":true,"active":false,"unvisitedChildren":0,"miniMaxValue":52245.0}
{"stateId":144,"originShotId":71,"birdIndex":0,"times":1,"score":8570,"totalScore":8570,"finalState":false,"active":false,"unvisitedChildren":404,"miniMaxValue":0.0}
{"stateId":145,"originShotId":11625,"birdIndex":0,"times":1,"score":4600,"totalScore":13170,"finalState":false,"active":false,"unvisitedChildren":300,"miniMaxValue":0.0}
{"stateId":146,"originShotId":11652,"birdIndex":0,"times":1,"score":2470,"totalScore":15640,"finalState":false,"active":false,"unvisitedChildren":196,"miniMaxValue":0.0}
{"stateId":147,"originShotId":11796,"birdIndex":0,"times":1,"score":3350,"totalScore":18990,"finalState":false,"active":false,"unvisitedChildren":113,"miniMaxValue":0.0}
{"stateId":148,"originShotId":11916,"birdIndex":0,"times":1,"score":0,"totalScore":18990,"finalState":true,"active":false,"unvisitedChildren":0,"miniMaxValue":0.0}
{"stateId":149,"originShotId":73,"birdIndex":0,"times":1,"score":5560,"totalScore":5560,"finalState":false,"active":false,"unvisitedChildren":0,"miniMaxValue":0.0}
{"stateId":150,"originShotId":10325,"birdIndex":0,"times":1,"score":3480,"totalScore":11480,"finalState":false,"active":false,"unvisitedChildren":309,"miniMaxValue":0.0}
{"stateId":151,"originShotId":12102,"birdIndex":0,"times":1,"score":3680,"totalScore":15160,"finalState":false,"active":false,"unvisitedChildren":184,"miniMaxValue":0.0}
{"stateId":152,"originShotId":12198,"birdIndex":0,"times":1,"score":2270,"totalScore":17430,"finalState":false,"active":false,"unvisitedChildren":89,"miniMaxValue":0.0}
{"stateId":153,"originShotId":12303,"birdIndex":0,"times":1,"score":0,"totalScore":17430,"finalState":true,"active":false,"unvisitedChildren":0,"miniMaxValue":0.0}
{"stateId":154,"originShotId":10325,"birdIndex":0,"times":2,"score":1510,"totalScore":9785,"finalState":false,"active":true,"unvisitedChildren":390,"miniMaxValue":0.0}
{"stateId":155,"originShotId":12414,"birdIndex":0,"times":2,"score":7425,"totalScore":17210,"finalState":false,"active":true,"unvisitedChildren":280,"miniMaxValue":0.0}
{"stateId":156,"originShotId":12573,"birdIndex":0,"times":1,"score":11340,"totalScore":28880,"finalState":false,"active":false,"unvisitedChildren":116,"miniMaxValue":0.0}
{"stateId":157,"originShotId":12687,"birdIndex":0,"times":1,"score":0,"totalScore":28880,"finalState":true,"active":false,"unvisitedChildren":0,"miniMaxValue":0.0}
{"stateId":158,"originShotId":10325,"birdIndex":0,"times":1,"score":4270,"totalScore":12290,"finalState":false,"active":false,"unvisitedChildren":294,"miniMaxValue":0.0}
{"stateId":159,"originShotId":12807,"birdIndex":0,"times":1,"score":4690,"totalScore":16980,"finalState":false,"active":false,"unvisitedChildren":172,"miniMaxValue":0.0}
{"stateId":160,"originShotId":12900,"birdIndex":0,"times":1,"score":2780,"totalScore":19760,"finalState":false,"active":false,"unvisitedChildren":83,"miniMaxValue":0.0}
{"stateId":161,"originShotId":12993,"birdIndex":0,"times":1,"score":0,"totalScore":19760,"finalState":true,"active":false,"unvisitedChildren":0,"miniMaxValue":0.0}
{"stateId":162,"originShotId":21,"birdIndex":0,"times":1,"score":5640,"totalScore":5640,"finalState":false,"active":false,"unvisitedChildren":440,"miniMaxValue":0.0}
{"stateId":163,"originShotId":13110,"birdIndex":0,"times":1,"score":7010,"totalScore":12650,"finalState":false,"active":false,"unvisitedChildren":324,"miniMaxValue":0.0}
{"stateId":164,"originShotId":13149,"birdIndex":0,"times":1,"score":3020,"totalScore":15670,"finalState":false,"active":false,"unvisitedChildren":214,"miniMaxValue":0.0}
{"stateId":165,"originShotId":13320,"birdIndex":0,"times":1,"score":5660,"totalScore":21330,"finalState":false,"active":false,"unvisitedChildren":116,"miniMaxValue":0.0}
{"stateId":166,"originShotId":13437,"birdIndex":0,"times":1,"score":0,"totalScore":21330,"finalState":true,"active":false,"unvisitedChildren":0,"miniMaxValue":0.0}
{"stateId":169,"originShotId":11520,"birdIndex":0,"times":1,"score":4920,"totalScore":4920,"finalState":false,"active":false,"unvisitedChildren":548,"miniMaxValue":0.0}
{"stateId":170,"originShotId":13560,"birdIndex":0,"times":1,"score":11940,"totalScore":16860,"finalState":false,"active":false,"unvisitedChildren":405,"miniMaxValue":0.0}
{"stateId":171,"originShotId":13680,"birdIndex":0,"times":1,"score":2860,"totalScore":19720,"finalState":false,"active":false,"unvisitedChildren":283,"miniMaxValue":0.0}
{"stateId":172,"originShotId":13830,"birdIndex":0,"times":1,"score":800,"totalScore":20520,"finalState":false,"active":false,"unvisitedChildren":134,"miniMaxValue":0.0}
{"stateId":173,"originShotId":13968,"birdIndex":0,"times":1,"score":0,"totalScore":20520,"finalState":true,"active":false,"unvisitedChildren":0,"miniMaxValue":0.0}
{"stateId":174,"originShotId":11521,"birdIndex":0,"times":1,"score":3020,"totalScore":3020,"finalState":false,"active":false,"unvisitedChildren":485,"miniMaxValue":0.0}
{"stateId":175,"originShotId":14100,"birdIndex":0,"times":1,"score":2610,"totalScore":5630,"finalState":false,"active":false,"unvisitedChildren":375,"miniMaxValue":0.0}
{"stateId":176,"originShotId":14202,"birdIndex":0,"times":1,"score":840,"totalScore":6470,"finalState":false,"active":false,"unvisitedChildren":268,"miniMaxValue":0.0}
{"stateId":177,"originShotId":14244,"birdIndex":0,"times":1,"score":8160,"totalScore":14630,"finalState":false,"active":false,"unvisitedChildren":164,"miniMaxValue":0.0}
{"stateId":178,"originShotId":14400,"birdIndex":0,"times":1,"score":0,"totalScore":14630,"finalState":true,"active":false,"unvisitedChildren":0,"miniMaxValue":0.0}
{"stateId":179,"originShotId":11522,"birdIndex":0,"times":1,"score":1130,"totalScore":1130,"finalState":false,"active":false,"unvisitedChildren":572,"miniMaxValue":0.0}
{"stateId":180,"originShotId":14586,"birdIndex":0,"times":1,"score":10290,"totalScore":11420,"finalState":false,"active":false,"unvisitedChildren":465,"miniMaxValue":0.0}
{"stateId":181,"originShotId":14724,"birdIndex":0,"times":1,"score":5530,"totalScore":16950,"finalState":false,"active":false,"unvisitedChildren":292,"miniMaxValue":0.0}
{"stateId":182,"originShotId":14874,"birdIndex":0,"times":1,"score":2790,"totalScore":19740,"finalState":false,"active":false,"unvisitedChildren":143,"miniMaxValue":0.0}
{"stateId":183,"originShotId":15018,"birdIndex":0,"times":1,"score":0,"totalScore":19740,"finalState":true,"active":false,"unvisitedChildren":0,"miniMaxValue":0.0}
{"stateId":184,"originShotId":11505,"birdIndex":0,"times":1,"score":3240,"totalScore":3240,"finalState":false,"active":false,"unvisitedChildren":452,"miniMaxValue":0.0}
{"stateId":185,"originShotId":15165,"birdIndex":0,"times":1,"score":2070,"totalScore":5310,"finalState":false,"active":false,"unvisitedChildren":330,"miniMaxValue":0.0}
{"stateId":186,"originShotId":15297,"birdIndex":0,"times":1,"score":4310,"totalScore":9620,"finalState":false,"active":false,"unvisitedChildren":211,"miniMaxValue":0.0}
{"stateId":187,"originShotId":15387,"birdIndex":0,"times":1,"score":13170,"totalScore":22790,"finalState":false,"active":false,"unvisitedChildren":98,"miniMaxValue":0.0}
{"stateId":188,"originShotId":15510,"birdIndex":0,"times":1,"score":0,"totalScore":22790,"finalState":true,"active":false,"unvisitedChildren":0,"miniMaxValue":0.0}
{"stateId":189,"originShotId":11506,"birdIndex":0,"times":1,"score":3520,"totalScore":3520,"finalState":false,"active":false,"unvisitedChildren":401,"miniMaxValue":0.0}
{"stateId":190,"originShotId":15612,"birdIndex":0,"times":1,"score":7120,"totalScore":10640,"finalState":false,"active":false,"unvisitedChildren":285,"miniMaxValue":0.0}
{"stateId":191,"originShotId":15726,"birdIndex":0,"times":1,"score":1450,"totalScore":12090,"finalState":false,"active":false,"unvisitedChildren":187,"miniMaxValue":0.0}
{"stateId":192,"originShotId":15828,"birdIndex":0,"times":1,"score":4310,"totalScore":16400,"finalState":false,"active":false,"unvisitedChildren":86,"miniMaxValue":0.0}
{"stateId":193,"originShotId":15897,"birdIndex":0,"times":1,"score":0,"totalScore":16400,"finalState":true,"active":false,"unvisitedChildren":0,"miniMaxValue":0.0}
{"stateId":194,"originShotId":11507,"birdIndex":0,"times":1,"score":3200,"totalScore":3200,"finalState":false,"active":false,"unvisitedChildren":449,"miniMaxValue":0.0}
{"stateId":195,"originShotId":16008,"birdIndex":0,"times":1,"score":1040,"totalScore":4240,"finalState":false,"active":false,"unvisitedChildren":339,"miniMaxValue":0.0}
{"stateId":196,"originShotId":16143,"birdIndex":0,"times":1,"score":7790,"totalScore":12030,"finalState":false,"active":false,"unvisitedChildren":223,"miniMaxValue":0.0}
{"stateId":197,"originShotId":16242,"birdIndex":0,"times":1,"score":1960,"totalScore":13990,"finalState":false,"active":false,"unvisitedChildren":107,"miniMaxValue":0.0}
{"stateId":198,"originShotId":16350,"birdIndex":0,"times":1,"score":0,"totalScore":13990,"finalState":true,"active":false,"unvisitedChildren":0,"miniMaxValue":0.0}
{"stateId":199,"originShotId":11412,"birdIndex":0,"times":1,"score":3030,"totalScore":3030,"finalState":false,"active":false,"unvisitedChildren":422,"miniMaxValue":0.0}
{"stateId":200,"originShotId":16485,"birdIndex":0,"times":1,"score":4440,"totalScore":7470,"finalState":false,"active":false,"unvisitedChildren":306,"miniMaxValue":0.0}
{"stateId":201,"originShotId":16506,"birdIndex":0,"times":1,"score":7750,"totalScore":15220,"finalState":false,"active":false,"unvisitedChildren":214,"miniMaxValue":0.0}
{"stateId":202,"originShotId":16644,"birdIndex":0,"times":1,"score":970,"totalScore":16190,"finalState":false,"active":false,"unvisitedChildren":98,"miniMaxValue":0.0}
{"stateId":203,"originShotId":16725,"birdIndex":0,"times":1,"score":0,"totalScore":16190,"finalState":true,"active":false,"unvisitedChildren":0,"miniMaxValue":0.0}
{"stateId":204,"originShotId":11413,"birdIndex":0,"times":1,"score":3960,"totalScore":3960,"finalState":false,"active":false,"unvisitedChildren":500,"miniMaxValue":0.0}
{"stateId":205,"originShotId":16905,"birdIndex":0,"times":1,"score":1020,"totalScore":4980,"finalState":false,"active":false,"unvisitedChildren":378,"miniMaxValue":0.0}
{"stateId":206,"originShotId":17028,"birdIndex":0,"times":1,"score":7160,"totalScore":12140,"finalState":false,"active":false,"unvisitedChildren":256,"miniMaxValue":0.0}
{"stateId":207,"originShotId":17148,"birdIndex":0,"times":1,"score":14350,"totalScore":26490,"finalState":false,"active":false,"unvisitedChildren":137,"miniMaxValue":0.0}
{"stateId":208,"originShotId":17280,"birdIndex":0,"times":1,"score":0,"totalScore":26490,"finalState":true,"active":false,"unvisitedChildren":0,"miniMaxValue":0.0}
{"stateId":209,"originShotId":11414,"birdIndex":0,"times":1,"score":3590,"totalScore":3590,"finalState":false,"active":false,"unvisitedChildren":482,"miniMaxValue":9570.0}
{"stateId":210,"originShotId":17406,"birdIndex":0,"times":1,"score":1360,"totalScore":4950,"finalState":false,"active":false,"unvisitedChildren":363,"miniMaxValue":9570.0}
{"stateId":211,"originShotId":17520,"birdIndex":0,"times":1,"score":4680,"totalScore":9630,"finalState":false,"active":false,"unvisitedChildren":250,"miniMaxValue":9570.0}
{"stateId":212,"originShotId":17619,"birdIndex":0,"times":1,"score":16950,"totalScore":26580,"finalState":false,"active":false,"unvisitedChildren":137,"miniMaxValue":9570.0}
{"stateId":213,"originShotId":17658,"birdIndex":0,"times":1,"score":9570,"totalScore":36150,"finalState":true,"active":false,"unvisitedChildren":0,"miniMaxValue":9570.0}
{"stateId":214,"originShotId":11514,"birdIndex":0,"times":1,"score":3760,"totalScore":3760,"finalState":false,"active":false,"unvisitedChildren":461,"miniMaxValue":0.0}
{"stateId":215,"originShotId":17904,"birdIndex":0,"times":1,"score":1600,"totalScore":5360,"finalState":false,"active":false,"unvisitedChildren":336,"miniMaxValue":0.0}
{"stateId":216,"originShotId":18015,"birdIndex":0,"times":1,"score":1340,"totalScore":6700,"finalState":false,"active":false,"unvisitedChildren":226,"miniMaxValue":0.0}
{"stateId":217,"originShotId":18135,"birdIndex":0,"times":1,"score":2380,"totalScore":9080,"finalState":false,"active":false,"unvisitedChildren":113,"miniMaxValue":0.0}
{"stateId":218,"originShotId":18249,"birdIndex":0,"times":1,"score":0,"totalScore":9080,"finalState":true,"active":false,"unvisitedChildren":0,"miniMaxValue":0.0}
{"stateId":219,"originShotId":11515,"birdIndex":0,"times":2,"score":4420,"totalScore":4420,"finalState":false,"active":false,"unvisitedChildren":529,"miniMaxValue":19470.0}
{"stateId":220,"originShotId":18372,"birdIndex":0,"times":1,"score":10590,"totalScore":15160,"finalState":false,"active":false,"unvisitedChildren":137,"miniMaxValue":38940.0}
{"stateId":221,"originShotId":18501,"birdIndex":0,"times":1,"score":38940,"totalScore":54100,"finalState":true,"active":false,"unvisitedChildren":0,"miniMaxValue":38940.0}
{"stateId":222,"originShotId":11516,"birdIndex":0,"times":1,"score":4430,"totalScore":4430,"finalState":false,"active":false,"unvisitedChildren":303,"miniMaxValue":26980.0}
{"stateId":223,"originShotId":18612,"birdIndex":0,"times":1,"score":7560,"totalScore":11990,"finalState":false,"active":false,"unvisitedChildren":196,"miniMaxValue":26980.0}
{"stateId":224,"originShotId":18738,"birdIndex":0,"times":1,"score":5800,"totalScore":17790,"finalState":false,"active":false,"unvisitedChildren":77,"miniMaxValue":26980.0}
{"stateId":225,"originShotId":18816,"birdIndex":0,"times":1,"score":26980,"totalScore":44770,"finalState":true,"active":false,"unvisitedChildren":0,"miniMaxValue":26980.0}
{"stateId":226,"originShotId":11517,"birdIndex":0,"times":1,"score":4280,"totalScore":4280,"finalState":false,"active":false,"unvisitedChildren":413,"miniMaxValue":0.0}
{"stateId":227,"originShotId":18906,"birdIndex":0,"times":1,"score":9970,"totalScore":14250,"finalState":false,"active":false,"unvisitedChildren":324,"miniMaxValue":0.0}
{"stateId":228,"originShotId":18915,"birdIndex":0,"times":1,"score":14530,"totalScore":28780,"finalState":false,"active":false,"unvisitedChildren":205,"miniMaxValue":0.0}
{"stateId":229,"originShotId":19128,"birdIndex":0,"times":1,"score":0,"totalScore":28780,"finalState":false,"active":false,"unvisitedChildren":104,"miniMaxValue":0.0}
{"stateId":230,"originShotId":19233,"birdIndex":0,"times":1,"score":0,"totalScore":28780,"finalState":true,"active":false,"unvisitedChildren":0,"miniMaxValue":0.0}
{"stateId":231,"originShotId":11518,"birdIndex":0,"times":1,"score":4340,"totalScore":4340,"finalState":false,"active":false,"unvisitedChildren":431,"miniMaxValue":9130.0}
{"stateId":232,"originShotId":19368,"birdIndex":0,"times":1,"score":12130,"totalScore":16470,"finalState":false,"active":false,"unvisitedChildren":297,"miniMaxValue":9130.0}
{"stateId":233,"originShotId":19467,"birdIndex":0,"times":1,"score":10310,"totalScore":26780,"finalState":false,"active":false,"unvisitedChildren":193,"miniMaxValue":9130.0}
{"stateId":234,"originShotId":19557,"birdIndex":0,"times":1,"score":0,"totalScore":26780,"finalState":false,"active":false,"unvisitedChildren":98,"miniMaxValue":9130.0}
{"stateId":235,"originShotId":19662,"birdIndex":0,"times":1,"score":9130,"totalScore":35910,"finalState":true,"active":false,"unvisitedChildren":0,"miniMaxValue":9130.0}
{"stateId":236,"originShotId":11519,"birdIndex":0,"times":1,"score":5330,"totalScore":5330,"finalState":false,"active":false,"unvisitedChildren":434,"miniMaxValue":0.0}
{"stateId":237,"originShotId":19779,"birdIndex":0,"times":1,"score":8740,"totalScore":14070,"finalState":false,"active":false,"unvisitedChildren":324,"miniMaxValue":0.0}
{"stateId":238,"originShotId":19812,"birdIndex":0,"times":1,"score":1110,"totalScore":15180,"finalState":false,"active":false,"unvisitedChildren":217,"miniMaxValue":0.0}
{"stateId":239,"originShotId":19914,"birdIndex":0,"times":1,"score":1480,"totalScore":16660,"finalState":false,"active":false,"unvisitedChildren":107,"miniMaxValue":0.0}
{"stateId":240,"originShotId":20106,"birdIndex":0,"times":1,"score":0,"totalScore":16660,"finalState":true,"active":false,"unvisitedChildren":0,"miniMaxValue":0.0}
{"stateId":241,"originShotId":11499,"birdIndex":0,"times":3,"score":3375,"totalScore":3375,"finalState":false,"active":false,"unvisitedChildren":490,"miniMaxValue":26586.668}
{"stateId":242,"originShotId":20208,"birdIndex":0,"times":2,"score":8190,"totalScore":11480,"finalState":false,"active":false,"unvisitedChildren":104,"miniMaxValue":39880.0}
{"stateId":243,"originShotId":20316,"birdIndex":0,"times":1,"score":41130,"totalScore":52840,"finalState":true,"active":false,"unvisitedChildren":0,"miniMaxValue":41130.0}
{"stateId":244,"originShotId":11500,"birdIndex":0,"times":1,"score":3540,"totalScore":3540,"finalState":false,"active":false,"unvisitedChildren":392,"miniMaxValue":0.0}
{"stateId":245,"originShotId":20424,"birdIndex":0,"times":1,"score":1790,"totalScore":5330,"finalState":false,"active":false,"unvisitedChildren":282,"miniMaxValue":0.0}
{"stateId":246,"originShotId":20544,"birdIndex":0,"times":1,"score":9080,"totalScore":14410,"finalState":false,"active":false,"unvisitedChildren":178,"miniMaxValue":0.0}
{"stateId":247,"originShotId":20622,"birdIndex":0,"times":1,"score":3770,"totalScore":18180,"finalState":false,"active":false,"unvisitedChildren":74,"miniMaxValue":0.0}
{"stateId":248,"originShotId":20700,"birdIndex":0,"times":1,"score":0,"totalScore":18180,"finalState":true,"active":false,"unvisitedChildren":0,"miniMaxValue":0.0}
{"stateId":249,"originShotId":11501,"birdIndex":0,"times":1,"score":4440,"totalScore":4440,"finalState":false,"active":false,"unvisitedChildren":356,"miniMaxValue":0.0}
{"stateId":250,"originShotId":20838,"birdIndex":0,"times":1,"score":9870,"totalScore":14310,"finalState":false,"active":false,"unvisitedChildren":243,"miniMaxValue":0.0}
{"stateId":251,"originShotId":20871,"birdIndex":0,"times":1,"score":1900,"totalScore":16210,"finalState":false,"active":false,"unvisitedChildren":163,"miniMaxValue":0.0}
{"stateId":252,"originShotId":20991,"birdIndex":0,"times":1,"score":0,"totalScore":16210,"finalState":false,"active":false,"unvisitedChildren":80,"miniMaxValue":0.0}
{"stateId":253,"originShotId":21036,"birdIndex":0,"times":1,"score":0,"totalScore":16210,"finalState":true,"active":false,"unvisitedChildren":0,"miniMaxValue":0.0}
{"stateId":254,"originShotId":11502,"birdIndex":0,"times":1,"score":7040,"totalScore":7040,"finalState":false,"active":false,"unvisitedChildren":386,"miniMaxValue":6560.0}
{"stateId":255,"originShotId":21201,"birdIndex":0,"times":1,"score":8280,"totalScore":15320,"finalState":false,"active":false,"unvisitedChildren":270,"miniMaxValue":6560.0}
{"stateId":256,"originShotId":21309,"birdIndex":0,"times":1,"score":14290,"totalScore":29610,"finalState":false,"active":false,"unvisitedChildren":151,"miniMaxValue":6560.0}
{"stateId":257,"originShotId":21399,"birdIndex":0,"times":1,"score":3450,"totalScore":33060,"finalState":false,"active":false,"unvisitedChildren":74,"miniMaxValue":6560.0}
{"stateId":258,"originShotId":21471,"birdIndex":0,"times":1,"score":6560,"totalScore":39620,"finalState":true,"active":false,"unvisitedChildren":0,"miniMaxValue":6560.0}
{"stateId":259,"originShotId":11503,"birdIndex":0,"times":2,"score":2770,"totalScore":2770,"finalState":false,"active":false,"unvisitedChildren":352,"miniMaxValue":14645.0}
{"stateId":260,"originShotId":21582,"birdIndex":0,"times":2,"score":1160,"totalScore":3930,"finalState":false,"active":false,"unvisitedChildren":236,"miniMaxValue":14645.0}
{"stateId":261,"originShotId":21693,"birdIndex":0,"times":1,"score":9120,"totalScore":13050,"finalState":false,"active":false,"unvisitedChildren":122,"miniMaxValue":29290.0}
{"stateId":262,"originShotId":21714,"birdIndex":0,"times":1,"score":29290,"totalScore":42340,"finalState":true,"active":false,"unvisitedChildren":0,"miniMaxValue":29290.0}
{"stateId":263,"originShotId":11504,"birdIndex":0,"times":2,"score":4310,"totalScore":4310,"finalState":false,"active":false,"unvisitedChildren":380,"miniMaxValue":19115.0}
{"stateId":264,"originShotId":21948,"birdIndex":0,"times":2,"score":11830,"totalScore":16140,"finalState":false,"active":false,"unvisitedChildren":261,"miniMaxValue":19115.0}
{"stateId":265,"originShotId":22050,"birdIndex":0,"times":1,"score":38230,"totalScore":54250,"finalState":true,"active":false,"unvisitedChildren":0,"miniMaxValue":38230.0}
{"stateId":266,"originShotId":11949,"birdIndex":0,"times":1,"score":9100,"totalScore":9100,"finalState":false,"active":false,"unvisitedChildren":383,"miniMaxValue":0.0}
{"stateId":267,"originShotId":22110,"birdIndex":0,"times":1,"score":4770,"totalScore":13870,"finalState":false,"active":false,"unvisitedChildren":291,"miniMaxValue":0.0}
{"stateId":268,"originShotId":22206,"birdIndex":0,"times":1,"score":1190,"totalScore":15060,"finalState":false,"active":false,"unvisitedChildren":196,"miniMaxValue":0.0}
{"stateId":269,"originShotId":22329,"birdIndex":0,"times":1,"score":0,"totalScore":15060,"finalState":false,"active":false,"unvisitedChildren":95,"miniMaxValue":0.0}
{"stateId":270,"originShotId":22425,"birdIndex":0,"times":1,"score":0,"totalScore":15060,"finalState":true,"active":false,"unvisitedChildren":0,"miniMaxValue":0.0}
{"stateId":271,"originShotId":11950,"birdIndex":0,"times":1,"score":2080,"totalScore":2080,"finalState":false,"active":false,"unvisitedChildren":440,"miniMaxValue":7890.0}
{"stateId":272,"originShotId":22545,"birdIndex":0,"times":1,"score":3490,"totalScore":5570,"finalState":false,"active":false,"unvisitedChildren":333,"miniMaxValue":7890.0}
{"stateId":273,"originShotId":22653,"birdIndex":0,"times":1,"score":5510,"totalScore":11080,"finalState":false,"active":false,"unvisitedChildren":226,"miniMaxValue":7890.0}
{"stateId":274,"originShotId":22773,"birdIndex":0,"times":1,"score":18440,"totalScore":29520,"finalState":false,"active":false,"unvisitedChildren":101,"miniMaxValue":7890.0}
{"stateId":275,"originShotId":22881,"birdIndex":0,"times":1,"score":7890,"totalScore":37410,"finalState":true,"active":false,"unvisitedChildren":0,"miniMaxValue":7890.0}
{"stateId":276,"originShotId":11951,"birdIndex":0,"times":1,"score":3020,"totalScore":3020,"finalState":false,"active":false,"unvisitedChildren":464,"miniMaxValue":24500.0}
{"stateId":277,"originShotId":22995,"birdIndex":0,"times":1,"score":2530,"totalScore":5550,"finalState":false,"active":false,"unvisitedChildren":339,"miniMaxValue":24500.0}
{"stateId":278,"originShotId":23136,"birdIndex":0,"times":1,"score":3910,"totalScore":9460,"finalState":false,"active":false,"unvisitedChildren":211,"miniMaxValue":24500.0}
{"stateId":279,"originShotId":23247,"birdIndex":0,"times":1,"score":1220,"totalScore":10680,"finalState":false,"active":false,"unvisitedChildren":101,"miniMaxValue":24500.0}
{"stateId":280,"originShotId":23331,"birdIndex":0,"times":1,"score":24500,"totalScore":35180,"finalState":true,"active":false,"unvisitedChildren":0,"miniMaxValue":24500.0}
{"stateId":281,"originShotId":11409,"birdIndex":0,"times":1,"score":5640,"totalScore":5640,"finalState":false,"active":false,"unvisitedChildren":455,"miniMaxValue":0.0}
{"stateId":282,"originShotId":23457,"birdIndex":0,"times":1,"score":7050,"totalScore":12690,"finalState":false,"active":false,"unvisitedChildren":348,"miniMaxValue":0.0}
{"stateId":283,"originShotId":23556,"birdIndex":0,"times":1,"score":13840,"totalScore":26530,"finalState":false,"active":false,"unvisitedChildren":223,"miniMaxValue":0.0}
{"stateId":284,"originShotId":23685,"birdIndex":0,"times":1,"score":2550,"totalScore":29080,"finalState":false,"active":false,"unvisitedChildren":104,"miniMaxValue":0.0}
{"stateId":285,"originShotId":23787,"birdIndex":0,"times":1,"score":0,"totalScore":29080,"finalState":true,"active":false,"unvisitedChildren":0,"miniMaxValue":0.0}
{"stateId":286,"originShotId":11410,"birdIndex":0,"times":1,"score":10060,"totalScore":10060,"finalState":false,"active":false,"unvisitedChildren":347,"miniMaxValue":0.0}
{"stateId":287,"originShotId":23895,"birdIndex":0,"times":1,"score":6300,"totalScore":16360,"finalState":false,"active":false,"unvisitedChildren":249,"miniMaxValue":0.0}
{"stateId":288,"originShotId":23988,"birdIndex":0,"times":1,"score":13660,"totalScore":30020,"finalState":false,"active":false,"unvisitedChildren":154,"miniMaxValue":0.0}
{"stateId":289,"originShotId":24054,"birdIndex":0,"times":1,"score":660,"totalScore":30680,"finalState":false,"active":false,"unvisitedChildren":77,"miniMaxValue":0.0}
{"stateId":290,"originShotId":24132,"birdIndex":0,"times":1,"score":0,"totalScore":30680,"finalState":true,"active":false,"unvisitedChildren":0,"miniMaxValue":0.0}
{"stateId":291,"originShotId":11411,"birdIndex":0,"times":1,"score":5930,"totalScore":5930,"finalState":false,"active":false,"unvisitedChildren":464,"miniMaxValue":0.0}
{"stateId":292,"originShotId":24279,"birdIndex":0,"times":1,"score":8530,"totalScore":14460,"finalState":false,"active":false,"unvisitedChildren":345,"miniMaxValue":0.0}
{"stateId":293,"originShotId":24378,"birdIndex":0,"times":1,"score":5870,"totalScore":20330,"finalState":false,"active":false,"unvisitedChildren":223,"miniMaxValue":0.0}
{"stateId":294,"originShotId":24483,"birdIndex":0,"times":1,"score":810,"totalScore":21140,"finalState":false,"active":false,"unvisitedChildren":107,"miniMaxValue":0.0}
{"stateId":295,"originShotId":24603,"birdIndex":0,"times":1,"score":0,"totalScore":21140,"finalState":true,"active":false,"unvisitedChildren":0,"miniMaxValue":0.0}
{"stateId":296,"originShotId":11406,"birdIndex":0,"times":1,"score":7320,"totalScore":7320,"finalState":false,"active":false,"unvisitedChildren":476,"miniMaxValue":18220.0}
{"stateId":297,"originShotId":24744,"birdIndex":0,"times":1,"score":4570,"totalScore":11890,"finalState":false,"active":false,"unvisitedChildren":360,"miniMaxValue":18220.0}
{"stateId":298,"originShotId":24747,"birdIndex":0,"times":1,"score":0,"totalScore":11890,"finalState":false,"active":false,"unvisitedChildren":226,"miniMaxValue":18220.0}
{"stateId":299,"originShotId":24891,"birdIndex":0,"times":1,"score":7070,"totalScore":18960,"finalState":false,"active":false,"unvisitedChildren":113,"miniMaxValue":18220.0}
{"stateId":300,"originShotId":25071,"birdIndex":0,"times":1,"score":18220,"totalScore":37180,"finalState":true,"active":false,"unvisitedChildren":0,"miniMaxValue":18220.0}
{"stateId":301,"originShotId":11407,"birdIndex":0,"times":1,"score":8440,"totalScore":8440,"finalState":false,"active":false,"unvisitedChildren":377,"miniMaxValue":0.0}
{"stateId":302,"originShotId":25164,"birdIndex":0,"times":1,"score":600,"totalScore":9040,"finalState":false,"active":false,"unvisitedChildren":297,"miniMaxValue":0.0}
{"stateId":303,"originShotId":25266,"birdIndex":0,"times":1,"score":6570,"totalScore":15610,"finalState":false,"active":false,"unvisitedChildren":199,"miniMaxValue":0.0}
{"stateId":304,"originShotId":25356,"birdIndex":0,"times":1,"score":0,"totalScore":15610,"finalState":false,"active":false,"unvisitedChildren":95,"miniMaxValue":0.0}
{"stateId":305,"originShotId":25467,"birdIndex":0,"times":1,"score":0,"totalScore":15610,"finalState":true,"active":false,"unvisitedChildren":0,"miniMaxValue":0.0}
{"stateId":306,"originShotId":11408,"birdIndex":0,"times":1,"score":4870,"totalScore":4870,"finalState":false,"active":false,"unvisitedChildren":431,"miniMaxValue":0.0}
{"stateId":307,"originShotId":25521,"birdIndex":0,"times":1,"score":1510,"totalScore":6380,"finalState":false,"active":false,"unvisitedChildren":321,"miniMaxValue":0.0}
{"stateId":308,"originShotId":25686,"birdIndex":0,"times":1,"score":6380,"totalScore":12760,"finalState":false,"active":false,"unvisitedChildren":214,"miniMaxValue":0.0}
{"stateId":309,"originShotId":25812,"birdIndex":0,"times":1,"score":13060,"totalScore":25820,"finalState":false,"active":false,"unvisitedChildren":107,"miniMaxValue":0.0}
{"stateId":310,"originShotId":25923,"birdIndex":0,"times":1,"score":0,"totalScore":25820,"finalState":true,"active":false,"unvisitedChildren":0,"miniMaxValue":0.0}
{"stateId":311,"originShotId":11472,"birdIndex":0,"times":1,"score":8760,"totalScore":8760,"finalState":false,"active":false,"unvisitedChildren":470,"miniMaxValue":0.0}
{"stateId":312,"originShotId":26031,"birdIndex":0,"times":1,"score":1300,"totalScore":10060,"finalState":false,"active":false,"unvisitedChildren":336,"miniMaxValue":0.0}
{"stateId":313,"originShotId":26151,"birdIndex":0,"times":1,"score":3060,"totalScore":13120,"finalState":false,"active":false,"unvisitedChildren":238,"miniMaxValue":0.0}
{"stateId":314,"originShotId":26259,"birdIndex":0,"times":1,"score":4010,"totalScore":17130,"finalState":false,"active":false,"unvisitedChildren":128,"miniMaxValue":0.0}
{"stateId":315,"originShotId":26397,"birdIndex":0,"times":1,"score":0,"totalScore":17130,"finalState":true,"active":false,"unvisitedChildren":0,"miniMaxValue":0.0}
{"stateId":316,"originShotId":20316,"birdIndex":0,"times":1,"score":38630,"totalScore":49880,"finalState":true,"active":false,"unvisitedChildren":0,"miniMaxValue":38630.0}
{"stateId":317,"originShotId":20208,"birdIndex":0,"times":1,"score":9890,"totalScore":13350,"finalState":false,"active":false,"unvisitedChildren":270,"miniMaxValue":0.0}
{"stateId":318,"originShotId":26493,"birdIndex":0,"times":1,"score":14120,"totalScore":27470,"finalState":false,"active":false,"unvisitedChildren":160,"miniMaxValue":0.0}
{"stateId":319,"originShotId":26589,"birdIndex":0,"times":1,"score":700,"totalScore":28170,"finalState":false,"active":false,"unvisitedChildren":80,"miniMaxValue":0.0}
{"stateId":320,"originShotId":26670,"birdIndex":0,"times":1,"score":0,"totalScore":28170,"finalState":true,"active":false,"unvisitedChildren":0,"miniMaxValue":0.0}
{"stateId":321,"originShotId":18372,"birdIndex":0,"times":1,"score":11330,"totalScore":15600,"finalState":false,"active":false,"unvisitedChildren":270,"miniMaxValue":0.0}
{"stateId":322,"originShotId":26757,"birdIndex":0,"times":1,"score":1130,"totalScore":16730,"finalState":false,"active":false,"unvisitedChildren":184,"miniMaxValue":0.0}
{"stateId":323,"originShotId":26769,"birdIndex":0,"times":1,"score":2730,"totalScore":19460,"finalState":false,"active":false,"unvisitedChildren":89,"miniMaxValue":0.0}
{"stateId":324,"originShotId":26871,"birdIndex":0,"times":1,"score":0,"totalScore":19460,"finalState":true,"active":false,"unvisitedChildren":0,"miniMaxValue":0.0}
{"stateId":325,"originShotId":22050,"birdIndex":0,"times":1,"score":14070,"totalScore":30330,"finalState":false,"active":false,"unvisitedChildren":160,"miniMaxValue":0.0}
{"stateId":326,"originShotId":27024,"birdIndex":0,"times":1,"score":730,"totalScore":31060,"finalState":false,"active":false,"unvisitedChildren":80,"miniMaxValue":0.0}
{"stateId":327,"originShotId":27105,"birdIndex":0,"times":1,"score":0,"totalScore":31060,"finalState":true,"active":false,"unvisitedChildren":0,"miniMaxValue":0.0}
{"stateId":328,"originShotId":21693,"birdIndex":0,"times":1,"score":7550,"totalScore":11480,"finalState":false,"active":false,"unvisitedChildren":0,"miniMaxValue":0.0}
{"stateId":329,"originShotId":11473,"birdIndex":0,"times":1,"score":8650,"totalScore":8650,"finalState":false,"active":false,"unvisitedChildren":374,"miniMaxValue":0.0}
{"stateId":330,"originShotId":27207,"birdIndex":0,"times":1,"score":4600,"totalScore":13250,"finalState":false,"active":false,"unvisitedChildren":273,"miniMaxValue":0.0}
{"stateId":331,"originShotId":27291,"birdIndex":0,"times":1,"score":13180,"totalScore":26430,"finalState":false,"active":false,"unvisitedChildren":166,"miniMaxValue":0.0}
{"stateId":332,"originShotId":27384,"birdIndex":0,"times":1,"score":0,"totalScore":26430,"finalState":false,"active":false,"unvisitedChildren":86,"miniMaxValue":0.0}
{"stateId":333,"originShotId":27471,"birdIndex":0,"times":1,"score":0,"totalScore":26430,"finalState":true,"active":false,"unvisitedChildren":0,"miniMaxValue":0.0}
{"stateId":334,"originShotId":11474,"birdIndex":0,"times":1,"score":11230,"totalScore":11230,"finalState":false,"active":false,"unvisitedChildren":251,"miniMaxValue":0.0}
{"stateId":335,"originShotId":27561,"birdIndex":0,"times":1,"score":4470,"totalScore":15700,"finalState":false,"active":false,"unvisitedChildren":174,"miniMaxValue":0.0}
{"stateId":336,"originShotId":27609,"birdIndex":0,"times":1,"score":3210,"totalScore":18910,"finalState":false,"active":false,"unvisitedChildren":112,"miniMaxValue":0.0}
{"stateId":337,"originShotId":27639,"birdIndex":0,"times":1,"score":2460,"totalScore":21370,"finalState":false,"active":false,"unvisitedChildren":65,"miniMaxValue":0.0}
{"stateId":338,"originShotId":27738,"birdIndex":0,"times":1,"score":0,"totalScore":21370,"finalState":true,"active":false,"unvisitedChildren":0,"miniMaxValue":0.0}
{"stateId":339,"originShotId":11475,"birdIndex":0,"times":1,"score":4430,"totalScore":4430,"finalState":false,"active":false,"unvisitedChildren":464,"miniMaxValue":0.0}
{"stateId":340,"originShotId":27861,"birdIndex":0,"times":1,"score":3740,"totalScore":8170,"finalState":false,"active":false,"unvisitedChildren":342,"miniMaxValue":0.0}
{"stateId":341,"originShotId":27987,"birdIndex":0,"times":1,"score":3080,"totalScore":11250,"finalState":false,"active":false,"unvisitedChildren":217,"miniMaxValue":0.0}
{"stateId":342,"originShotId":27996,"birdIndex":0,"times":1,"score":0,"totalScore":11250,"finalState":false,"active":false,"unvisitedChildren":104,"miniMaxValue":0.0}
{"stateId":343,"originShotId":28110,"birdIndex":0,"times":1,"score":0,"totalScore":11250,"finalState":true,"active":false,"unvisitedChildren":0,"miniMaxValue":0.0}
{"stateId":344,"originShotId":11476,"birdIndex":0,"times":1,"score":7460,"totalScore":7460,"finalState":false,"active":false,"unvisitedChildren":464,"miniMaxValue":0.0}
{"stateId":345,"originShotId":28323,"birdIndex":0,"times":1,"score":4430,"totalScore":11890,"finalState":false,"active":false,"unvisitedChildren":348,"miniMaxValue":0.0}
{"stateId":346,"originShotId":28407,"birdIndex":0,"times":1,"score":3890,"totalScore":15780,"finalState":false,"active":false,"unvisitedChildren":229,"miniMaxValue":0.0}
{"stateId":347,"originShotId":28584,"birdIndex":0,"times":1,"score":3830,"totalScore":19610,"finalState":false,"active":false,"unvisitedChildren":89,"miniMaxValue":0.0}
{"stateId":348,"originShotId":28662,"birdIndex":0,"times":1,"score":0,"totalScore":19610,"finalState":true,"active":false,"unvisitedChildren":0,"miniMaxValue":0.0}
{"stateId":349,"originShotId":11477,"birdIndex":0,"times":1,"score":9680,"totalScore":9680,"finalState":false,"active":false,"unvisitedChildren":387,"miniMaxValue":0.0}
{"stateId":350,"originShotId":28707,"birdIndex":0,"times":1,"score":3990,"totalScore":13670,"finalState":false,"active":false,"unvisitedChildren":357,"miniMaxValue":0.0}
{"stateId":351,"originShotId":28813,"birdIndex":0,"times":1,"score":5150,"totalScore":18820,"finalState":false,"active":false,"unvisitedChildren":235,"miniMaxValue":0.0}
{"stateId":352,"originShotId":28930,"birdIndex":0,"times":1,"score":2710,"totalScore":21530,"finalState":false,"active":false,"unvisitedChildren":113,"miniMaxValue":0.0}
{"stateId":353,"originShotId":29059,"birdIndex":0,"times":1,"score":0,"totalScore":21530,"finalState":true,"active":false,"unvisitedChildren":0,"miniMaxValue":0.0}
{"stateId":354,"originShotId":11478,"birdIndex":0,"times":1,"score":6100,"totalScore":6100,"finalState":false,"active":false,"unvisitedChildren":428,"miniMaxValue":0.0}
{"stateId":355,"originShotId":29155,"birdIndex":0,"times":1,"score":4380,"totalScore":10480,"finalState":false,"active":false,"unvisitedChildren":330,"miniMaxValue":0.0}
{"stateId":356,"originShotId":29272,"birdIndex":0,"times":1,"score":3280,"totalScore":13760,"finalState":false,"active":false,"unvisitedChildren":223,"miniMaxValue":0.0}
{"stateId":357,"originShotId":29302,"birdIndex":0,"times":1,"score":2690,"totalScore":16450,"finalState":false,"active":false,"unvisitedChildren":119,"miniMaxValue":0.0}
{"stateId":358,"originShotId":29446,"birdIndex":0,"times":1,"score":0,"totalScore":16450,"finalState":true,"active":false,"unvisitedChildren":0,"miniMaxValue":0.0}
{"stateId":359,"originShotId":11479,"birdIndex":0,"times":1,"score":8700,"totalScore":8700,"finalState":false,"active":false,"unvisitedChildren":446,"miniMaxValue":0.0}
{"stateId":360,"originShotId":29602,"birdIndex":0,"times":1,"score":4560,"totalScore":13260,"finalState":false,"active":false,"unvisitedChildren":342,"miniMaxValue":0.0}
{"stateId":361,"originShotId":29632,"birdIndex":0,"times":1,"score":2180,"totalScore":15440,"finalState":false,"active":false,"unvisitedChildren":217,"miniMaxValue":0.0}
{"stateId":362,"originShotId":29836,"birdIndex":0,"times":1,"score":14440,"totalScore":29880,"finalState":false,"active":false,"unvisitedChildren":98,"miniMaxValue":0.0}
{"stateId":363,"originShotId":29944,"birdIndex":0,"times":1,"score":0,"totalScore":29880,"finalState":true,"active":false,"unvisitedChildren":0,"miniMaxValue":0.0}
{"stateId":364,"originShotId":11480,"birdIndex":0,"times":2,"score":7640,"totalScore":7640,"finalState":false,"active":false,"unvisitedChildren":392,"miniMaxValue":22600.0}
{"stateId":365,"originShotId":29980,"birdIndex":0,"times":2,"score":4530,"totalScore":12170,"finalState":false,"active":false,"unvisitedChildren":282,"miniMaxValue":22600.0}
{"stateId":366,"originShotId":30154,"birdIndex":0,"times":2,"score":4615,"totalScore":16785,"finalState":false,"active":false,"unvisitedChildren":187,"miniMaxValue":22600.0}
{"stateId":367,"originShotId":30247,"birdIndex":0,"times":1,"score":30030,"totalScore":46850,"finalState":true,"active":false,"unvisitedChildren":0,"miniMaxValue":30030.0}
{"stateId":368,"originShotId":11493,"birdIndex":0,"times":1,"score":6360,"totalScore":6360,"finalState":false,"active":false,"unvisitedChildren":339,"miniMaxValue":22660.0}
{"stateId":369,"originShotId":30352,"birdIndex":0,"times":1,"score":9410,"totalScore":15770,"finalState":false,"active":false,"unvisitedChildren":223,"miniMaxValue":22660.0}
{"stateId":370,"originShotId":30457,"birdIndex":0,"times":1,"score":11030,"totalScore":26800,"finalState":false,"active":false,"unvisitedChildren":110,"miniMaxValue":22660.0}
{"stateId":371,"originShotId":30595,"birdIndex":0,"times":1,"score":22660,"totalScore":49460,"finalState":true,"active":false,"unvisitedChildren":0,"miniMaxValue":22660.0}
{"stateId":372,"originShotId":11494,"birdIndex":0,"times":1,"score":4230,"totalScore":4230,"finalState":false,"active":false,"unvisitedChildren":407,"miniMaxValue":0.0}
{"stateId":373,"originShotId":30694,"birdIndex":0,"times":1,"score":1290,"totalScore":5520,"finalState":false,"active":false,"unvisitedChildren":300,"miniMaxValue":0.0}
{"stateId":374,"originShotId":30814,"birdIndex":0,"times":1,"score":11390,"totalScore":16910,"finalState":false,"active":false,"unvisitedChildren":193,"miniMaxValue":0.0}
{"stateId":375,"originShotId":30856,"birdIndex":0,"times":1,"score":9240,"totalScore":26150,"finalState":false,"active":false,"unvisitedChildren":95,"miniMaxValue":0.0}
{"stateId":376,"originShotId":31009,"birdIndex":0,"times":1,"score":0,"totalScore":26150,"finalState":true,"active":false,"unvisitedChildren":0,"miniMaxValue":0.0}
{"stateId":377,"originShotId":11495,"birdIndex":0,"times":1,"score":4290,"totalScore":4290,"finalState":false,"active":false,"unvisitedChildren":377,"miniMaxValue":6750.0}
{"stateId":378,"originShotId":31126,"birdIndex":0,"times":1,"score":10400,"totalScore":14690,"finalState":false,"active":false,"unvisitedChildren":261,"miniMaxValue":6750.0}
{"stateId":379,"originShotId":31228,"birdIndex":0,"times":1,"score":13920,"totalScore":28610,"finalState":false,"active":false,"unvisitedChildren":160,"miniMaxValue":6750.0}
{"stateId":380,"originShotId":31297,"birdIndex":0,"times":1,"score":730,"totalScore":29340,"finalState":false,"active":false,"unvisitedChildren":80,"miniMaxValue":6750.0}
{"stateId":381,"originShotId":31384,"birdIndex":0,"times":1,"score":6750,"totalScore":36090,"finalState":true,"active":false,"unvisitedChildren":0,"miniMaxValue":6750.0}
{"stateId":382,"originShotId":11496,"birdIndex":0,"times":1,"score":6080,"totalScore":6080,"finalState":false,"active":false,"unvisitedChildren":226,"miniMaxValue":44250.0}
{"stateId":383,"originShotId":31507,"birdIndex":0,"times":1,"score":4710,"totalScore":10790,"finalState":false,"active":false,"unvisitedChildren":110,"miniMaxValue":44250.0}
{"stateId":384,"originShotId":31612,"birdIndex":0,"times":1,"score":44250,"totalScore":55040,"finalState":true,"active":false,"unvisitedChildren":0,"miniMaxValue":44250.0}
{"stateId":385,"originShotId":11497,"birdIndex":0,"times":1,"score":4300,"totalScore":4300,"finalState":false,"active":false,"unvisitedChildren":437,"miniMaxValue":0.0}
{"stateId":386,"originShotId":31735,"birdIndex":0,"times":1,"score":11000,"totalScore":15300,"finalState":false,"active":false,"unvisitedChildren":318,"miniMaxValue":0.0}
{"stateId":387,"originShotId":31828,"birdIndex":0,"times":1,"score":4470,"totalScore":19770,"finalState":false,"active":false,"unvisitedChildren":220,"miniMaxValue":0.0}
{"stateId":388,"originShotId":31924,"birdIndex":0,"times":1,"score":600,"totalScore":20370,"finalState":false,"active":false,"unvisitedChildren":107,"miniMaxValue":0.0}
{"stateId":389,"originShotId":32044,"birdIndex":0,"times":1,"score":0,"totalScore":20370,"finalState":true,"active":false,"unvisitedChildren":0,"miniMaxValue":0.0}
{"stateId":390,"originShotId":11498,"birdIndex":0,"times":1,"score":3980,"totalScore":3980,"finalState":false,"active":false,"unvisitedChildren":434,"miniMaxValue":0.0}
{"stateId":391,"originShotId":32104,"birdIndex":0,"times":1,"score":1580,"totalScore":5560,"finalState":false,"active":false,"unvisitedChildren":315,"miniMaxValue":0.0}
{"stateId":392,"originShotId":32224,"birdIndex":0,"times":1,"score":740,"totalScore":6300,"finalState":false,"active":false,"unvisitedChildren":199,"miniMaxValue":0.0}
{"stateId":393,"originShotId":32404,"birdIndex":0,"times":1,"score":11770,"totalScore":18070,"finalState":false,"active":false,"unvisitedChildren":92,"miniMaxValue":0.0}
{"stateId":394,"originShotId":32482,"birdIndex":0,"times":1,"score":0,"totalScore":18070,"finalState":true,"active":false,"unvisitedChildren":0,"miniMaxValue":0.0}
{"stateId":395,"originShotId":102,"birdIndex":0,"times":1,"score":1100,"totalScore":1100,"finalState":false,"active":false,"unvisitedChildren":383,"miniMaxValue":0.0}
{"stateId":396,"originShotId":32599,"birdIndex":0,"times":1,"score":11180,"totalScore":12280,"finalState":false,"active":false,"unvisitedChildren":276,"miniMaxValue":0.0}
{"stateId":397,"originShotId":32662,"birdIndex":0,"times":1,"score":4010,"totalScore":16290,"finalState":false,"active":false,"unvisitedChildren":166,"miniMaxValue":0.0}
{"stateId":398,"originShotId":32782,"birdIndex":0,"times":1,"score":4570,"totalScore":20860,"finalState":false,"active":false,"unvisitedChildren":92,"miniMaxValue":0.0}
{"stateId":399,"originShotId":32866,"birdIndex":0,"times":1,"score":0,"totalScore":20860,"finalState":true,"active":false,"unvisitedChildren":0,"miniMaxValue":0.0}
{"stateId":400,"originShotId":11466,"birdIndex":0,"times":1,"score":8800,"totalScore":8800,"finalState":false,"active":false,"unvisitedChildren":434,"miniMaxValue":0.0}
{"stateId":401,"originShotId":32980,"birdIndex":0,"times":1,"score":7340,"totalScore":16140,"finalState":false,"active":false,"unvisitedChildren":339,"miniMaxValue":0.0}
{"stateId":402,"originShotId":33106,"birdIndex":0,"times":1,"score":12120,"totalScore":28260,"finalState":false,"active":false,"unvisitedChildren":211,"miniMaxValue":0.0}
{"stateId":403,"originShotId":33217,"birdIndex":0,"times":1,"score":2810,"totalScore":31070,"finalState":false,"active":false,"unvisitedChildren":104,"miniMaxValue":0.0}
{"stateId":404,"originShotId":33322,"birdIndex":0,"times":1,"score":0,"totalScore":31070,"finalState":true,"active":false,"unvisitedChildren":0,"miniMaxValue":0.0}
{"stateId":405,"originShotId":11467,"birdIndex":0,"times":1,"score":7090,"totalScore":7090,"finalState":false,"active":false,"unvisitedChildren":236,"miniMaxValue":26500.0}
{"stateId":406,"originShotId":33406,"birdIndex":0,"times":1,"score":7050,"totalScore":14140,"finalState":false,"active":false,"unvisitedChildren":153,"miniMaxValue":26500.0}
{"stateId":407,"originShotId":33442,"birdIndex":0,"times":1,"score":3790,"totalScore":17930,"finalState":false,"active":false,"unvisitedChildren":116,"miniMaxValue":26500.0}
{"stateId":408,"originShotId":33555,"birdIndex":0,"times":1,"score":26500,"totalScore":44430,"finalState":true,"active":false,"unvisitedChildren":0,"miniMaxValue":26500.0}
{"stateId":409,"originShotId":11468,"birdIndex":0,"times":1,"score":7690,"totalScore":7690,"finalState":false,"active":false,"unvisitedChildren":270,"miniMaxValue":28100.0}
{"stateId":410,"originShotId":33654,"birdIndex":0,"times":1,"score":4740,"totalScore":12430,"finalState":false,"active":false,"unvisitedChildren":178,"miniMaxValue":28100.0}
{"stateId":411,"originShotId":33735,"birdIndex":0,"times":1,"score":5690,"totalScore":18120,"finalState":false,"active":false,"unvisitedChildren":86,"miniMaxValue":28100.0}
{"stateId":412,"originShotId":33822,"birdIndex":0,"times":1,"score":28100,"totalScore":46220,"finalState":true,"active":false,"unvisitedChildren":0,"miniMaxValue":28100.0}
{"stateId":413,"originShotId":11469,"birdIndex":0,"times":1,"score":5880,"totalScore":5880,"finalState":false,"active":false,"unvisitedChildren":416,"miniMaxValue":0.0}
{"stateId":414,"originShotId":33933,"birdIndex":0,"times":1,"score":3700,"totalScore":9580,"finalState":false,"active":false,"unvisitedChildren":318,"miniMaxValue":0.0}
{"stateId":415,"originShotId":34032,"birdIndex":0,"times":1,"score":7770,"totalScore":17350,"finalState":false,"active":false,"unvisitedChildren":205,"miniMaxValue":0.0}
{"stateId":416,"originShotId":34143,"birdIndex":0,"times":1,"score":2450,"totalScore":19800,"finalState":false,"active":false,"unvisitedChildren":92,"miniMaxValue":0.0}
{"stateId":417,"originShotId":34239,"birdIndex":0,"times":1,"score":0,"totalScore":19800,"finalState":true,"active":false,"unvisitedChildren":0,"miniMaxValue":0.0}
{"stateId":418,"originShotId":11470,"birdIndex":0,"times":1,"score":6080,"totalScore":6080,"finalState":false,"active":false,"unvisitedChildren":446,"miniMaxValue":0.0}
{"stateId":419,"originShotId":34359,"birdIndex":0,"times":1,"score":6130,"totalScore":12210,"finalState":false,"active":false,"unvisitedChildren":342,"miniMaxValue":0.0}
{"stateId":420,"originShotId":34446,"birdIndex":0,"times":1,"score":2000,"totalScore":14210,"finalState":false,"active":false,"unvisitedChildren":229,"miniMaxValue":0.0}
{"stateId":421,"originShotId":34512,"birdIndex":0,"times":1,"score":8180,"totalScore":22390,"finalState":false,"active":false,"unvisitedChildren":119,"miniMaxValue":0.0}
{"stateId":422,"originShotId":34680,"birdIndex":0,"times":1,"score":0,"totalScore":22390,"finalState":true,"active":false,"unvisitedChildren":0,"miniMaxValue":0.0}
{"stateId":423,"originShotId":11471,"birdIndex":0,"times":1,"score":11370,"totalScore":11370,"finalState":false,"active":false,"unvisitedChildren":365,"miniMaxValue":0.0}
{"stateId":424,"originShotId":34722,"birdIndex":0,"times":1,"score":6450,"totalScore":17820,"finalState":false,"active":false,"unvisitedChildren":267,"miniMaxValue":0.0}
{"stateId":425,"originShotId":34881,"birdIndex":0,"times":1,"score":740,"totalScore":18560,"finalState":false,"active":false,"unvisitedChildren":172,"miniMaxValue":0.0}
{"stateId":426,"originShotId":34971,"birdIndex":0,"times":1,"score":580,"totalScore":19140,"finalState":false,"active":false,"unvisitedChildren":83,"miniMaxValue":0.0}
{"stateId":427,"originShotId":35061,"birdIndex":0,"times":1,"score":0,"totalScore":19140,"finalState":true,"active":false,"unvisitedChildren":0,"miniMaxValue":0.0}
{"stateId":428,"originShotId":11487,"birdIndex":0,"times":1,"score":4150,"totalScore":4150,"finalState":false,"active":false,"unvisitedChildren":536,"miniMaxValue":0.0}
{"stateId":429,"originShotId":35175,"birdIndex":0,"times":1,"score":2040,"totalScore":6190,"finalState":false,"active":false,"unvisitedChildren":423,"miniMaxValue":0.0}
{"stateId":430,"originShotId":35313,"birdIndex":0,"times":1,"score":7070,"totalScore":13260,"finalState":false,"active":false,"unvisitedChildren":298,"miniMaxValue":0.0}
{"stateId":431,"originShotId":35445,"birdIndex":0,"times":1,"score":0,"totalScore":13260,"finalState":false,"active":false,"unvisitedChildren":149,"miniMaxValue":0.0}
{"stateId":432,"originShotId":35595,"birdIndex":0,"times":1,"score":0,"totalScore":13260,"finalState":true,"active":false,"unvisitedChildren":0,"miniMaxValue":0.0}
{"stateId":433,"originShotId":11488,"birdIndex":0,"times":3,"score":3535,"totalScore":3535,"finalState":false,"active":false,"unvisitedChildren":740,"miniMaxValue":23233.334}
{"stateId":434,"originShotId":35718,"birdIndex":0,"times":2,"score":3470,"totalScore":7040,"finalState":false,"active":false,"unvisitedChildren":303,"miniMaxValue":34850.0}
{"stateId":435,"originShotId":35835,"birdIndex":0,"times":1,"score":4130,"totalScore":11140,"finalState":false,"active":false,"unvisitedChildren":98,"miniMaxValue":36420.0}
{"stateId":436,"originShotId":35919,"birdIndex":0,"times":1,"score":36420,"totalScore":47560,"finalState":true,"active":false,"unvisitedChildren":0,"miniMaxValue":36420.0}
{"stateId":437,"originShotId":11489,"birdIndex":0,"times":1,"score":6330,"totalScore":6330,"finalState":false,"active":false,"unvisitedChildren":470,"miniMaxValue":0.0}
{"stateId":438,"originShotId":36051,"birdIndex":0,"times":1,"score":10500,"totalScore":16830,"finalState":false,"active":false,"unvisitedChildren":354,"miniMaxValue":0.0}
{"stateId":439,"originShotId":36171,"birdIndex":0,"times":1,"score":9220,"totalScore":26050,"finalState":false,"active":false,"unvisitedChildren":229,"miniMaxValue":0.0}
{"stateId":440,"originShotId":36180,"birdIndex":0,"times":1,"score":0,"totalScore":26050,"finalState":false,"active":false,"unvisitedChildren":116,"miniMaxValue":0.0}
{"stateId":441,"originShotId":36297,"birdIndex":0,"times":1,"score":0,"totalScore":26050,"finalState":true,"active":false,"unvisitedChildren":0,"miniMaxValue":0.0}
{"stateId":442,"originShotId":11490,"birdIndex":0,"times":1,"score":8910,"totalScore":8910,"finalState":false,"active":false,"unvisitedChildren":425,"miniMaxValue":0.0}
{"stateId":443,"originShotId":36498,"birdIndex":0,"times":1,"score":4900,"totalScore":13810,"finalState":false,"active":false,"unvisitedChildren":336,"miniMaxValue":0.0}
{"stateId":444,"originShotId":36573,"birdIndex":0,"times":1,"score":5110,"totalScore":18920,"finalState":false,"active":false,"unvisitedChildren":223,"miniMaxValue":0.0}
{"stateId":445,"originShotId":36720,"birdIndex":0,"times":1,"score":0,"totalScore":18920,"finalState":false,"active":false,"unvisitedChildren":107,"miniMaxValue":0.0}
{"stateId":446,"originShotId":36828,"birdIndex":0,"times":1,"score":0,"totalScore":18920,"finalState":true,"active":false,"unvisitedChildren":0,"miniMaxValue":0.0}
{"stateId":447,"originShotId":11491,"birdIndex":0,"times":1,"score":3490,"totalScore":3490,"finalState":false,"active":false,"unvisitedChildren":494,"miniMaxValue":0.0}
{"stateId":448,"originShotId":36948,"birdIndex":0,"times":1,"score":1740,"totalScore":5230,"finalState":false,"active":false,"unvisitedChildren":372,"miniMaxValue":0.0}
{"stateId":449,"originShotId":37083,"birdIndex":0,"times":1,"score":8130,"totalScore":13360,"finalState":false,"active":false,"unvisitedChildren":250,"miniMaxValue":0.0}
{"stateId":450,"originShotId":37209,"birdIndex":0,"times":1,"score":1750,"totalScore":15110,"finalState":false,"active":false,"unvisitedChildren":125,"miniMaxValue":0.0}
{"stateId":451,"originShotId":37335,"birdIndex":0,"times":1,"score":0,"totalScore":15110,"finalState":true,"active":false,"unvisitedChildren":0,"miniMaxValue":0.0}
{"stateId":452,"originShotId":11492,"birdIndex":0,"times":1,"score":4230,"totalScore":4230,"finalState":false,"active":false,"unvisitedChildren":437,"miniMaxValue":0.0}
{"stateId":453,"originShotId":37461,"birdIndex":0,"times":1,"score":11770,"totalScore":16000,"finalState":false,"active":false,"unvisitedChildren":312,"miniMaxValue":0.0}
{"stateId":454,"originShotId":37581,"birdIndex":0,"times":1,"score":11390,"totalScore":27390,"finalState":false,"active":false,"unvisitedChildren":184,"miniMaxValue":0.0}
{"stateId":455,"originShotId":37665,"birdIndex":0,"times":1,"score":1080,"totalScore":28470,"finalState":false,"active":false,"unvisitedChildren":92,"miniMaxValue":0.0}
{"stateId":456,"originShotId":37752,"birdIndex":0,"times":1,"score":0,"totalScore":28470,"finalState":true,"active":false,"unvisitedChildren":0,"miniMaxValue":0.0}
{"stateId":457,"originShotId":11508,"birdIndex":0,"times":1,"score":4160,"totalScore":4160,"finalState":false,"active":false,"unvisitedChildren":431,"miniMaxValue":0.0}
{"stateId":458,"originShotId":37821,"birdIndex":0,"times":1,"score":4790,"totalScore":8950,"finalState":false,"active":false,"unvisitedChildren":333,"miniMaxValue":0.0}
{"stateId":459,"originShotId":37950,"birdIndex":0,"times":1,"score":8820,"totalScore":17770,"finalState":false,"active":false,"unvisitedChildren":241,"miniMaxValue":0.0}
{"stateId":460,"originShotId":38121,"birdIndex":0,"times":1,"score":2250,"totalScore":20020,"finalState":false,"active":false,"unvisitedChildren":89,"miniMaxValue":0.0}
{"stateId":461,"originShotId":38202,"birdIndex":0,"times":1,"score":0,"totalScore":20020,"finalState":true,"active":false,"unvisitedChildren":0,"miniMaxValue":0.0}
{"stateId":462,"originShotId":11509,"birdIndex":0,"times":1,"score":4730,"totalScore":4730,"finalState":false,"active":false,"unvisitedChildren":320,"miniMaxValue":0.0}
{"stateId":463,"originShotId":38313,"birdIndex":0,"times":1,"score":9750,"totalScore":14480,"finalState":false,"active":false,"unvisitedChildren":219,"miniMaxValue":0.0}
{"stateId":464,"originShotId":38385,"birdIndex":0,"times":1,"score":4000,"totalScore":18480,"finalState":false,"active":false,"unvisitedChildren":136,"miniMaxValue":0.0}
{"stateId":465,"originShotId":38460,"birdIndex":0,"times":1,"score":580,"totalScore":19060,"finalState":false,"active":false,"unvisitedChildren":68,"miniMaxValue":0.0}
{"stateId":466,"originShotId":38529,"birdIndex":0,"times":1,"score":0,"totalScore":19060,"finalState":true,"active":false,"unvisitedChildren":0,"miniMaxValue":0.0}
{"stateId":467,"originShotId":11510,"birdIndex":0,"times":1,"score":5650,"totalScore":5650,"finalState":false,"active":false,"unvisitedChildren":470,"miniMaxValue":0.0}
{"stateId":468,"originShotId":38673,"birdIndex":0,"times":1,"score":3430,"totalScore":9080,"finalState":false,"active":false,"unvisitedChildren":321,"miniMaxValue":0.0}
{"stateId":469,"originShotId":38712,"birdIndex":0,"times":1,"score":9440,"totalScore":18520,"finalState":false,"active":false,"unvisitedChildren":190,"miniMaxValue":0.0}
{"stateId":470,"originShotId":38913,"birdIndex":0,"times":1,"score":7140,"totalScore":25660,"finalState":false,"active":false,"unvisitedChildren":89,"miniMaxValue":0.0}
{"stateId":471,"originShotId":38952,"birdIndex":0,"times":1,"score":0,"totalScore":25660,"finalState":true,"active":false,"unvisitedChildren":0,"miniMaxValue":0.0}
{"stateId":472,"originShotId":11511,"birdIndex":0,"times":1,"score":3860,"totalScore":3860,"finalState":false,"active":false,"unvisitedChildren":407,"miniMaxValue":0.0}
{"stateId":473,"originShotId":39051,"birdIndex":0,"times":1,"score":1450,"totalScore":5310,"finalState":false,"active":false,"unvisitedChildren":294,"miniMaxValue":0.0}
{"stateId":474,"originShotId":39219,"birdIndex":0,"times":1,"score":9990,"totalScore":15300,"finalState":false,"active":false,"unvisitedChildren":178,"miniMaxValue":0.0}
{"stateId":475,"originShotId":39327,"birdIndex":0,"times":1,"score":820,"totalScore":16120,"finalState":false,"active":false,"unvisitedChildren":80,"miniMaxValue":0.0}
{"stateId":476,"originShotId":39399,"birdIndex":0,"times":1,"score":0,"totalScore":16120,"finalState":true,"active":false,"unvisitedChildren":0,"miniMaxValue":0.0}
{"stateId":477,"originShotId":11512,"birdIndex":0,"times":1,"score":4090,"totalScore":4090,"finalState":false,"active":false,"unvisitedChildren":494,"miniMaxValue":0.0}
{"stateId":478,"originShotId":39525,"birdIndex":0,"times":1,"score":1000,"totalScore":5090,"finalState":false,"active":false,"unvisitedChildren":378,"miniMaxValue":0.0}
{"stateId":479,"originShotId":39654,"birdIndex":0,"times":1,"score":1450,"totalScore":6540,"finalState":false,"active":false,"unvisitedChildren":256,"miniMaxValue":0.0}
{"stateId":480,"originShotId":39765,"birdIndex":0,"times":1,"score":17670,"totalScore":24210,"finalState":false,"active":false,"unvisitedChildren":143,"miniMaxValue":0.0}
{"stateId":481,"originShotId":39912,"birdIndex":0,"times":1,"score":0,"totalScore":24210,"finalState":true,"active":false,"unvisitedChildren":0,"miniMaxValue":0.0}
{"stateId":482,"originShotId":11513,"birdIndex":0,"times":1,"score":1930,"totalScore":1930,"finalState":false,"active":false,"unvisitedChildren":371,"miniMaxValue":0.0}
{"stateId":483,"originShotId":39948,"birdIndex":0,"times":1,"score":6740,"totalScore":8670,"finalState":false,"active":false,"unvisitedChildren":261,"miniMaxValue":0.0}
{"stateId":484,"originShotId":40125,"birdIndex":0,"times":1,"score":13560,"totalScore":22230,"finalState":false,"active":false,"unvisitedChildren":166,"miniMaxValue":0.0}
{"stateId":485,"originShotId":40200,"birdIndex":0,"times":1,"score":0,"totalScore":22230,"finalState":false,"active":false,"unvisitedChildren":83,"miniMaxValue":0.0}
{"stateId":486,"originShotId":40287,"birdIndex":0,"times":1,"score":0,"totalScore":22230,"finalState":true,"active":false,"unvisitedChildren":0,"miniMaxValue":0.0}
{"stateId":487,"originShotId":11460,"birdIndex":0,"times":1,"score":4900,"totalScore":4900,"finalState":false,"active":false,"unvisitedChildren":246,"miniMaxValue":19030.0}
{"stateId":488,"originShotId":40374,"birdIndex":0,"times":1,"score":9750,"totalScore":14650,"finalState":false,"active":false,"unvisitedChildren":166,"miniMaxValue":19030.0}
{"stateId":489,"originShotId":40458,"birdIndex":0,"times":1,"score":12140,"totalScore":26790,"finalState":false,"active":false,"unvisitedChildren":74,"miniMaxValue":19030.0}
{"stateId":490,"originShotId":40530,"birdIndex":0,"times":1,"score":19030,"totalScore":45820,"finalState":true,"active":false,"unvisitedChildren":0,"miniMaxValue":19030.0}
{"stateId":491,"originShotId":11461,"birdIndex":0,"times":1,"score":9910,"totalScore":9910,"finalState":false,"active":false,"unvisitedChildren":157,"miniMaxValue":0.0}
{"stateId":492,"originShotId":40593,"birdIndex":0,"times":1,"score":5270,"totalScore":15180,"finalState":false,"active":false,"unvisitedChildren":107,"miniMaxValue":0.0}
{"stateId":493,"originShotId":40596,"birdIndex":0,"times":1,"score":3120,"totalScore":18300,"finalState":false,"active":false,"unvisitedChildren":63,"miniMaxValue":0.0}
{"stateId":494,"originShotId":40689,"birdIndex":0,"times":1,"score":0,"totalScore":18300,"finalState":false,"active":false,"unvisitedChildren":0,"miniMaxValue":0.0}
{"stateId":495,"originShotId":11496,"birdIndex":0,"times":1,"score":7260,"totalScore":7260,"finalState":false,"active":false,"unvisitedChildren":303,"miniMaxValue":32890.0}
{"stateId":496,"originShotId":40803,"birdIndex":0,"times":1,"score":4580,"totalScore":11840,"finalState":false,"active":false,"unvisitedChildren":202,"miniMaxValue":32890.0}
{"stateId":497,"originShotId":40884,"birdIndex":0,"times":1,"score":3100,"totalScore":14940,"finalState":false,"active":false,"unvisitedChildren":110,"miniMaxValue":32890.0}
{"stateId":498,"originShotId":41004,"birdIndex":0,"times":1,"score":32890,"totalScore":47830,"finalState":true,"active":false,"unvisitedChildren":0,"miniMaxValue":32890.0}
{"stateId":499,"originShotId":11496,"birdIndex":0,"times":1,"score":8490,"totalScore":8490,"finalState":false,"active":false,"unvisitedChildren":428,"miniMaxValue":0.0}
{"stateId":500,"originShotId":41103,"birdIndex":0,"times":1,"score":4430,"totalScore":12920,"finalState":false,"active":false,"unvisitedChildren":333,"miniMaxValue":0.0}
{"stateId":501,"originShotId":41211,"birdIndex":0,"times":1,"score":1110,"totalScore":14030,"finalState":false,"active":false,"unvisitedChildren":223,"miniMaxValue":0.0}
{"stateId":502,"originShotId":41322,"birdIndex":0,"times":1,"score":7650,"totalScore":21680,"finalState":false,"active":false,"unvisitedChildren":101,"miniMaxValue":0.0}
{"stateId":503,"originShotId":41421,"birdIndex":0,"times":1,"score":0,"totalScore":21680,"finalState":true,"active":false,"unvisitedChildren":0,"miniMaxValue":0.0}
{"stateId":504,"originShotId":35835,"birdIndex":0,"times":1,"score":5270,"totalScore":12340,"finalState":false,"active":false,"unvisitedChildren":101,"miniMaxValue":33280.0}
{"stateId":505,"originShotId":41520,"birdIndex":0,"times":1,"score":33280,"totalScore":45620,"finalState":true,"active":false,"unvisitedChildren":0,"miniMaxValue":33280.0}
{"stateId":506,"originShotId":35718,"birdIndex":0,"times":1,"score":1340,"totalScore":4840,"finalState":false,"active":false,"unvisitedChildren":321,"miniMaxValue":0.0}
{"stateId":507,"originShotId":41640,"birdIndex":0,"times":1,"score":6570,"totalScore":11410,"finalState":false,"active":false,"unvisitedChildren":211,"miniMaxValue":0.0}
{"stateId":508,"originShotId":41754,"birdIndex":0,"times":1,"score":2070,"totalScore":13480,"finalState":false,"active":false,"unvisitedChildren":110,"miniMaxValue":0.0}
{"stateId":509,"originShotId":41865,"birdIndex":0,"times":1,"score":0,"totalScore":13480,"finalState":true,"active":false,"unvisitedChildren":0,"miniMaxValue":0.0}
{"stateId":510,"originShotId":30247,"birdIndex":0,"times":1,"score":5900,"totalScore":22650,"finalState":false,"active":false,"unvisitedChildren":86,"miniMaxValue":15170.0}
{"stateId":511,"originShotId":41946,"birdIndex":0,"times":1,"score":15170,"totalScore":37820,"finalState":true,"active":false,"unvisitedChildren":0,"miniMaxValue":15170.0}
{"stateId":512,"originShotId":12573,"birdIndex":0,"times":1,"score":3050,"totalScore":19930,"finalState":false,"active":true,"unvisitedChildren":0,"miniMaxValue":0.0}
{"stateId":513,"originShotId":42027,"birdIndex":0,"times":1,"score":15130,"totalScore":35060,"finalState":true,"active":true,"unvisitedChildren":0,"miniMaxValue":0.0}
