{"stateId":1,"originShotId":-1,"birdIndex":0,"times":0,"score":0,"totalScore":0,"finalState":false,"active":false,"unvisitedChildren":13882,"miniMaxValue":0.0}
{"stateId":2,"originShotId":180,"birdIndex":0,"times":1,"score":2790,"totalScore":2790,"finalState":false,"active":false,"unvisitedChildren":129,"miniMaxValue":41320.0}
{"stateId":3,"originShotId":182,"birdIndex":0,"times":1,"score":41320,"totalScore":44110,"finalState":true,"active":false,"unvisitedChildren":0,"miniMaxValue":41320.0}
{"stateId":4,"originShotId":54,"birdIndex":0,"times":1,"score":21630,"totalScore":21630,"finalState":false,"active":false,"unvisitedChildren":238,"miniMaxValue":22460.0}
{"stateId":5,"originShotId":346,"birdIndex":0,"times":1,"score":4270,"totalScore":25900,"finalState":false,"active":false,"unvisitedChildren":104,"miniMaxValue":22460.0}
{"stateId":6,"originShotId":499,"birdIndex":0,"times":1,"score":22460,"totalScore":48360,"finalState":true,"active":false,"unvisitedChildren":0,"miniMaxValue":22460.0}
{"stateId":7,"originShotId":154,"birdIndex":0,"times":2,"score":90855,"totalScore":90855,"finalState":true,"active":false,"unvisitedChildren":0,"miniMaxValue":90855.0}
{"stateId":8,"originShotId":162,"birdIndex":0,"times":1,"score":16260,"totalScore":16260,"finalState":false,"active":false,"unvisitedChildren":293,"miniMaxValue":0.0}
{"stateId":9,"originShotId":576,"birdIndex":0,"times":1,"score":3990,"totalScore":20250,"finalState":false,"active":false,"unvisitedChildren":144,"miniMaxValue":0.0}
{"stateId":10,"originShotId":754,"birdIndex":0,"times":1,"score":3550,"totalScore":23800,"finalState":false,"active":false,"unvisitedChildren":20,"miniMaxValue":0.0}
{"stateId":11,"originShotId":839,"birdIndex":0,"times":1,"score":0,"totalScore":23800,"finalState":true,"active":false,"unvisitedChildren":0,"miniMaxValue":0.0}
{"stateId":12,"originShotId":5,"birdIndex":0,"times":1,"score":53160,"totalScore":53160,"finalState":true,"active":false,"unvisitedChildren":0,"miniMaxValue":53160.0}
{"stateId":15,"originShotId":27,"birdIndex":0,"times":1,"score":16990,"totalScore":16990,"finalState":false,"active":false,"unvisitedChildren":114,"miniMaxValue":36720.0}
{"stateId":16,"originShotId":1055,"birdIndex":0,"times":1,"score":36720,"totalScore":53710,"finalState":true,"active":false,"unvisitedChildren":0,"miniMaxValue":36720.0}
{"stateId":20,"originShotId":101,"birdIndex":0,"times":1,"score":6220,"totalScore":6220,"finalState":false,"active":false,"unvisitedChildren":34,"miniMaxValue":0.0}
{"stateId":21,"originShotId":1572,"birdIndex":0,"times":1,"score":7190,"totalScore":13410,"finalState":false,"active":false,"unvisitedChildren":15,"miniMaxValue":0.0}
{"stateId":22,"originShotId":1599,"birdIndex":0,"times":1,"score":13600,"totalScore":27010,"finalState":false,"active":false,"unvisitedChildren":1,"miniMaxValue":0.0}
{"stateId":23,"originShotId":1608,"birdIndex":0,"times":1,"score":0,"totalScore":27010,"finalState":true,"active":false,"unvisitedChildren":0,"miniMaxValue":0.0}
{"stateId":24,"originShotId":118,"birdIndex":0,"times":2,"score":23030,"totalScore":23030,"finalState":false,"active":false,"unvisitedChildren":64,"miniMaxValue":29290.0}
{"stateId":25,"originShotId":1633,"birdIndex":0,"times":2,"score":29290,"totalScore":52320,"finalState":true,"active":false,"unvisitedChildren":0,"miniMaxValue":29290.0}
{"stateId":26,"originShotId":131,"birdIndex":0,"times":1,"score":12060,"totalScore":12060,"finalState":false,"active":false,"unvisitedChildren":580,"miniMaxValue":0.0}
{"stateId":27,"originShotId":1727,"birdIndex":0,"times":1,"score":4060,"totalScore":16120,"finalState":false,"active":false,"unvisitedChildren":196,"miniMaxValue":0.0}
{"stateId":28,"originShotId":2229,"birdIndex":0,"times":1,"score":5940,"totalScore":22060,"finalState":false,"active":false,"unvisitedChildren":2,"miniMaxValue":0.0}
{"stateId":29,"originShotId":2256,"birdIndex":0,"times":1,"score":0,"totalScore":22060,"finalState":true,"active":false,"unvisitedChildren":0,"miniMaxValue":0.0}
{"stateId":32,"originShotId":46,"birdIndex":0,"times":1,"score":21110,"totalScore":21110,"finalState":false,"active":false,"unvisitedChildren":24,"miniMaxValue":34140.0}
{"stateId":33,"originShotId":2481,"birdIndex":0,"times":1,"score":34140,"totalScore":55250,"finalState":true,"active":false,"unvisitedChildren":0,"miniMaxValue":34140.0}
{"stateId":34,"originShotId":7,"birdIndex":0,"times":2,"score":19055,"totalScore":19055,"finalState":false,"active":false,"unvisitedChildren":407,"miniMaxValue":41060.0}
{"stateId":35,"originShotId":2508,"birdIndex":0,"times":1,"score":10450,"totalScore":23150,"finalState":false,"active":false,"unvisitedChildren":199,"miniMaxValue":21640.0}
{"stateId":36,"originShotId":2754,"birdIndex":0,"times":1,"score":21640,"totalScore":44790,"finalState":true,"active":false,"unvisitedChildren":0,"miniMaxValue":21640.0}
{"stateId":37,"originShotId":50,"birdIndex":0,"times":1,"score":7080,"totalScore":7080,"finalState":false,"active":false,"unvisitedChildren":293,"miniMaxValue":20020.0}
{"stateId":38,"originShotId":3044,"birdIndex":0,"times":1,"score":17850,"totalScore":24930,"finalState":false,"active":false,"unvisitedChildren":144,"miniMaxValue":20020.0}
{"stateId":39,"originShotId":3061,"birdIndex":0,"times":1,"score":20020,"totalScore":44950,"finalState":true,"active":false,"unvisitedChildren":0,"miniMaxValue":20020.0}
{"stateId":40,"originShotId":153,"birdIndex":0,"times":1,"score":25040,"totalScore":25040,"finalState":false,"active":false,"unvisitedChildren":233,"miniMaxValue":15200.0}
{"stateId":41,"originShotId":3301,"birdIndex":0,"times":1,"score":8220,"totalScore":33260,"finalState":false,"active":false,"unvisitedChildren":79,"miniMaxValue":15200.0}
{"stateId":42,"originShotId":3386,"birdIndex":0,"times":1,"score":15200,"totalScore":48460,"finalState":true,"active":false,"unvisitedChildren":0,"miniMaxValue":15200.0}
{"stateId":43,"originShotId":120,"birdIndex":0,"times":1,"score":21720,"totalScore":21720,"finalState":false,"active":false,"unvisitedChildren":418,"miniMaxValue":18610.0}
{"stateId":44,"originShotId":3460,"birdIndex":0,"times":1,"score":5920,"totalScore":27640,"finalState":false,"active":false,"unvisitedChildren":149,"miniMaxValue":18610.0}
{"stateId":45,"originShotId":3807,"birdIndex":0,"times":1,"score":18610,"totalScore":46250,"finalState":true,"active":false,"unvisitedChildren":0,"miniMaxValue":18610.0}
{"stateId":46,"originShotId":97,"birdIndex":0,"times":1,"score":8570,"totalScore":8570,"finalState":false,"active":false,"unvisitedChildren":99,"miniMaxValue":43480.0}
{"stateId":47,"originShotId":3861,"birdIndex":0,"times":1,"score":43480,"totalScore":52050,"finalState":true,"active":false,"unvisitedChildren":0,"miniMaxValue":43480.0}
{"stateId":52,"originShotId":59,"birdIndex":0,"times":1,"score":15260,"totalScore":15260,"finalState":false,"active":false,"unvisitedChildren":144,"miniMaxValue":40220.0}
{"stateId":53,"originShotId":4273,"birdIndex":0,"times":1,"score":40220,"totalScore":55480,"finalState":true,"active":false,"unvisitedChildren":0,"miniMaxValue":40220.0}
{"stateId":54,"originShotId":142,"birdIndex":0,"times":1,"score":21570,"totalScore":21570,"finalState":false,"active":false,"unvisitedChildren":254,"miniMaxValue":33810.0}
{"stateId":55,"originShotId":4461,"birdIndex":0,"times":1,"score":33810,"totalScore":55380,"finalState":true,"active":false,"unvisitedChildren":0,"miniMaxValue":33810.0}
{"stateId":56,"originShotId":26,"birdIndex":0,"times":1,"score":4880,"totalScore":4880,"finalState":false,"active":false,"unvisitedChildren":409,"miniMaxValue":6010.0}
{"stateId":57,"originShotId":4735,"birdIndex":0,"times":1,"score":9180,"totalScore":14060,"finalState":false,"active":false,"unvisitedChildren":205,"miniMaxValue":6010.0}
{"stateId":58,"originShotId":5003,"birdIndex":0,"times":1,"score":16060,"totalScore":30120,"finalState":false,"active":false,"unvisitedChildren":16,"miniMaxValue":6010.0}
{"stateId":59,"originShotId":5019,"birdIndex":0,"times":1,"score":6010,"totalScore":36130,"finalState":true,"active":false,"unvisitedChildren":0,"miniMaxValue":6010.0}
{"stateId":60,"originShotId":150,"birdIndex":0,"times":1,"score":57630,"totalScore":57630,"finalState":true,"active":false,"unvisitedChildren":0,"miniMaxValue":57630.0}
{"stateId":61,"originShotId":132,"birdIndex":0,"times":1,"score":15250,"totalScore":15250,"finalState":false,"active":false,"unvisitedChildren":437,"miniMaxValue":0.0}
{"stateId":62,"originShotId":5061,"birdIndex":0,"times":1,"score":5820,"totalScore":21070,"finalState":false,"active":false,"unvisitedChildren":313,"miniMaxValue":0.0}
{"stateId":63,"originShotId":5248,"birdIndex":0,"times":1,"score":2190,"totalScore":23260,"finalState":false,"active":false,"unvisitedChildren":29,"miniMaxValue":0.0}
{"stateId":64,"originShotId":5461,"birdIndex":0,"times":1,"score":0,"totalScore":23260,"finalState":true,"active":false,"unvisitedChildren":0,"miniMaxValue":0.0}
{"stateId":65,"originShotId":177,"birdIndex":0,"times":1,"score":19140,"totalScore":19140,"finalState":false,"active":false,"unvisitedChildren":328,"miniMaxValue":17410.0}
{"stateId":66,"originShotId":5608,"birdIndex":0,"times":1,"score":10670,"totalScore":29810,"finalState":false,"active":false,"unvisitedChildren":134,"miniMaxValue":17410.0}
{"stateId":67,"originShotId":5761,"birdIndex":0,"times":1,"score":17410,"totalScore":47220,"finalState":true,"active":false,"unvisitedChildren":0,"miniMaxValue":17410.0}
{"stateId":68,"originShotId":62,"birdIndex":0,"times":1,"score":16470,"totalScore":16470,"finalState":false,"active":false,"unvisitedChildren":89,"miniMaxValue":40180.0}
{"stateId":69,"originShotId":5859,"birdIndex":0,"times":1,"score":40180,"totalScore":56650,"finalState":true,"active":false,"unvisitedChildren":0,"miniMaxValue":40180.0}
{"stateId":70,"originShotId":74,"birdIndex":0,"times":1,"score":15770,"totalScore":15770,"finalState":false,"active":false,"unvisitedChildren":119,"miniMaxValue":38720.0}
{"stateId":71,"originShotId":5994,"birdIndex":0,"times":1,"score":38720,"totalScore":54490,"finalState":true,"active":false,"unvisitedChildren":0,"miniMaxValue":38720.0}
{"stateId":76,"originShotId":111,"birdIndex":0,"times":1,"score":13020,"totalScore":13020,"finalState":false,"active":false,"unvisitedChildren":287,"miniMaxValue":0.0}
{"stateId":77,"originShotId":6550,"birdIndex":0,"times":1,"score":8010,"totalScore":21030,"finalState":false,"active":false,"unvisitedChildren":118,"miniMaxValue":0.0}
{"stateId":78,"originShotId":6664,"birdIndex":0,"times":1,"score":3550,"totalScore":24580,"finalState":false,"active":false,"unvisitedChildren":9,"miniMaxValue":0.0}
{"stateId":79,"originShotId":6709,"birdIndex":0,"times":1,"score":0,"totalScore":24580,"finalState":true,"active":false,"unvisitedChildren":0,"miniMaxValue":0.0}
{"stateId":80,"originShotId":165,"birdIndex":0,"times":1,"score":55060,"totalScore":55060,"finalState":true,"active":false,"unvisitedChildren":0,"miniMaxValue":55060.0}
{"stateId":81,"originShotId":14,"birdIndex":0,"times":1,"score":5900,"totalScore":5900,"finalState":false,"active":false,"unvisitedChildren":228,"miniMaxValue":19680.0}
{"stateId":82,"originShotId":6772,"birdIndex":0,"times":1,"score":18990,"totalScore":24890,"finalState":false,"active":false,"unvisitedChildren":79,"miniMaxValue":19680.0}
{"stateId":83,"originShotId":6921,"birdIndex":0,"times":1,"score":19680,"totalScore":44570,"finalState":true,"active":false,"unvisitedChildren":0,"miniMaxValue":19680.0}
{"stateId":84,"originShotId":98,"birdIndex":0,"times":1,"score":22690,"totalScore":22690,"finalState":false,"active":false,"unvisitedChildren":129,"miniMaxValue":25880.0}
{"stateId":85,"originShotId":6957,"birdIndex":0,"times":1,"score":25880,"totalScore":48570,"finalState":true,"active":false,"unvisitedChildren":0,"miniMaxValue":25880.0}
{"stateId":89,"originShotId":15,"birdIndex":0,"times":1,"score":12280,"totalScore":12280,"finalState":false,"active":false,"unvisitedChildren":169,"miniMaxValue":34870.0}
{"stateId":90,"originShotId":7499,"birdIndex":0,"times":1,"score":34870,"totalScore":47150,"finalState":true,"active":false,"unvisitedChildren":0,"miniMaxValue":34870.0}
{"stateId":91,"originShotId":82,"birdIndex":0,"times":1,"score":14500,"totalScore":14500,"finalState":false,"active":false,"unvisitedChildren":296,"miniMaxValue":6810.0}
{"stateId":92,"originShotId":7690,"birdIndex":0,"times":1,"score":1650,"totalScore":16150,"finalState":false,"active":false,"unvisitedChildren":197,"miniMaxValue":6810.0}
{"stateId":93,"originShotId":7773,"birdIndex":0,"times":1,"score":10540,"totalScore":26690,"finalState":false,"active":false,"unvisitedChildren":28,"miniMaxValue":6810.0}
{"stateId":94,"originShotId":7894,"birdIndex":0,"times":1,"score":6810,"totalScore":33500,"finalState":true,"active":false,"unvisitedChildren":0,"miniMaxValue":6810.0}
{"stateId":95,"originShotId":69,"birdIndex":0,"times":2,"score":32355,"totalScore":32355,"finalState":false,"active":false,"unvisitedChildren":322,"miniMaxValue":16940.0}
{"stateId":96,"originShotId":8006,"birdIndex":0,"times":1,"score":8370,"totalScore":29940,"finalState":false,"active":false,"unvisitedChildren":54,"miniMaxValue":16940.0}
{"stateId":97,"originShotId":8050,"birdIndex":0,"times":1,"score":16940,"totalScore":46880,"finalState":true,"active":false,"unvisitedChildren":0,"miniMaxValue":16940.0}
{"stateId":98,"originShotId":101,"birdIndex":0,"times":1,"score":7160,"totalScore":7160,"finalState":false,"active":false,"unvisitedChildren":488,"miniMaxValue":24990.0}
{"stateId":99,"originShotId":8191,"birdIndex":0,"times":1,"score":16320,"totalScore":23480,"finalState":false,"active":false,"unvisitedChildren":214,"miniMaxValue":24990.0}
{"stateId":100,"originShotId":8436,"birdIndex":0,"times":1,"score":24990,"totalScore":48470,"finalState":true,"active":false,"unvisitedChildren":0,"miniMaxValue":24990.0}
{"stateId":101,"originShotId":132,"birdIndex":0,"times":2,"score":14610,"totalScore":14610,"finalState":false,"active":false,"unvisitedChildren":370,"miniMaxValue":0.0}
{"stateId":102,"originShotId":8652,"birdIndex":0,"times":1,"score":17740,"totalScore":27470,"finalState":false,"active":false,"unvisitedChildren":75,"miniMaxValue":0.0}
{"stateId":103,"originShotId":8758,"birdIndex":0,"times":1,"score":4220,"totalScore":31690,"finalState":false,"active":false,"unvisitedChildren":11,"miniMaxValue":0.0}
{"stateId":104,"originShotId":8765,"birdIndex":0,"times":1,"score":0,"totalScore":31690,"finalState":true,"active":false,"unvisitedChildren":0,"miniMaxValue":0.0}
{"stateId":105,"originShotId":48,"birdIndex":0,"times":1,"score":15000,"totalScore":15000,"finalState":false,"active":false,"unvisitedChildren":201,"miniMaxValue":0.0}
{"stateId":106,"originShotId":8804,"birdIndex":0,"times":1,"score":12270,"totalScore":27270,"finalState":false,"active":false,"unvisitedChildren":22,"miniMaxValue":0.0}
{"stateId":107,"originShotId":8954,"birdIndex":0,"times":1,"score":2950,"totalScore":30220,"finalState":false,"active":false,"unvisitedChildren":3,"miniMaxValue":0.0}
{"stateId":108,"originShotId":8974,"birdIndex":0,"times":1,"score":0,"totalScore":30220,"finalState":true,"active":false,"unvisitedChildren":0,"miniMaxValue":0.0}
{"stateId":109,"originShotId":40,"birdIndex":0,"times":1,"score":7200,"totalScore":7200,"finalState":false,"active":false,"unvisitedChildren":194,"miniMaxValue":0.0}
{"stateId":110,"originShotId":8986,"birdIndex":0,"times":1,"score":510,"totalScore":7710,"finalState":false,"active":false,"unvisitedChildren":96,"miniMaxValue":0.0}
{"stateId":111,"originShotId":9116,"birdIndex":0,"times":1,"score":16470,"totalScore":24180,"finalState":false,"active":false,"unvisitedChildren":22,"miniMaxValue":0.0}
{"stateId":112,"originShotId":9153,"birdIndex":0,"times":1,"score":0,"totalScore":25330,"finalState":true,"active":false,"unvisitedChildren":0,"miniMaxValue":0.0}
{"stateId":113,"originShotId":73,"birdIndex":0,"times":1,"score":8160,"totalScore":8160,"finalState":false,"active":false,"unvisitedChildren":62,"miniMaxValue":45690.0}
{"stateId":114,"originShotId":9227,"birdIndex":0,"times":1,"score":45690,"totalScore":53850,"finalState":true,"active":false,"unvisitedChildren":0,"miniMaxValue":45690.0}
{"stateId":119,"originShotId":75,"birdIndex":0,"times":1,"score":22540,"totalScore":22540,"finalState":false,"active":false,"unvisitedChildren":71,"miniMaxValue":33050.0}
{"stateId":120,"originShotId":9432,"birdIndex":0,"times":1,"score":33050,"totalScore":55590,"finalState":true,"active":false,"unvisitedChildren":0,"miniMaxValue":33050.0}
{"stateId":121,"originShotId":127,"birdIndex":0,"times":1,"score":26930,"totalScore":26930,"finalState":false,"active":false,"unvisitedChildren":190,"miniMaxValue":7340.0}
{"stateId":122,"originShotId":9444,"birdIndex":0,"times":1,"score":1650,"totalScore":28580,"finalState":false,"active":false,"unvisitedChildren":140,"miniMaxValue":7340.0}
{"stateId":123,"originShotId":9493,"birdIndex":0,"times":1,"score":1570,"totalScore":30150,"finalState":false,"active":false,"unvisitedChildren":39,"miniMaxValue":7340.0}
{"stateId":124,"originShotId":9604,"birdIndex":0,"times":1,"score":7340,"totalScore":37490,"finalState":true,"active":false,"unvisitedChildren":0,"miniMaxValue":7340.0}
{"stateId":125,"originShotId":2635,"birdIndex":0,"times":1,"score":41060,"totalScore":53770,"finalState":true,"active":false,"unvisitedChildren":0,"miniMaxValue":41060.0}
{"stateId":126,"originShotId":36,"birdIndex":0,"times":1,"score":10910,"totalScore":10910,"finalState":false,"active":false,"unvisitedChildren":181,"miniMaxValue":0.0}
{"stateId":127,"originShotId":9642,"birdIndex":0,"times":1,"score":15100,"totalScore":26010,"finalState":false,"active":false,"unvisitedChildren":116,"miniMaxValue":0.0}
{"stateId":128,"originShotId":9754,"birdIndex":0,"times":1,"score":3250,"totalScore":29260,"finalState":false,"active":false,"unvisitedChildren":24,"miniMaxValue":0.0}
{"stateId":129,"originShotId":9801,"birdIndex":0,"times":1,"score":0,"totalScore":29260,"finalState":true,"active":false,"unvisitedChildren":0,"miniMaxValue":0.0}
{"stateId":130,"originShotId":111,"birdIndex":0,"times":1,"score":13620,"totalScore":13620,"finalState":false,"active":false,"unvisitedChildren":74,"miniMaxValue":0.0}
{"stateId":131,"originShotId":9816,"birdIndex":0,"times":1,"score":9870,"totalScore":23490,"finalState":false,"active":false,"unvisitedChildren":60,"miniMaxValue":0.0}
{"stateId":132,"originShotId":9845,"birdIndex":0,"times":1,"score":1080,"totalScore":24570,"finalState":false,"active":false,"unvisitedChildren":37,"miniMaxValue":0.0}
{"stateId":133,"originShotId":9860,"birdIndex":0,"times":1,"score":0,"totalScore":25050,"finalState":true,"active":false,"unvisitedChildren":0,"miniMaxValue":0.0}
{"stateId":134,"originShotId":116,"birdIndex":0,"times":1,"score":15820,"totalScore":15820,"finalState":false,"active":false,"unvisitedChildren":191,"miniMaxValue":0.0}
{"stateId":135,"originShotId":9966,"birdIndex":0,"times":1,"score":11300,"totalScore":27120,"finalState":false,"active":false,"unvisitedChildren":78,"miniMaxValue":0.0}
{"stateId":136,"originShotId":10079,"birdIndex":0,"times":1,"score":5180,"totalScore":32300,"finalState":false,"active":false,"unvisitedChildren":1,"miniMaxValue":0.0}
{"stateId":137,"originShotId":10086,"birdIndex":0,"times":1,"score":0,"totalScore":32300,"finalState":true,"active":false,"unvisitedChildren":0,"miniMaxValue":0.0}
{"stateId":138,"originShotId":8580,"birdIndex":0,"times":1,"score":8490,"totalScore":18250,"finalState":false,"active":false,"unvisitedChildren":177,"miniMaxValue":0.0}
{"stateId":139,"originShotId":10112,"birdIndex":0,"times":1,"score":9210,"totalScore":27460,"finalState":false,"active":false,"unvisitedChildren":25,"miniMaxValue":0.0}
{"stateId":140,"originShotId":10241,"birdIndex":0,"times":1,"score":0,"totalScore":27460,"finalState":true,"active":false,"unvisitedChildren":0,"miniMaxValue":0.0}
{"stateId":141,"originShotId":43,"birdIndex":0,"times":1,"score":14380,"totalScore":14380,"finalState":false,"active":false,"unvisitedChildren":324,"miniMaxValue":0.0}
{"stateId":142,"originShotId":10323,"birdIndex":0,"times":1,"score":5800,"totalScore":20180,"finalState":false,"active":false,"unvisitedChildren":217,"miniMaxValue":0.0}
{"stateId":143,"originShotId":10495,"birdIndex":0,"times":1,"score":10740,"totalScore":30920,"finalState":false,"active":false,"unvisitedChildren":29,"miniMaxValue":0.0}
{"stateId":144,"originShotId":10571,"birdIndex":0,"times":1,"score":0,"totalScore":30920,"finalState":true,"active":false,"unvisitedChildren":0,"miniMaxValue":0.0}
{"stateId":145,"originShotId":105,"birdIndex":0,"times":1,"score":60480,"totalScore":60480,"finalState":true,"active":false,"unvisitedChildren":0,"miniMaxValue":60480.0}
{"stateId":146,"originShotId":176,"birdIndex":0,"times":1,"score":8150,"totalScore":8150,"finalState":false,"active":false,"unvisitedChildren":212,"miniMaxValue":0.0}
{"stateId":147,"originShotId":10599,"birdIndex":0,"times":1,"score":13180,"totalScore":21330,"finalState":false,"active":false,"unvisitedChildren":117,"miniMaxValue":0.0}
{"stateId":148,"originShotId":10691,"birdIndex":0,"times":1,"score":760,"totalScore":22090,"finalState":false,"active":false,"unvisitedChildren":25,"miniMaxValue":0.0}
{"stateId":149,"originShotId":10789,"birdIndex":0,"times":1,"score":0,"totalScore":28930,"finalState":true,"active":false,"unvisitedChildren":0,"miniMaxValue":0.0}
{"stateId":150,"originShotId":57,"birdIndex":0,"times":1,"score":14200,"totalScore":14200,"finalState":false,"active":false,"unvisitedChildren":190,"miniMaxValue":6740.0}
{"stateId":151,"originShotId":10824,"birdIndex":0,"times":1,"score":8880,"totalScore":23080,"finalState":false,"active":false,"unvisitedChildren":128,"miniMaxValue":6740.0}
{"stateId":152,"originShotId":10892,"birdIndex":0,"times":1,"score":3890,"totalScore":26970,"finalState":false,"active":false,"unvisitedChildren":30,"miniMaxValue":6740.0}
{"stateId":153,"originShotId":10976,"birdIndex":0,"times":1,"score":6740,"totalScore":33710,"finalState":true,"active":false,"unvisitedChildren":0,"miniMaxValue":6740.0}
{"stateId":154,"originShotId":26,"birdIndex":0,"times":1,"score":5920,"totalScore":5920,"finalState":false,"active":false,"unvisitedChildren":179,"miniMaxValue":0.0}
{"stateId":155,"originShotId":11039,"birdIndex":0,"times":1,"score":9060,"totalScore":14980,"finalState":false,"active":false,"unvisitedChildren":111,"miniMaxValue":0.0}
{"stateId":156,"originShotId":11139,"birdIndex":0,"times":1,"score":8580,"totalScore":23560,"finalState":false,"active":false,"unvisitedChildren":34,"miniMaxValue":0.0}
{"stateId":157,"originShotId":11168,"birdIndex":0,"times":1,"score":0,"totalScore":23560,"finalState":true,"active":false,"unvisitedChildren":0,"miniMaxValue":0.0}
{"stateId":158,"originShotId":159,"birdIndex":0,"times":1,"score":14750,"totalScore":14750,"finalState":false,"active":false,"unvisitedChildren":306,"miniMaxValue":0.0}
{"stateId":159,"originShotId":11210,"birdIndex":0,"times":1,"score":10740,"totalScore":25490,"finalState":false,"active":false,"unvisitedChildren":205,"miniMaxValue":0.0}
{"stateId":160,"originShotId":11311,"birdIndex":0,"times":1,"score":1630,"totalScore":27120,"finalState":false,"active":false,"unvisitedChildren":26,"miniMaxValue":0.0}
{"stateId":161,"originShotId":11483,"birdIndex":0,"times":1,"score":0,"totalScore":27120,"finalState":true,"active":false,"unvisitedChildren":0,"miniMaxValue":0.0}
{"stateId":162,"originShotId":7946,"birdIndex":0,"times":1,"score":4100,"totalScore":25670,"finalState":false,"active":false,"unvisitedChildren":140,"miniMaxValue":0.0}
{"stateId":163,"originShotId":11526,"birdIndex":0,"times":1,"score":5570,"totalScore":31240,"finalState":false,"active":false,"unvisitedChildren":24,"miniMaxValue":0.0}
{"stateId":164,"originShotId":11625,"birdIndex":0,"times":1,"score":0,"totalScore":31240,"finalState":true,"active":false,"unvisitedChildren":0,"miniMaxValue":0.0}
{"stateId":165,"originShotId":5,"birdIndex":0,"times":1,"score":54620,"totalScore":54620,"finalState":true,"active":false,"unvisitedChildren":0,"miniMaxValue":54620.0}
{"stateId":166,"originShotId":104,"birdIndex":0,"times":1,"score":21380,"totalScore":21380,"finalState":false,"active":false,"unvisitedChildren":74,"miniMaxValue":32310.0}
{"stateId":167,"originShotId":11665,"birdIndex":0,"times":1,"score":32310,"totalScore":53690,"finalState":true,"active":false,"unvisitedChildren":0,"miniMaxValue":32310.0}
{"stateId":168,"originShotId":99,"birdIndex":0,"times":1,"score":18740,"totalScore":18740,"finalState":false,"active":false,"unvisitedChildren":77,"miniMaxValue":35970.0}
{"stateId":169,"originShotId":11734,"birdIndex":0,"times":1,"score":35970,"totalScore":54710,"finalState":true,"active":false,"unvisitedChildren":0,"miniMaxValue":35970.0}
{"stateId":170,"originShotId":107,"birdIndex":0,"times":1,"score":18630,"totalScore":18630,"finalState":false,"active":false,"unvisitedChildren":169,"miniMaxValue":25130.0}
{"stateId":171,"originShotId":11801,"birdIndex":0,"times":1,"score":3520,"totalScore":22150,"finalState":false,"active":false,"unvisitedChildren":71,"miniMaxValue":25130.0}
{"stateId":172,"originShotId":11921,"birdIndex":0,"times":1,"score":25130,"totalScore":47280,"finalState":true,"active":false,"unvisitedChildren":0,"miniMaxValue":25130.0}
{"stateId":175,"originShotId":51,"birdIndex":0,"times":1,"score":21410,"totalScore":21410,"finalState":false,"active":false,"unvisitedChildren":181,"miniMaxValue":0.0}
{"stateId":176,"originShotId":12147,"birdIndex":0,"times":1,"score":4570,"totalScore":25980,"finalState":false,"active":false,"unvisitedChildren":86,"miniMaxValue":0.0}
{"stateId":177,"originShotId":12212,"birdIndex":0,"times":1,"score":5400,"totalScore":31380,"finalState":false,"active":false,"unvisitedChildren":12,"miniMaxValue":0.0}
{"stateId":178,"originShotId":12285,"birdIndex":0,"times":1,"score":0,"totalScore":31380,"finalState":true,"active":false,"unvisitedChildren":0,"miniMaxValue":0.0}
{"stateId":183,"originShotId":23,"birdIndex":0,"times":1,"score":3930,"totalScore":3930,"finalState":false,"active":false,"unvisitedChildren":466,"miniMaxValue":26910.0}
{"stateId":184,"originShotId":12729,"birdIndex":0,"times":1,"score":10660,"totalScore":14590,"finalState":false,"active":false,"unvisitedChildren":215,"miniMaxValue":26910.0}
{"stateId":185,"originShotId":12827,"birdIndex":0,"times":1,"score":26910,"totalScore":41500,"finalState":true,"active":false,"unvisitedChildren":0,"miniMaxValue":26910.0}
{"stateId":190,"originShotId":63,"birdIndex":0,"times":1,"score":14560,"totalScore":14560,"finalState":false,"active":false,"unvisitedChildren":131,"miniMaxValue":0.0}
{"stateId":191,"originShotId":13191,"birdIndex":0,"times":1,"score":14170,"totalScore":28730,"finalState":false,"active":false,"unvisitedChildren":72,"miniMaxValue":0.0}
{"stateId":192,"originShotId":13238,"birdIndex":0,"times":1,"score":2010,"totalScore":30740,"finalState":false,"active":false,"unvisitedChildren":22,"miniMaxValue":0.0}
{"stateId":193,"originShotId":13291,"birdIndex":0,"times":1,"score":0,"totalScore":30740,"finalState":true,"active":false,"unvisitedChildren":0,"miniMaxValue":0.0}
{"stateId":194,"originShotId":53,"birdIndex":0,"times":1,"score":14630,"totalScore":14630,"finalState":false,"active":false,"unvisitedChildren":236,"miniMaxValue":0.0}
{"stateId":195,"originShotId":13328,"birdIndex":0,"times":1,"score":5800,"totalScore":20430,"finalState":false,"active":false,"unvisitedChildren":108,"miniMaxValue":0.0}
{"stateId":196,"originShotId":13483,"birdIndex":0,"times":1,"score":11250,"totalScore":31680,"finalState":false,"active":false,"unvisitedChildren":22,"miniMaxValue":0.0}
{"stateId":197,"originShotId":13539,"birdIndex":0,"times":1,"score":0,"totalScore":31680,"finalState":true,"active":false,"unvisitedChildren":0,"miniMaxValue":0.0}
{"stateId":198,"originShotId":29,"birdIndex":0,"times":1,"score":10200,"totalScore":10200,"finalState":false,"active":false,"unvisitedChildren":326,"miniMaxValue":0.0}
{"stateId":199,"originShotId":13570,"birdIndex":0,"times":1,"score":13800,"totalScore":24000,"finalState":false,"active":false,"unvisitedChildren":231,"miniMaxValue":0.0}
{"stateId":200,"originShotId":13654,"birdIndex":0,"times":1,"score":3770,"totalScore":27770,"finalState":false,"active":false,"unvisitedChildren":46,"miniMaxValue":0.0}
{"stateId":201,"originShotId":13836,"birdIndex":0,"times":1,"score":0,"totalScore":27770,"finalState":true,"active":false,"unvisitedChildren":0,"miniMaxValue":0.0}
{"stateId":202,"originShotId":66,"birdIndex":0,"times":1,"score":22830,"totalScore":22830,"finalState":false,"active":false,"unvisitedChildren":439,"miniMaxValue":0.0}
{"stateId":203,"originShotId":13932,"birdIndex":0,"times":1,"score":1320,"totalScore":24150,"finalState":false,"active":false,"unvisitedChildren":236,"miniMaxValue":0.0}
{"stateId":204,"originShotId":14088,"birdIndex":0,"times":1,"score":2960,"totalScore":27110,"finalState":false,"active":false,"unvisitedChildren":51,"miniMaxValue":0.0}
{"stateId":205,"originShotId":14270,"birdIndex":0,"times":1,"score":0,"totalScore":27110,"finalState":true,"active":false,"unvisitedChildren":0,"miniMaxValue":0.0}
{"stateId":206,"originShotId":58,"birdIndex":0,"times":1,"score":13570,"totalScore":13570,"finalState":false,"active":false,"unvisitedChildren":292,"miniMaxValue":0.0}
{"stateId":207,"originShotId":14362,"birdIndex":0,"times":1,"score":5840,"totalScore":19410,"finalState":false,"active":false,"unvisitedChildren":146,"miniMaxValue":0.0}
{"stateId":208,"originShotId":14545,"birdIndex":0,"times":1,"score":10600,"totalScore":30010,"finalState":false,"active":false,"unvisitedChildren":18,"miniMaxValue":0.0}
{"stateId":209,"originShotId":14599,"birdIndex":0,"times":1,"score":0,"totalScore":30010,"finalState":true,"active":false,"unvisitedChildren":0,"miniMaxValue":0.0}
{"stateId":210,"originShotId":168,"birdIndex":0,"times":1,"score":19960,"totalScore":19960,"finalState":false,"active":false,"unvisitedChildren":126,"miniMaxValue":0.0}
{"stateId":211,"originShotId":14699,"birdIndex":0,"times":1,"score":6980,"totalScore":26940,"finalState":false,"active":false,"unvisitedChildren":0,"miniMaxValue":0.0}
{"stateId":213,"originShotId":154,"birdIndex":0,"times":2,"score":90805,"totalScore":90805,"finalState":true,"active":false,"unvisitedChildren":0,"miniMaxValue":90805.0}
{"stateId":214,"originShotId":154,"birdIndex":0,"times":35,"score":60524,"totalScore":60524,"finalState":true,"active":false,"unvisitedChildren":0,"miniMaxValue":60528.0}
{"stateId":215,"originShotId":154,"birdIndex":0,"times":9,"score":58383,"totalScore":58383,"finalState":true,"active":false,"unvisitedChildren":0,"miniMaxValue":58383.0}
{"stateId":216,"originShotId":154,"birdIndex":0,"times":1,"score":59460,"totalScore":59460,"finalState":true,"active":false,"unvisitedChildren":0,"miniMaxValue":59460.0}
{"stateId":217,"originShotId":14822,"birdIndex":0,"times":1,"score":8970,"totalScore":8970,"finalState":false,"active":false,"unvisitedChildren":224,"miniMaxValue":0.0}
{"stateId":218,"originShotId":14894,"birdIndex":0,"times":1,"score":11580,"totalScore":20550,"finalState":false,"active":false,"unvisitedChildren":126,"miniMaxValue":0.0}
{"stateId":219,"originShotId":15014,"birdIndex":0,"times":1,"score":10670,"totalScore":31220,"finalState":false,"active":false,"unvisitedChildren":16,"miniMaxValue":0.0}
{"stateId":220,"originShotId":15066,"birdIndex":0,"times":1,"score":0,"totalScore":31220,"finalState":true,"active":false,"unvisitedChildren":0,"miniMaxValue":0.0}
{"stateId":221,"originShotId":14816,"birdIndex":0,"times":1,"score":18990,"totalScore":18990,"finalState":false,"active":false,"unvisitedChildren":47,"miniMaxValue":29700.0}
{"stateId":222,"originShotId":15193,"birdIndex":0,"times":1,"score":29700,"totalScore":48690,"finalState":true,"active":false,"unvisitedChildren":0,"miniMaxValue":29700.0}
