{"stateId":1,"originShotId":-1,"birdIndex":0,"times":0,"score":0,"totalScore":0,"finalState":false,"active":false,"unvisitedChildren":19225,"miniMaxValue":0.0}
{"stateId":2,"originShotId":180,"birdIndex":0,"times":1,"score":2790,"totalScore":2790,"finalState":false,"active":false,"unvisitedChildren":129,"miniMaxValue":41320.0}
{"stateId":3,"originShotId":182,"birdIndex":0,"times":1,"score":41320,"totalScore":44110,"finalState":true,"active":false,"unvisitedChildren":0,"miniMaxValue":41320.0}
{"stateId":4,"originShotId":54,"birdIndex":0,"times":1,"score":21630,"totalScore":21630,"finalState":false,"active":false,"unvisitedChildren":238,"miniMaxValue":22460.0}
{"stateId":5,"originShotId":346,"birdIndex":0,"times":1,"score":4270,"totalScore":25900,"finalState":false,"active":false,"unvisitedChildren":104,"miniMaxValue":22460.0}
{"stateId":6,"originShotId":499,"birdIndex":0,"times":1,"score":22460,"totalScore":48360,"finalState":true,"active":false,"unvisitedChildren":0,"miniMaxValue":22460.0}
{"stateId":7,"originShotId":154,"birdIndex":0,"times":2,"score":90855,"totalScore":90855,"finalState":true,"active":false,"unvisitedChildren":0,"miniMaxValue":90855.0}
{"stateId":8,"originShotId":162,"birdIndex":0,"times":1,"score":16260,"totalScore":16260,"finalState":false,"active":false,"unvisitedChildren":293,"miniMaxValue":0.0}
{"stateId":9,"originShotId":576,"birdIndex":0,"times":1,"score":3990,"totalScore":20250,"finalState":false,"active":false,"unvisitedChildren":144,"miniMaxValue":0.0}
{"stateId":10,"originShotId":754,"birdIndex":0,"times":1,"score":3550,"totalScore":23800,"finalState":false,"active":false,"unvisitedChildren":20,"miniMaxValue":0.0}
{"stateId":11,"originShotId":839,"birdIndex":0,"times":1,"score":0,"totalScore":23800,"finalState":true,"active":false,"unvisitedChildren":0,"miniMaxValue":0.0}
{"stateId":12,"originShotId":5,"birdIndex":0,"times":1,"score":53160,"totalScore":53160,"finalState":true,"active":false,"unvisitedChildren":0,"miniMaxValue":53160.0}
{"stateId":15,"originShotId":27,"birdIndex":0,"times":1,"score":16990,"totalScore":16990,"finalState":false,"active":false,"unvisitedChildren":114,"miniMaxValue":36720.0}
{"stateId":16,"originShotId":1055,"birdIndex":0,"times":1,"score":36720,"totalScore":53710,"finalState":true,"active":false,"unvisitedChildren":0,"miniMaxValue":36720.0}
{"stateId":20,"originShotId":101,"birdIndex":0,"times":1,"score":6220,"totalScore":6220,"finalState":false,"active":false,"unvisitedChildren":34,"miniMaxValue":0.0}
{"stateId":21,"originShotId":1572,"birdIndex":0,"times":1,"score":7190,"totalScore":13410,"finalState":false,"active":false,"unvisitedChildren":15,"miniMaxValue":0.0}
{"stateId":22,"originShotId":1599,"birdIndex":0,"times":1,"score":13600,"totalScore":27010,"finalState":false,"active":false,"unvisitedChildren":1,"miniMaxValue":0.0}
{"stateId":23,"originShotId":1608,"birdIndex":0,"times":1,"score":0,"totalScore":27010,"finalState":true,"active":false,"unvisitedChildren":0,"miniMaxValue":0.0}
{"stateId":24,"originShotId":118,"birdIndex":0,"times":2,"score":23030,"totalScore":23030,"finalState":false,"active":false,"unvisitedChildren":64,"miniMaxValue":29290.0}
{"stateId":25,"originShotId":1633,"birdIndex":0,"times":2,"score":29290,"totalScore":52320,"finalState":true,"active":false,"unvisitedChildren":0,"miniMaxValue":29290.0}
{"stateId":26,"originShotId":131,"birdIndex":1,"times":2,"score":12060,"totalScore":12060,"finalState":false,"active":false,"unvisitedChildren":773,"miniMaxValue":0.0}
{"stateId":27,"originShotId":1727,"birdIndex":0,"times":1,"score":4060,"totalScore":16120,"finalState":false,"active":false,"unvisitedChildren":196,"miniMaxValue":0.0}
{"stateId":28,"originShotId":2229,"birdIndex":0,"times":1,"score":5940,"totalScore":22060,"finalState":false,"active":false,"unvisitedChildren":2,"miniMaxValue":0.0}
{"stateId":29,"originShotId":2256,"birdIndex":0,"times":1,"score":0,"totalScore":22060,"finalState":true,"active":false,"unvisitedChildren":0,"miniMaxValue":0.0}
{"stateId":32,"originShotId":46,"birdIndex":0,"times":1,"score":21110,"totalScore":21110,"finalState":false,"active":false,"unvisitedChildren":24,"miniMaxValue":34140.0}
{"stateId":33,"originShotId":2481,"birdIndex":0,"times":1,"score":34140,"totalScore":55250,"finalState":true,"active":false,"unvisitedChildren":0,"miniMaxValue":34140.0}
{"stateId":34,"originShotId":7,"birdIndex":0,"times":2,"score":19055,"totalScore":19055,"finalState":false,"active":false,"unvisitedChildren":407,"miniMaxValue":41060.0}
{"stateId":35,"originShotId":2508,"birdIndex":0,"times":1,"score":10450,"totalScore":23150,"finalState":false,"active":false,"unvisitedChildren":199,"miniMaxValue":21640.0}
{"stateId":36,"originShotId":2754,"birdIndex":0,"times":1,"score":21640,"totalScore":44790,"finalState":true,"active":false,"unvisitedChildren":0,"miniMaxValue":21640.0}
{"stateId":37,"originShotId":50,"birdIndex":0,"times":1,"score":7080,"totalScore":7080,"finalState":false,"active":false,"unvisitedChildren":293,"miniMaxValue":20020.0}
{"stateId":38,"originShotId":3044,"birdIndex":0,"times":1,"score":17850,"totalScore":24930,"finalState":false,"active":false,"unvisitedChildren":144,"miniMaxValue":20020.0}
{"stateId":39,"originShotId":3061,"birdIndex":0,"times":1,"score":20020,"totalScore":44950,"finalState":true,"active":false,"unvisitedChildren":0,"miniMaxValue":20020.0}
{"stateId":40,"originShotId":153,"birdIndex":1,"times":2,"score":25040,"totalScore":25040,"finalState":false,"active":false,"unvisitedChildren":232,"miniMaxValue":31140.0}
{"stateId":41,"originShotId":3301,"birdIndex":0,"times":1,"score":8220,"totalScore":33260,"finalState":false,"active":false,"unvisitedChildren":79,"miniMaxValue":15200.0}
{"stateId":42,"originShotId":3386,"birdIndex":0,"times":1,"score":15200,"totalScore":48460,"finalState":true,"active":false,"unvisitedChildren":0,"miniMaxValue":15200.0}
{"stateId":43,"originShotId":120,"birdIndex":0,"times":1,"score":21720,"totalScore":21720,"finalState":false,"active":false,"unvisitedChildren":418,"miniMaxValue":18610.0}
{"stateId":44,"originShotId":3460,"birdIndex":0,"times":1,"score":5920,"totalScore":27640,"finalState":false,"active":false,"unvisitedChildren":149,"miniMaxValue":18610.0}
{"stateId":45,"originShotId":3807,"birdIndex":0,"times":1,"score":18610,"totalScore":46250,"finalState":true,"active":false,"unvisitedChildren":0,"miniMaxValue":18610.0}
{"stateId":46,"originShotId":97,"birdIndex":0,"times":1,"score":8570,"totalScore":8570,"finalState":false,"active":false,"unvisitedChildren":99,"miniMaxValue":43480.0}
{"stateId":47,"originShotId":3861,"birdIndex":0,"times":1,"score":43480,"totalScore":52050,"finalState":true,"active":false,"unvisitedChildren":0,"miniMaxValue":43480.0}
{"stateId":52,"originShotId":59,"birdIndex":0,"times":1,"score":15260,"totalScore":15260,"finalState":false,"active":false,"unvisitedChildren":144,"miniMaxValue":40220.0}
{"stateId":53,"originShotId":4273,"birdIndex":0,"times":1,"score":40220,"totalScore":55480,"finalState":true,"active":false,"unvisitedChildren":0,"miniMaxValue":40220.0}
{"stateId":54,"originShotId":142,"birdIndex":0,"times":1,"score":21570,"totalScore":21570,"finalState":false,"active":false,"unvisitedChildren":254,"miniMaxValue":33810.0}
{"stateId":55,"originShotId":4461,"birdIndex":0,"times":1,"score":33810,"totalScore":55380,"finalState":true,"active":false,"unvisitedChildren":0,"miniMaxValue":33810.0}
{"stateId":56,"originShotId":26,"birdIndex":0,"times":1,"score":4880,"totalScore":4880,"finalState":false,"active":false,"unvisitedChildren":409,"miniMaxValue":6010.0}
{"stateId":57,"originShotId":4735,"birdIndex":0,"times":1,"score":9180,"totalScore":14060,"finalState":false,"active":false,"unvisitedChildren":205,"miniMaxValue":6010.0}
{"stateId":58,"originShotId":5003,"birdIndex":0,"times":1,"score":16060,"totalScore":30120,"finalState":false,"active":false,"unvisitedChildren":16,"miniMaxValue":6010.0}
{"stateId":59,"originShotId":5019,"birdIndex":0,"times":1,"score":6010,"totalScore":36130,"finalState":true,"active":false,"unvisitedChildren":0,"miniMaxValue":6010.0}
{"stateId":60,"originShotId":150,"birdIndex":0,"times":1,"score":57630,"totalScore":57630,"finalState":true,"active":false,"unvisitedChildren":0,"miniMaxValue":57630.0}
{"stateId":61,"originShotId":132,"birdIndex":0,"times":1,"score":15250,"totalScore":15250,"finalState":false,"active":false,"unvisitedChildren":437,"miniMaxValue":0.0}
{"stateId":62,"originShotId":5061,"birdIndex":0,"times":1,"score":5820,"totalScore":21070,"finalState":false,"active":false,"unvisitedChildren":313,"miniMaxValue":0.0}
{"stateId":63,"originShotId":5248,"birdIndex":0,"times":1,"score":2190,"totalScore":23260,"finalState":false,"active":false,"unvisitedChildren":29,"miniMaxValue":0.0}
{"stateId":64,"originShotId":5461,"birdIndex":0,"times":1,"score":0,"totalScore":23260,"finalState":true,"active":false,"unvisitedChildren":0,"miniMaxValue":0.0}
{"stateId":65,"originShotId":177,"birdIndex":1,"times":2,"score":19110,"totalScore":19110,"finalState":false,"active":false,"unvisitedChildren":327,"miniMaxValue":28380.0}
{"stateId":66,"originShotId":5608,"birdIndex":0,"times":1,"score":10670,"totalScore":29810,"finalState":false,"active":false,"unvisitedChildren":134,"miniMaxValue":17410.0}
{"stateId":67,"originShotId":5761,"birdIndex":0,"times":1,"score":17410,"totalScore":47220,"finalState":true,"active":false,"unvisitedChildren":0,"miniMaxValue":17410.0}
{"stateId":68,"originShotId":62,"birdIndex":0,"times":1,"score":16470,"totalScore":16470,"finalState":false,"active":false,"unvisitedChildren":89,"miniMaxValue":40180.0}
{"stateId":69,"originShotId":5859,"birdIndex":0,"times":1,"score":40180,"totalScore":56650,"finalState":true,"active":false,"unvisitedChildren":0,"miniMaxValue":40180.0}
{"stateId":70,"originShotId":74,"birdIndex":0,"times":1,"score":15770,"totalScore":15770,"finalState":false,"active":false,"unvisitedChildren":119,"miniMaxValue":38720.0}
{"stateId":71,"originShotId":5994,"birdIndex":0,"times":1,"score":38720,"totalScore":54490,"finalState":true,"active":false,"unvisitedChildren":0,"miniMaxValue":38720.0}
{"stateId":76,"originShotId":111,"birdIndex":1,"times":2,"score":13020,"totalScore":13020,"finalState":false,"active":false,"unvisitedChildren":366,"miniMaxValue":27670.0}
{"stateId":77,"originShotId":6550,"birdIndex":0,"times":1,"score":8010,"totalScore":21030,"finalState":false,"active":false,"unvisitedChildren":118,"miniMaxValue":0.0}
{"stateId":78,"originShotId":6664,"birdIndex":0,"times":1,"score":3550,"totalScore":24580,"finalState":false,"active":false,"unvisitedChildren":9,"miniMaxValue":0.0}
{"stateId":79,"originShotId":6709,"birdIndex":0,"times":1,"score":0,"totalScore":24580,"finalState":true,"active":false,"unvisitedChildren":0,"miniMaxValue":0.0}
{"stateId":80,"originShotId":165,"birdIndex":0,"times":1,"score":55060,"totalScore":55060,"finalState":true,"active":false,"unvisitedChildren":0,"miniMaxValue":55060.0}
{"stateId":81,"originShotId":14,"birdIndex":0,"times":1,"score":5900,"totalScore":5900,"finalState":false,"active":false,"unvisitedChildren":228,"miniMaxValue":19680.0}
{"stateId":82,"originShotId":6772,"birdIndex":0,"times":1,"score":18990,"totalScore":24890,"finalState":false,"active":false,"unvisitedChildren":79,"miniMaxValue":19680.0}
{"stateId":83,"originShotId":6921,"birdIndex":0,"times":1,"score":19680,"totalScore":44570,"finalState":true,"active":false,"unvisitedChildren":0,"miniMaxValue":19680.0}
{"stateId":84,"originShotId":98,"birdIndex":0,"times":1,"score":22690,"totalScore":22690,"finalState":false,"active":false,"unvisitedChildren":129,"miniMaxValue":25880.0}
{"stateId":85,"originShotId":6957,"birdIndex":0,"times":1,"score":25880,"totalScore":48570,"finalState":true,"active":false,"unvisitedChildren":0,"miniMaxValue":25880.0}
{"stateId":89,"originShotId":15,"birdIndex":0,"times":1,"score":12280,"totalScore":12280,"finalState":false,"active":false,"unvisitedChildren":169,"miniMaxValue":34870.0}
{"stateId":90,"originShotId":7499,"birdIndex":0,"times":1,"score":34870,"totalScore":47150,"finalState":true,"active":false,"unvisitedChildren":0,"miniMaxValue":34870.0}
{"stateId":91,"originShotId":82,"birdIndex":0,"times":1,"score":14500,"totalScore":14500,"finalState":false,"active":false,"unvisitedChildren":296,"miniMaxValue":6810.0}
{"stateId":92,"originShotId":7690,"birdIndex":0,"times":1,"score":1650,"totalScore":16150,"finalState":false,"active":false,"unvisitedChildren":197,"miniMaxValue":6810.0}
{"stateId":93,"originShotId":7773,"birdIndex":0,"times":1,"score":10540,"totalScore":26690,"finalState":false,"active":false,"unvisitedChildren":28,"miniMaxValue":6810.0}
{"stateId":94,"originShotId":7894,"birdIndex":0,"times":1,"score":6810,"totalScore":33500,"finalState":true,"active":false,"unvisitedChildren":0,"miniMaxValue":6810.0}
{"stateId":95,"originShotId":69,"birdIndex":0,"times":2,"score":32355,"totalScore":32355,"finalState":false,"active":false,"unvisitedChildren":322,"miniMaxValue":16940.0}
{"stateId":96,"originShotId":8006,"birdIndex":0,"times":1,"score":8370,"totalScore":29940,"finalState":false,"active":false,"unvisitedChildren":54,"miniMaxValue":16940.0}
{"stateId":97,"originShotId":8050,"birdIndex":0,"times":1,"score":16940,"totalScore":46880,"finalState":true,"active":false,"unvisitedChildren":0,"miniMaxValue":16940.0}
{"stateId":98,"originShotId":101,"birdIndex":0,"times":1,"score":7160,"totalScore":7160,"finalState":false,"active":false,"unvisitedChildren":488,"miniMaxValue":24990.0}
{"stateId":99,"originShotId":8191,"birdIndex":0,"times":1,"score":16320,"totalScore":23480,"finalState":false,"active":false,"unvisitedChildren":214,"miniMaxValue":24990.0}
{"stateId":100,"originShotId":8436,"birdIndex":0,"times":1,"score":24990,"totalScore":48470,"finalState":true,"active":false,"unvisitedChildren":0,"miniMaxValue":24990.0}
{"stateId":101,"originShotId":132,"birdIndex":0,"times":2,"score":14610,"totalScore":14610,"finalState":false,"active":false,"unvisitedChildren":370,"miniMaxValue":0.0}
{"stateId":102,"originShotId":8652,"birdIndex":0,"times":1,"score":17740,"totalScore":27470,"finalState":false,"active":false,"unvisitedChildren":75,"miniMaxValue":0.0}
{"stateId":103,"originShotId":8758,"birdIndex":0,"times":1,"score":4220,"totalScore":31690,"finalState":false,"active":false,"unvisitedChildren":11,"miniMaxValue":0.0}
{"stateId":104,"originShotId":8765,"birdIndex":0,"times":1,"score":0,"totalScore":31690,"finalState":true,"active":false,"unvisitedChildren":0,"miniMaxValue":0.0}
{"stateId":105,"originShotId":48,"birdIndex":0,"times":1,"score":15000,"totalScore":15000,"finalState":false,"active":false,"unvisitedChildren":201,"miniMaxValue":0.0}
{"stateId":106,"originShotId":8804,"birdIndex":0,"times":1,"score":12270,"totalScore":27270,"finalState":false,"active":false,"unvisitedChildren":22,"miniMaxValue":0.0}
{"stateId":107,"originShotId":8954,"birdIndex":0,"times":1,"score":2950,"totalScore":30220,"finalState":false,"active":false,"unvisitedChildren":3,"miniMaxValue":0.0}
{"stateId":108,"originShotId":8974,"birdIndex":0,"times":1,"score":0,"totalScore":30220,"finalState":true,"active":false,"unvisitedChildren":0,"miniMaxValue":0.0}
{"stateId":109,"originShotId":40,"birdIndex":0,"times":1,"score":7200,"totalScore":7200,"finalState":false,"active":false,"unvisitedChildren":194,"miniMaxValue":0.0}
{"stateId":110,"originShotId":8986,"birdIndex":0,"times":1,"score":510,"totalScore":7710,"finalState":false,"active":false,"unvisitedChildren":96,"miniMaxValue":0.0}
{"stateId":111,"originShotId":9116,"birdIndex":0,"times":1,"score":16470,"totalScore":24180,"finalState":false,"active":false,"unvisitedChildren":22,"miniMaxValue":0.0}
{"stateId":112,"originShotId":9153,"birdIndex":0,"times":1,"score":0,"totalScore":25330,"finalState":true,"active":false,"unvisitedChildren":0,"miniMaxValue":0.0}
{"stateId":113,"originShotId":73,"birdIndex":0,"times":1,"score":8160,"totalScore":8160,"finalState":false,"active":false,"unvisitedChildren":62,"miniMaxValue":45690.0}
{"stateId":114,"originShotId":9227,"birdIndex":0,"times":1,"score":45690,"totalScore":53850,"finalState":true,"active":false,"unvisitedChildren":0,"miniMaxValue":45690.0}
{"stateId":119,"originShotId":75,"birdIndex":0,"times":1,"score":22540,"totalScore":22540,"finalState":false,"active":false,"unvisitedChildren":71,"miniMaxValue":33050.0}
{"stateId":120,"originShotId":9432,"birdIndex":0,"times":1,"score":33050,"totalScore":55590,"finalState":true,"active":false,"unvisitedChildren":0,"miniMaxValue":33050.0}
{"stateId":121,"originShotId":127,"birdIndex":1,"times":3,"score":26892,"totalScore":26892,"finalState":false,"active":false,"unvisitedChildren":266,"miniMaxValue":31040.0}
{"stateId":122,"originShotId":9444,"birdIndex":0,"times":1,"score":1650,"totalScore":28580,"finalState":false,"active":false,"unvisitedChildren":140,"miniMaxValue":7340.0}
{"stateId":123,"originShotId":9493,"birdIndex":0,"times":1,"score":1570,"totalScore":30150,"finalState":false,"active":false,"unvisitedChildren":39,"miniMaxValue":7340.0}
{"stateId":124,"originShotId":9604,"birdIndex":0,"times":1,"score":7340,"totalScore":37490,"finalState":true,"active":false,"unvisitedChildren":0,"miniMaxValue":7340.0}
{"stateId":125,"originShotId":2635,"birdIndex":0,"times":1,"score":41060,"totalScore":53770,"finalState":true,"active":false,"unvisitedChildren":0,"miniMaxValue":41060.0}
{"stateId":126,"originShotId":36,"birdIndex":0,"times":1,"score":10910,"totalScore":10910,"finalState":false,"active":false,"unvisitedChildren":181,"miniMaxValue":0.0}
{"stateId":127,"originShotId":9642,"birdIndex":0,"times":1,"score":15100,"totalScore":26010,"finalState":false,"active":false,"unvisitedChildren":116,"miniMaxValue":0.0}
{"stateId":128,"originShotId":9754,"birdIndex":0,"times":1,"score":3250,"totalScore":29260,"finalState":false,"active":false,"unvisitedChildren":24,"miniMaxValue":0.0}
{"stateId":129,"originShotId":9801,"birdIndex":0,"times":1,"score":0,"totalScore":29260,"finalState":true,"active":false,"unvisitedChildren":0,"miniMaxValue":0.0}
{"stateId":130,"originShotId":111,"birdIndex":0,"times":1,"score":13620,"totalScore":13620,"finalState":false,"active":false,"unvisitedChildren":74,"miniMaxValue":0.0}
{"stateId":131,"originShotId":9816,"birdIndex":0,"times":1,"score":9870,"totalScore":23490,"finalState":false,"active":false,"unvisitedChildren":60,"miniMaxValue":0.0}
{"stateId":132,"originShotId":9845,"birdIndex":0,"times":1,"score":1080,"totalScore":24570,"finalState":false,"active":false,"unvisitedChildren":37,"miniMaxValue":0.0}
{"stateId":133,"originShotId":9860,"birdIndex":0,"times":1,"score":0,"totalScore":25050,"finalState":true,"active":false,"unvisitedChildren":0,"miniMaxValue":0.0}
{"stateId":134,"originShotId":116,"birdIndex":0,"times":1,"score":15820,"totalScore":15820,"finalState":false,"active":false,"unvisitedChildren":191,"miniMaxValue":0.0}
{"stateId":135,"originShotId":9966,"birdIndex":0,"times":1,"score":11300,"totalScore":27120,"finalState":false,"active":false,"unvisitedChildren":78,"miniMaxValue":0.0}
{"stateId":136,"originShotId":10079,"birdIndex":0,"times":1,"score":5180,"totalScore":32300,"finalState":false,"active":false,"unvisitedChildren":1,"miniMaxValue":0.0}
{"stateId":137,"originShotId":10086,"birdIndex":0,"times":1,"score":0,"totalScore":32300,"finalState":true,"active":false,"unvisitedChildren":0,"miniMaxValue":0.0}
{"stateId":138,"originShotId":8580,"birdIndex":0,"times":1,"score":8490,"totalScore":18250,"finalState":false,"active":false,"unvisitedChildren":177,"miniMaxValue":0.0}
{"stateId":139,"originShotId":10112,"birdIndex":0,"times":1,"score":9210,"totalScore":27460,"finalState":false,"active":false,"unvisitedChildren":25,"miniMaxValue":0.0}
{"stateId":140,"originShotId":10241,"birdIndex":0,"times":1,"score":0,"totalScore":27460,"finalState":true,"active":false,"unvisitedChildren":0,"miniMaxValue":0.0}
{"stateId":141,"originShotId":43,"birdIndex":0,"times":1,"score":14380,"totalScore":14380,"finalState":false,"active":false,"unvisitedChildren":324,"miniMaxValue":0.0}
{"stateId":142,"originShotId":10323,"birdIndex":0,"times":1,"score":5800,"totalScore":20180,"finalState":false,"active":false,"unvisitedChildren":217,"miniMaxValue":0.0}
{"stateId":143,"originShotId":10495,"birdIndex":0,"times":1,"score":10740,"totalScore":30920,"finalState":false,"active":false,"unvisitedChildren":29,"miniMaxValue":0.0}
{"stateId":144,"originShotId":10571,"birdIndex":0,"times":1,"score":0,"totalScore":30920,"finalState":true,"active":false,"unvisitedChildren":0,"miniMaxValue":0.0}
{"stateId":145,"originShotId":105,"birdIndex":0,"times":1,"score":60480,"totalScore":60480,"finalState":true,"active":false,"unvisitedChildren":0,"miniMaxValue":60480.0}
{"stateId":146,"originShotId":176,"birdIndex":0,"times":1,"score":8150,"totalScore":8150,"finalState":false,"active":false,"unvisitedChildren":212,"miniMaxValue":0.0}
{"stateId":147,"originShotId":10599,"birdIndex":0,"times":1,"score":13180,"totalScore":21330,"finalState":false,"active":false,"unvisitedChildren":117,"miniMaxValue":0.0}
{"stateId":148,"originShotId":10691,"birdIndex":0,"times":1,"score":760,"totalScore":22090,"finalState":false,"active":false,"unvisitedChildren":25,"miniMaxValue":0.0}
{"stateId":149,"originShotId":10789,"birdIndex":0,"times":1,"score":0,"totalScore":28930,"finalState":true,"active":false,"unvisitedChildren":0,"miniMaxValue":0.0}
{"stateId":150,"originShotId":57,"birdIndex":0,"times":1,"score":14200,"totalScore":14200,"finalState":false,"active":false,"unvisitedChildren":190,"miniMaxValue":6740.0}
{"stateId":151,"originShotId":10824,"birdIndex":0,"times":1,"score":8880,"totalScore":23080,"finalState":false,"active":false,"unvisitedChildren":128,"miniMaxValue":6740.0}
{"stateId":152,"originShotId":10892,"birdIndex":0,"times":1,"score":3890,"totalScore":26970,"finalState":false,"active":false,"unvisitedChildren":30,"miniMaxValue":6740.0}
{"stateId":153,"originShotId":10976,"birdIndex":0,"times":1,"score":6740,"totalScore":33710,"finalState":true,"active":false,"unvisitedChildren":0,"miniMaxValue":6740.0}
{"stateId":154,"originShotId":26,"birdIndex":0,"times":1,"score":5920,"totalScore":5920,"finalState":false,"active":false,"unvisitedChildren":179,"miniMaxValue":0.0}
{"stateId":155,"originShotId":11039,"birdIndex":0,"times":1,"score":9060,"totalScore":14980,"finalState":false,"active":false,"unvisitedChildren":111,"miniMaxValue":0.0}
{"stateId":156,"originShotId":11139,"birdIndex":0,"times":1,"score":8580,"totalScore":23560,"finalState":false,"active":false,"unvisitedChildren":34,"miniMaxValue":0.0}
{"stateId":157,"originShotId":11168,"birdIndex":0,"times":1,"score":0,"totalScore":23560,"finalState":true,"active":false,"unvisitedChildren":0,"miniMaxValue":0.0}
{"stateId":158,"originShotId":159,"birdIndex":1,"times":2,"score":14750,"totalScore":14750,"finalState":false,"active":false,"unvisitedChildren":305,"miniMaxValue":37790.0}
{"stateId":159,"originShotId":11210,"birdIndex":0,"times":1,"score":10740,"totalScore":25490,"finalState":false,"active":false,"unvisitedChildren":205,"miniMaxValue":0.0}
{"stateId":160,"originShotId":11311,"birdIndex":0,"times":1,"score":1630,"totalScore":27120,"finalState":false,"active":false,"unvisitedChildren":26,"miniMaxValue":0.0}
{"stateId":161,"originShotId":11483,"birdIndex":0,"times":1,"score":0,"totalScore":27120,"finalState":true,"active":false,"unvisitedChildren":0,"miniMaxValue":0.0}
{"stateId":162,"originShotId":7946,"birdIndex":0,"times":1,"score":4100,"totalScore":25670,"finalState":false,"active":false,"unvisitedChildren":140,"miniMaxValue":0.0}
{"stateId":163,"originShotId":11526,"birdIndex":0,"times":1,"score":5570,"totalScore":31240,"finalState":false,"active":false,"unvisitedChildren":24,"miniMaxValue":0.0}
{"stateId":164,"originShotId":11625,"birdIndex":0,"times":1,"score":0,"totalScore":31240,"finalState":true,"active":false,"unvisitedChildren":0,"miniMaxValue":0.0}
{"stateId":165,"originShotId":5,"birdIndex":0,"times":1,"score":54620,"totalScore":54620,"finalState":true,"active":false,"unvisitedChildren":0,"miniMaxValue":54620.0}
{"stateId":166,"originShotId":104,"birdIndex":0,"times":1,"score":21380,"totalScore":21380,"finalState":false,"active":false,"unvisitedChildren":74,"miniMaxValue":32310.0}
{"stateId":167,"originShotId":11665,"birdIndex":0,"times":1,"score":32310,"totalScore":53690,"finalState":true,"active":false,"unvisitedChildren":0,"miniMaxValue":32310.0}
{"stateId":168,"originShotId":99,"birdIndex":0,"times":1,"score":18740,"totalScore":18740,"finalState":false,"active":false,"unvisitedChildren":77,"miniMaxValue":35970.0}
{"stateId":169,"originShotId":11734,"birdIndex":0,"times":1,"score":35970,"totalScore":54710,"finalState":true,"active":false,"unvisitedChildren":0,"miniMaxValue":35970.0}
{"stateId":170,"originShotId":107,"birdIndex":0,"times":1,"score":18630,"totalScore":18630,"finalState":false,"active":false,"unvisitedChildren":169,"miniMaxValue":25130.0}
{"stateId":171,"originShotId":11801,"birdIndex":0,"times":1,"score":3520,"totalScore":22150,"finalState":false,"active":false,"unvisitedChildren":71,"miniMaxValue":25130.0}
{"stateId":172,"originShotId":11921,"birdIndex":0,"times":1,"score":25130,"totalScore":47280,"finalState":true,"active":false,"unvisitedChildren":0,"miniMaxValue":25130.0}
{"stateId":175,"originShotId":51,"birdIndex":0,"times":1,"score":21410,"totalScore":21410,"finalState":false,"active":false,"unvisitedChildren":181,"miniMaxValue":0.0}
{"stateId":176,"originShotId":12147,"birdIndex":0,"times":1,"score":4570,"totalScore":25980,"finalState":false,"active":false,"unvisitedChildren":86,"miniMaxValue":0.0}
{"stateId":177,"originShotId":12212,"birdIndex":0,"times":1,"score":5400,"totalScore":31380,"finalState":false,"active":false,"unvisitedChildren":12,"miniMaxValue":0.0}
{"stateId":178,"originShotId":12285,"birdIndex":0,"times":1,"score":0,"totalScore":31380,"finalState":true,"active":false,"unvisitedChildren":0,"miniMaxValue":0.0}
{"stateId":183,"originShotId":23,"birdIndex":0,"times":1,"score":3930,"totalScore":3930,"finalState":false,"active":false,"unvisitedChildren":466,"miniMaxValue":26910.0}
{"stateId":184,"originShotId":12729,"birdIndex":0,"times":1,"score":10660,"totalScore":14590,"finalState":false,"active":false,"unvisitedChildren":215,"miniMaxValue":26910.0}
{"stateId":185,"originShotId":12827,"birdIndex":0,"times":1,"score":26910,"totalScore":41500,"finalState":true,"active":false,"unvisitedChildren":0,"miniMaxValue":26910.0}
{"stateId":190,"originShotId":63,"birdIndex":0,"times":1,"score":14560,"totalScore":14560,"finalState":false,"active":false,"unvisitedChildren":131,"miniMaxValue":0.0}
{"stateId":191,"originShotId":13191,"birdIndex":0,"times":1,"score":14170,"totalScore":28730,"finalState":false,"active":false,"unvisitedChildren":72,"miniMaxValue":0.0}
{"stateId":192,"originShotId":13238,"birdIndex":0,"times":1,"score":2010,"totalScore":30740,"finalState":false,"active":false,"unvisitedChildren":22,"miniMaxValue":0.0}
{"stateId":193,"originShotId":13291,"birdIndex":0,"times":1,"score":0,"totalScore":30740,"finalState":true,"active":false,"unvisitedChildren":0,"miniMaxValue":0.0}
{"stateId":194,"originShotId":53,"birdIndex":0,"times":1,"score":14630,"totalScore":14630,"finalState":false,"active":false,"unvisitedChildren":236,"miniMaxValue":0.0}
{"stateId":195,"originShotId":13328,"birdIndex":0,"times":1,"score":5800,"totalScore":20430,"finalState":false,"active":false,"unvisitedChildren":108,"miniMaxValue":0.0}
{"stateId":196,"originShotId":13483,"birdIndex":0,"times":1,"score":11250,"totalScore":31680,"finalState":false,"active":false,"unvisitedChildren":22,"miniMaxValue":0.0}
{"stateId":197,"originShotId":13539,"birdIndex":0,"times":1,"score":0,"totalScore":31680,"finalState":true,"active":false,"unvisitedChildren":0,"miniMaxValue":0.0}
{"stateId":198,"originShotId":29,"birdIndex":0,"times":1,"score":10200,"totalScore":10200,"finalState":false,"active":false,"unvisitedChildren":326,"miniMaxValue":0.0}
{"stateId":199,"originShotId":13570,"birdIndex":0,"times":1,"score":13800,"totalScore":24000,"finalState":false,"active":false,"unvisitedChildren":231,"miniMaxValue":0.0}
{"stateId":200,"originShotId":13654,"birdIndex":0,"times":1,"score":3770,"totalScore":27770,"finalState":false,"active":false,"unvisitedChildren":46,"miniMaxValue":0.0}
{"stateId":201,"originShotId":13836,"birdIndex":0,"times":1,"score":0,"totalScore":27770,"finalState":true,"active":false,"unvisitedChildren":0,"miniMaxValue":0.0}
{"stateId":202,"originShotId":66,"birdIndex":0,"times":1,"score":22830,"totalScore":22830,"finalState":false,"active":false,"unvisitedChildren":439,"miniMaxValue":0.0}
{"stateId":203,"originShotId":13932,"birdIndex":0,"times":1,"score":1320,"totalScore":24150,"finalState":false,"active":false,"unvisitedChildren":236,"miniMaxValue":0.0}
{"stateId":204,"originShotId":14088,"birdIndex":0,"times":1,"score":2960,"totalScore":27110,"finalState":false,"active":false,"unvisitedChildren":51,"miniMaxValue":0.0}
{"stateId":205,"originShotId":14270,"birdIndex":0,"times":1,"score":0,"totalScore":27110,"finalState":true,"active":false,"unvisitedChildren":0,"miniMaxValue":0.0}
{"stateId":206,"originShotId":58,"birdIndex":0,"times":1,"score":13570,"totalScore":13570,"finalState":false,"active":false,"unvisitedChildren":292,"miniMaxValue":0.0}
{"stateId":207,"originShotId":14362,"birdIndex":0,"times":1,"score":5840,"totalScore":19410,"finalState":false,"active":false,"unvisitedChildren":146,"miniMaxValue":0.0}
{"stateId":208,"originShotId":14545,"birdIndex":0,"times":1,"score":10600,"totalScore":30010,"finalState":false,"active":false,"unvisitedChildren":18,"miniMaxValue":0.0}
{"stateId":209,"originShotId":14599,"birdIndex":0,"times":1,"score":0,"totalScore":30010,"finalState":true,"active":false,"unvisitedChildren":0,"miniMaxValue":0.0}
{"stateId":213,"originShotId":154,"birdIndex":0,"times":2,"score":90805,"totalScore":90805,"finalState":true,"active":false,"unvisitedChildren":0,"miniMaxValue":90805.0}
{"stateId":214,"originShotId":154,"birdIndex":1,"times":42,"score":60527,"totalScore":60527,"finalState":true,"active":false,"unvisitedChildren":0,"miniMaxValue":60527.0}
{"stateId":215,"originShotId":154,"birdIndex":1,"times":12,"score":58779,"totalScore":58779,"finalState":true,"active":false,"unvisitedChildren":0,"miniMaxValue":58779.0}
{"stateId":216,"originShotId":154,"birdIndex":0,"times":1,"score":59460,"totalScore":59460,"finalState":true,"active":false,"unvisitedChildren":0,"miniMaxValue":59460.0}
{"stateId":217,"originShotId":14822,"birdIndex":1,"times":4,"score":8847,"totalScore":8847,"finalState":false,"active":false,"unvisitedChildren":527,"miniMaxValue":47650.0}
{"stateId":218,"originShotId":14894,"birdIndex":0,"times":1,"score":11580,"totalScore":20550,"finalState":false,"active":false,"unvisitedChildren":126,"miniMaxValue":0.0}
{"stateId":219,"originShotId":15014,"birdIndex":0,"times":1,"score":10670,"totalScore":31220,"finalState":false,"active":false,"unvisitedChildren":16,"miniMaxValue":0.0}
{"stateId":220,"originShotId":15066,"birdIndex":0,"times":1,"score":0,"totalScore":31220,"finalState":true,"active":false,"unvisitedChildren":0,"miniMaxValue":0.0}
{"stateId":221,"originShotId":14816,"birdIndex":0,"times":1,"score":18990,"totalScore":18990,"finalState":false,"active":false,"unvisitedChildren":47,"miniMaxValue":29700.0}
{"stateId":222,"originShotId":15193,"birdIndex":0,"times":1,"score":29700,"totalScore":48690,"finalState":true,"active":false,"unvisitedChildren":0,"miniMaxValue":29700.0}
{"stateId":223,"originShotId":14834,"birdIndex":1,"times":2,"score":21775,"totalScore":21775,"finalState":false,"active":false,"unvisitedChildren":332,"miniMaxValue":21730.0}
{"stateId":224,"originShotId":15256,"birdIndex":2,"times":1,"score":5080,"totalScore":26140,"finalState":false,"active":false,"unvisitedChildren":128,"miniMaxValue":21730.0}
{"stateId":225,"originShotId":15449,"birdIndex":3,"times":1,"score":21730,"totalScore":47870,"finalState":true,"active":false,"unvisitedChildren":0,"miniMaxValue":21730.0}
{"stateId":226,"originShotId":14809,"birdIndex":1,"times":1,"score":57220,"totalScore":57220,"finalState":true,"active":false,"unvisitedChildren":0,"miniMaxValue":57220.0}
{"stateId":227,"originShotId":14826,"birdIndex":1,"times":2,"score":12970,"totalScore":12970,"finalState":false,"active":false,"unvisitedChildren":206,"miniMaxValue":19360.0}
{"stateId":228,"originShotId":15489,"birdIndex":2,"times":1,"score":13950,"totalScore":26920,"finalState":false,"active":false,"unvisitedChildren":116,"miniMaxValue":19360.0}
{"stateId":229,"originShotId":15537,"birdIndex":3,"times":1,"score":19360,"totalScore":46280,"finalState":true,"active":false,"unvisitedChildren":0,"miniMaxValue":19360.0}
{"stateId":230,"originShotId":159,"birdIndex":1,"times":1,"score":56760,"totalScore":56760,"finalState":true,"active":false,"unvisitedChildren":0,"miniMaxValue":56760.0}
{"stateId":231,"originShotId":14819,"birdIndex":1,"times":1,"score":19100,"totalScore":19100,"finalState":false,"active":false,"unvisitedChildren":146,"miniMaxValue":33770.0}
{"stateId":232,"originShotId":15728,"birdIndex":2,"times":1,"score":33770,"totalScore":52870,"finalState":true,"active":false,"unvisitedChildren":0,"miniMaxValue":33770.0}
{"stateId":233,"originShotId":15135,"birdIndex":1,"times":1,"score":57400,"totalScore":57400,"finalState":true,"active":false,"unvisitedChildren":0,"miniMaxValue":57400.0}
{"stateId":234,"originShotId":15139,"birdIndex":1,"times":4,"score":7972,"totalScore":7972,"finalState":false,"active":true,"unvisitedChildren":374,"miniMaxValue":43090.0}
{"stateId":235,"originShotId":15868,"birdIndex":2,"times":1,"score":15330,"totalScore":23280,"finalState":false,"active":false,"unvisitedChildren":183,"miniMaxValue":0.0}
{"stateId":236,"originShotId":15987,"birdIndex":3,"times":1,"score":5450,"totalScore":28730,"finalState":false,"active":false,"unvisitedChildren":22,"miniMaxValue":0.0}
{"stateId":237,"originShotId":16084,"birdIndex":4,"times":1,"score":0,"totalScore":28730,"finalState":true,"active":false,"unvisitedChildren":0,"miniMaxValue":0.0}
{"stateId":238,"originShotId":15137,"birdIndex":1,"times":2,"score":23630,"totalScore":23630,"finalState":false,"active":false,"unvisitedChildren":106,"miniMaxValue":33510.0}
{"stateId":239,"originShotId":16180,"birdIndex":2,"times":1,"score":33510,"totalScore":57140,"finalState":true,"active":false,"unvisitedChildren":0,"miniMaxValue":33510.0}
{"stateId":240,"originShotId":168,"birdIndex":1,"times":1,"score":19620,"totalScore":19620,"finalState":false,"active":false,"unvisitedChildren":93,"miniMaxValue":6570.0}
{"stateId":241,"originShotId":16239,"birdIndex":2,"times":1,"score":5230,"totalScore":24850,"finalState":false,"active":false,"unvisitedChildren":37,"miniMaxValue":6570.0}
{"stateId":242,"originShotId":16283,"birdIndex":3,"times":1,"score":6470,"totalScore":31320,"finalState":false,"active":false,"unvisitedChildren":8,"miniMaxValue":6570.0}
{"stateId":243,"originShotId":16301,"birdIndex":4,"times":1,"score":6570,"totalScore":37890,"finalState":true,"active":false,"unvisitedChildren":0,"miniMaxValue":6570.0}
{"stateId":244,"originShotId":15145,"birdIndex":1,"times":1,"score":8160,"totalScore":8160,"finalState":false,"active":false,"unvisitedChildren":25,"miniMaxValue":17520.0}
{"stateId":245,"originShotId":16316,"birdIndex":2,"times":1,"score":19300,"totalScore":27460,"finalState":false,"active":false,"unvisitedChildren":8,"miniMaxValue":17520.0}
{"stateId":246,"originShotId":16322,"birdIndex":3,"times":1,"score":17520,"totalScore":44980,"finalState":true,"active":false,"unvisitedChildren":0,"miniMaxValue":17520.0}
{"stateId":247,"originShotId":14821,"birdIndex":1,"times":1,"score":55260,"totalScore":55260,"finalState":true,"active":false,"unvisitedChildren":0,"miniMaxValue":55260.0}
{"stateId":248,"originShotId":14838,"birdIndex":1,"times":2,"score":12960,"totalScore":12960,"finalState":false,"active":false,"unvisitedChildren":165,"miniMaxValue":37390.0}
{"stateId":249,"originShotId":16397,"birdIndex":2,"times":1,"score":3560,"totalScore":16720,"finalState":false,"active":false,"unvisitedChildren":95,"miniMaxValue":28640.0}
{"stateId":250,"originShotId":16417,"birdIndex":3,"times":1,"score":28640,"totalScore":45360,"finalState":true,"active":false,"unvisitedChildren":0,"miniMaxValue":28640.0}
{"stateId":251,"originShotId":14820,"birdIndex":1,"times":1,"score":20350,"totalScore":20350,"finalState":false,"active":false,"unvisitedChildren":105,"miniMaxValue":0.0}
{"stateId":252,"originShotId":16555,"birdIndex":2,"times":1,"score":7430,"totalScore":27780,"finalState":false,"active":false,"unvisitedChildren":40,"miniMaxValue":0.0}
{"stateId":253,"originShotId":16599,"birdIndex":3,"times":1,"score":3040,"totalScore":30820,"finalState":false,"active":false,"unvisitedChildren":2,"miniMaxValue":0.0}
{"stateId":254,"originShotId":16603,"birdIndex":4,"times":1,"score":0,"totalScore":30820,"finalState":true,"active":false,"unvisitedChildren":0,"miniMaxValue":0.0}
{"stateId":255,"originShotId":14744,"birdIndex":1,"times":1,"score":6160,"totalScore":6160,"finalState":false,"active":false,"unvisitedChildren":56,"miniMaxValue":7190.0}
{"stateId":256,"originShotId":16633,"birdIndex":2,"times":1,"score":18630,"totalScore":24790,"finalState":false,"active":false,"unvisitedChildren":21,"miniMaxValue":7190.0}
{"stateId":257,"originShotId":16641,"birdIndex":3,"times":1,"score":3310,"totalScore":28100,"finalState":false,"active":false,"unvisitedChildren":4,"miniMaxValue":7190.0}
{"stateId":258,"originShotId":16662,"birdIndex":4,"times":1,"score":7190,"totalScore":35290,"finalState":true,"active":false,"unvisitedChildren":0,"miniMaxValue":7190.0}
{"stateId":259,"originShotId":15133,"birdIndex":1,"times":1,"score":19400,"totalScore":19400,"finalState":false,"active":false,"unvisitedChildren":134,"miniMaxValue":34050.0}
{"stateId":260,"originShotId":16752,"birdIndex":2,"times":1,"score":34050,"totalScore":53450,"finalState":true,"active":false,"unvisitedChildren":0,"miniMaxValue":34050.0}
{"stateId":261,"originShotId":14823,"birdIndex":1,"times":2,"score":16325,"totalScore":16325,"finalState":false,"active":false,"unvisitedChildren":128,"miniMaxValue":35980.0}
{"stateId":262,"originShotId":16807,"birdIndex":2,"times":1,"score":5530,"totalScore":21920,"finalState":false,"active":false,"unvisitedChildren":76,"miniMaxValue":6250.0}
{"stateId":263,"originShotId":16862,"birdIndex":3,"times":1,"score":2540,"totalScore":24460,"finalState":false,"active":false,"unvisitedChildren":23,"miniMaxValue":6250.0}
{"stateId":264,"originShotId":16922,"birdIndex":4,"times":1,"score":6250,"totalScore":30710,"finalState":true,"active":false,"unvisitedChildren":0,"miniMaxValue":6250.0}
{"stateId":265,"originShotId":14794,"birdIndex":1,"times":1,"score":17790,"totalScore":17790,"finalState":false,"active":false,"unvisitedChildren":189,"miniMaxValue":6860.0}
{"stateId":266,"originShotId":16942,"birdIndex":2,"times":1,"score":2820,"totalScore":20610,"finalState":false,"active":false,"unvisitedChildren":118,"miniMaxValue":6860.0}
{"stateId":267,"originShotId":17087,"birdIndex":3,"times":1,"score":8810,"totalScore":29420,"finalState":false,"active":false,"unvisitedChildren":29,"miniMaxValue":6860.0}
{"stateId":268,"originShotId":17095,"birdIndex":4,"times":1,"score":6860,"totalScore":36280,"finalState":true,"active":false,"unvisitedChildren":0,"miniMaxValue":6860.0}
{"stateId":269,"originShotId":15143,"birdIndex":1,"times":1,"score":60650,"totalScore":60650,"finalState":true,"active":false,"unvisitedChildren":0,"miniMaxValue":60650.0}
{"stateId":270,"originShotId":14824,"birdIndex":1,"times":1,"score":55940,"totalScore":55940,"finalState":true,"active":false,"unvisitedChildren":0,"miniMaxValue":55940.0}
{"stateId":271,"originShotId":11255,"birdIndex":2,"times":1,"score":37790,"totalScore":52540,"finalState":true,"active":false,"unvisitedChildren":0,"miniMaxValue":37790.0}
{"stateId":272,"originShotId":15142,"birdIndex":1,"times":2,"score":20345,"totalScore":20345,"finalState":false,"active":false,"unvisitedChildren":386,"miniMaxValue":30900.0}
{"stateId":273,"originShotId":17205,"birdIndex":2,"times":1,"score":30900,"totalScore":52080,"finalState":true,"active":false,"unvisitedChildren":0,"miniMaxValue":30900.0}
{"stateId":274,"originShotId":15509,"birdIndex":2,"times":1,"score":16470,"totalScore":29440,"finalState":false,"active":false,"unvisitedChildren":26,"miniMaxValue":17000.0}
{"stateId":275,"originShotId":17261,"birdIndex":3,"times":1,"score":17000,"totalScore":46440,"finalState":true,"active":false,"unvisitedChildren":0,"miniMaxValue":17000.0}
{"stateId":276,"originShotId":14772,"birdIndex":1,"times":2,"score":21210,"totalScore":21210,"finalState":false,"active":false,"unvisitedChildren":67,"miniMaxValue":33610.0}
{"stateId":277,"originShotId":17346,"birdIndex":2,"times":1,"score":31820,"totalScore":53030,"finalState":true,"active":false,"unvisitedChildren":0,"miniMaxValue":31820.0}
{"stateId":278,"originShotId":15148,"birdIndex":1,"times":2,"score":20645,"totalScore":20645,"finalState":false,"active":false,"unvisitedChildren":197,"miniMaxValue":5950.0}
{"stateId":279,"originShotId":17362,"birdIndex":2,"times":1,"score":1110,"totalScore":21400,"finalState":false,"active":false,"unvisitedChildren":127,"miniMaxValue":5950.0}
{"stateId":280,"originShotId":17484,"birdIndex":3,"times":1,"score":8480,"totalScore":29880,"finalState":false,"active":false,"unvisitedChildren":20,"miniMaxValue":5950.0}
{"stateId":281,"originShotId":17516,"birdIndex":4,"times":1,"score":5950,"totalScore":35830,"finalState":true,"active":false,"unvisitedChildren":0,"miniMaxValue":5950.0}
{"stateId":282,"originShotId":15141,"birdIndex":1,"times":1,"score":58380,"totalScore":58380,"finalState":true,"active":false,"unvisitedChildren":0,"miniMaxValue":58380.0}
{"stateId":283,"originShotId":14835,"birdIndex":1,"times":1,"score":55420,"totalScore":55420,"finalState":true,"active":false,"unvisitedChildren":0,"miniMaxValue":55420.0}
{"stateId":284,"originShotId":6482,"birdIndex":2,"times":1,"score":6720,"totalScore":19740,"finalState":false,"active":false,"unvisitedChildren":80,"miniMaxValue":27670.0}
{"stateId":285,"originShotId":17569,"birdIndex":3,"times":1,"score":27670,"totalScore":47410,"finalState":true,"active":false,"unvisitedChildren":0,"miniMaxValue":27670.0}
{"stateId":286,"originShotId":14812,"birdIndex":1,"times":2,"score":58880,"totalScore":58880,"finalState":true,"active":false,"unvisitedChildren":0,"miniMaxValue":58880.0}
{"stateId":287,"originShotId":15138,"birdIndex":1,"times":1,"score":59820,"totalScore":59820,"finalState":true,"active":false,"unvisitedChildren":0,"miniMaxValue":59820.0}
{"stateId":288,"originShotId":15134,"birdIndex":1,"times":1,"score":21450,"totalScore":21450,"finalState":false,"active":false,"unvisitedChildren":119,"miniMaxValue":33690.0}
{"stateId":289,"originShotId":17691,"birdIndex":2,"times":1,"score":33690,"totalScore":55140,"finalState":true,"active":false,"unvisitedChildren":0,"miniMaxValue":33690.0}
{"stateId":290,"originShotId":14807,"birdIndex":1,"times":1,"score":18840,"totalScore":18840,"finalState":false,"active":false,"unvisitedChildren":164,"miniMaxValue":33320.0}
{"stateId":291,"originShotId":17799,"birdIndex":2,"times":1,"score":33320,"totalScore":52160,"finalState":true,"active":false,"unvisitedChildren":0,"miniMaxValue":33320.0}
{"stateId":292,"originShotId":14876,"birdIndex":2,"times":1,"score":18690,"totalScore":27520,"finalState":false,"active":false,"unvisitedChildren":192,"miniMaxValue":0.0}
{"stateId":293,"originShotId":18031,"birdIndex":3,"times":1,"score":1160,"totalScore":28680,"finalState":false,"active":false,"unvisitedChildren":43,"miniMaxValue":0.0}
{"stateId":294,"originShotId":18046,"birdIndex":4,"times":1,"score":0,"totalScore":28680,"finalState":true,"active":false,"unvisitedChildren":0,"miniMaxValue":0.0}
{"stateId":295,"originShotId":177,"birdIndex":1,"times":1,"score":14170,"totalScore":14170,"finalState":false,"active":false,"unvisitedChildren":163,"miniMaxValue":17670.0}
{"stateId":296,"originShotId":18135,"birdIndex":2,"times":1,"score":12990,"totalScore":27160,"finalState":false,"active":false,"unvisitedChildren":65,"miniMaxValue":17670.0}
{"stateId":297,"originShotId":18201,"birdIndex":3,"times":1,"score":17670,"totalScore":44830,"finalState":true,"active":false,"unvisitedChildren":0,"miniMaxValue":17670.0}
{"stateId":298,"originShotId":14828,"birdIndex":1,"times":1,"score":16460,"totalScore":16460,"finalState":false,"active":false,"unvisitedChildren":241,"miniMaxValue":23730.0}
{"stateId":299,"originShotId":18250,"birdIndex":2,"times":1,"score":6650,"totalScore":23110,"finalState":false,"active":false,"unvisitedChildren":104,"miniMaxValue":23730.0}
{"stateId":300,"originShotId":18441,"birdIndex":3,"times":1,"score":23730,"totalScore":46840,"finalState":true,"active":false,"unvisitedChildren":0,"miniMaxValue":23730.0}
{"stateId":301,"originShotId":14818,"birdIndex":1,"times":1,"score":58170,"totalScore":58170,"finalState":true,"active":false,"unvisitedChildren":0,"miniMaxValue":58170.0}
{"stateId":302,"originShotId":14839,"birdIndex":1,"times":2,"score":17205,"totalScore":17205,"finalState":false,"active":false,"unvisitedChildren":144,"miniMaxValue":32910.0}
{"stateId":303,"originShotId":18509,"birdIndex":2,"times":1,"score":32910,"totalScore":50140,"finalState":true,"active":false,"unvisitedChildren":0,"miniMaxValue":32910.0}
{"stateId":304,"originShotId":15143,"birdIndex":1,"times":1,"score":21240,"totalScore":21240,"finalState":false,"active":false,"unvisitedChildren":114,"miniMaxValue":7000.0}
{"stateId":305,"originShotId":18615,"birdIndex":2,"times":1,"score":6670,"totalScore":27910,"finalState":false,"active":false,"unvisitedChildren":64,"miniMaxValue":7000.0}
{"stateId":306,"originShotId":18646,"birdIndex":3,"times":1,"score":2480,"totalScore":30390,"finalState":false,"active":false,"unvisitedChildren":11,"miniMaxValue":7000.0}
{"stateId":307,"originShotId":18704,"birdIndex":4,"times":1,"score":7000,"totalScore":37390,"finalState":true,"active":false,"unvisitedChildren":0,"miniMaxValue":7000.0}
{"stateId":308,"originShotId":15147,"birdIndex":1,"times":1,"score":53480,"totalScore":53480,"finalState":true,"active":false,"unvisitedChildren":0,"miniMaxValue":53480.0}
{"stateId":309,"originShotId":2024,"birdIndex":2,"times":1,"score":10040,"totalScore":22100,"finalState":false,"active":false,"unvisitedChildren":194,"miniMaxValue":0.0}
{"stateId":310,"originShotId":18721,"birdIndex":3,"times":1,"score":6120,"totalScore":28220,"finalState":false,"active":false,"unvisitedChildren":39,"miniMaxValue":0.0}
{"stateId":311,"originShotId":18888,"birdIndex":4,"times":1,"score":0,"totalScore":28220,"finalState":true,"active":false,"unvisitedChildren":0,"miniMaxValue":0.0}
{"stateId":312,"originShotId":14899,"birdIndex":2,"times":1,"score":14090,"totalScore":22920,"finalState":false,"active":false,"unvisitedChildren":114,"miniMaxValue":0.0}
{"stateId":313,"originShotId":18993,"birdIndex":3,"times":1,"score":8670,"totalScore":31590,"finalState":false,"active":false,"unvisitedChildren":19,"miniMaxValue":0.0}
{"stateId":314,"originShotId":19015,"birdIndex":4,"times":1,"score":0,"totalScore":31590,"finalState":true,"active":false,"unvisitedChildren":0,"miniMaxValue":0.0}
{"stateId":315,"originShotId":15150,"birdIndex":1,"times":1,"score":52450,"totalScore":52450,"finalState":true,"active":false,"unvisitedChildren":0,"miniMaxValue":52450.0}
{"stateId":316,"originShotId":14825,"birdIndex":1,"times":2,"score":7945,"totalScore":7945,"finalState":false,"active":false,"unvisitedChildren":357,"miniMaxValue":19680.0}
{"stateId":317,"originShotId":19146,"birdIndex":2,"times":1,"score":20430,"totalScore":28340,"finalState":false,"active":false,"unvisitedChildren":71,"miniMaxValue":19680.0}
{"stateId":318,"originShotId":19184,"birdIndex":3,"times":1,"score":19680,"totalScore":48020,"finalState":true,"active":false,"unvisitedChildren":0,"miniMaxValue":19680.0}
{"stateId":319,"originShotId":15864,"birdIndex":2,"times":1,"score":20940,"totalScore":28910,"finalState":false,"active":false,"unvisitedChildren":65,"miniMaxValue":17240.0}
{"stateId":320,"originShotId":19240,"birdIndex":3,"times":1,"score":17240,"totalScore":46150,"finalState":true,"active":false,"unvisitedChildren":0,"miniMaxValue":17240.0}
{"stateId":321,"originShotId":14743,"birdIndex":1,"times":1,"score":17290,"totalScore":17290,"finalState":false,"active":false,"unvisitedChildren":65,"miniMaxValue":36950.0}
{"stateId":322,"originShotId":19319,"birdIndex":2,"times":1,"score":36950,"totalScore":54240,"finalState":true,"active":false,"unvisitedChildren":0,"miniMaxValue":36950.0}
{"stateId":323,"originShotId":15121,"birdIndex":1,"times":1,"score":19620,"totalScore":19620,"finalState":false,"active":false,"unvisitedChildren":239,"miniMaxValue":0.0}
{"stateId":324,"originShotId":19445,"birdIndex":2,"times":1,"score":9980,"totalScore":29600,"finalState":false,"active":false,"unvisitedChildren":102,"miniMaxValue":0.0}
{"stateId":325,"originShotId":19549,"birdIndex":3,"times":1,"score":1030,"totalScore":30630,"finalState":false,"active":false,"unvisitedChildren":37,"miniMaxValue":0.0}
{"stateId":326,"originShotId":19587,"birdIndex":4,"times":1,"score":0,"totalScore":30630,"finalState":true,"active":false,"unvisitedChildren":0,"miniMaxValue":0.0}
{"stateId":327,"originShotId":14815,"birdIndex":1,"times":1,"score":21810,"totalScore":21810,"finalState":false,"active":false,"unvisitedChildren":86,"miniMaxValue":32080.0}
{"stateId":328,"originShotId":19649,"birdIndex":2,"times":1,"score":32080,"totalScore":53890,"finalState":true,"active":false,"unvisitedChildren":0,"miniMaxValue":32080.0}
{"stateId":329,"originShotId":14811,"birdIndex":1,"times":1,"score":26490,"totalScore":26490,"finalState":false,"active":false,"unvisitedChildren":136,"miniMaxValue":18060.0}
{"stateId":330,"originShotId":19742,"birdIndex":2,"times":1,"score":2780,"totalScore":29270,"finalState":false,"active":false,"unvisitedChildren":74,"miniMaxValue":18060.0}
{"stateId":331,"originShotId":19802,"birdIndex":3,"times":1,"score":18060,"totalScore":47330,"finalState":true,"active":false,"unvisitedChildren":0,"miniMaxValue":18060.0}
{"stateId":332,"originShotId":15149,"birdIndex":1,"times":1,"score":21820,"totalScore":21820,"finalState":false,"active":false,"unvisitedChildren":62,"miniMaxValue":32550.0}
{"stateId":333,"originShotId":19849,"birdIndex":2,"times":1,"score":32550,"totalScore":54370,"finalState":true,"active":false,"unvisitedChildren":0,"miniMaxValue":32550.0}
{"stateId":334,"originShotId":14923,"birdIndex":2,"times":1,"score":47650,"totalScore":56480,"finalState":true,"active":false,"unvisitedChildren":0,"miniMaxValue":47650.0}
{"stateId":335,"originShotId":15257,"birdIndex":2,"times":1,"score":7260,"totalScore":29750,"finalState":false,"active":false,"unvisitedChildren":89,"miniMaxValue":18290.0}
{"stateId":336,"originShotId":19930,"birdIndex":3,"times":1,"score":18290,"totalScore":48040,"finalState":true,"active":false,"unvisitedChildren":0,"miniMaxValue":18290.0}
{"stateId":337,"originShotId":16806,"birdIndex":2,"times":1,"score":35980,"totalScore":52240,"finalState":true,"active":false,"unvisitedChildren":0,"miniMaxValue":35980.0}
{"stateId":338,"originShotId":14804,"birdIndex":1,"times":1,"score":8270,"totalScore":8270,"finalState":false,"active":false,"unvisitedChildren":205,"miniMaxValue":18380.0}
{"stateId":339,"originShotId":20099,"birdIndex":2,"times":1,"score":19100,"totalScore":27370,"finalState":false,"active":false,"unvisitedChildren":80,"miniMaxValue":18380.0}
{"stateId":340,"originShotId":20114,"birdIndex":3,"times":1,"score":18380,"totalScore":45750,"finalState":true,"active":false,"unvisitedChildren":0,"miniMaxValue":18380.0}
{"stateId":341,"originShotId":5586,"birdIndex":2,"times":1,"score":28380,"totalScore":47460,"finalState":true,"active":false,"unvisitedChildren":0,"miniMaxValue":28380.0}
{"stateId":342,"originShotId":15108,"birdIndex":1,"times":1,"score":13650,"totalScore":13650,"finalState":false,"active":false,"unvisitedChildren":172,"miniMaxValue":19170.0}
{"stateId":343,"originShotId":20235,"birdIndex":2,"times":1,"score":15250,"totalScore":28900,"finalState":false,"active":false,"unvisitedChildren":77,"miniMaxValue":19170.0}
{"stateId":344,"originShotId":20345,"birdIndex":3,"times":1,"score":19170,"totalScore":48070,"finalState":true,"active":false,"unvisitedChildren":0,"miniMaxValue":19170.0}
{"stateId":345,"originShotId":17201,"birdIndex":2,"times":1,"score":4010,"totalScore":23520,"finalState":false,"active":false,"unvisitedChildren":250,"miniMaxValue":6680.0}
{"stateId":346,"originShotId":20495,"birdIndex":3,"times":1,"score":3740,"totalScore":27260,"finalState":false,"active":false,"unvisitedChildren":44,"miniMaxValue":6680.0}
{"stateId":347,"originShotId":20602,"birdIndex":4,"times":1,"score":6680,"totalScore":33940,"finalState":true,"active":false,"unvisitedChildren":0,"miniMaxValue":6680.0}
{"stateId":348,"originShotId":15146,"birdIndex":1,"times":1,"score":13640,"totalScore":13640,"finalState":false,"active":false,"unvisitedChildren":83,"miniMaxValue":42220.0}
{"stateId":349,"originShotId":20677,"birdIndex":2,"times":1,"score":42220,"totalScore":55860,"finalState":true,"active":false,"unvisitedChildren":0,"miniMaxValue":42220.0}
{"stateId":350,"originShotId":14811,"birdIndex":1,"times":1,"score":23070,"totalScore":23070,"finalState":false,"active":false,"unvisitedChildren":80,"miniMaxValue":28970.0}
{"stateId":351,"originShotId":20718,"birdIndex":2,"times":1,"score":28970,"totalScore":52040,"finalState":true,"active":false,"unvisitedChildren":0,"miniMaxValue":28970.0}
{"stateId":352,"originShotId":14748,"birdIndex":1,"times":1,"score":13010,"totalScore":13010,"finalState":false,"active":false,"unvisitedChildren":83,"miniMaxValue":35480.0}
{"stateId":353,"originShotId":20816,"birdIndex":2,"times":1,"score":35480,"totalScore":48490,"finalState":true,"active":false,"unvisitedChildren":0,"miniMaxValue":35480.0}
{"stateId":354,"originShotId":9461,"birdIndex":2,"times":1,"score":31040,"totalScore":57820,"finalState":true,"active":false,"unvisitedChildren":0,"miniMaxValue":31040.0}
{"stateId":355,"originShotId":14827,"birdIndex":1,"times":1,"score":54800,"totalScore":54800,"finalState":true,"active":false,"unvisitedChildren":0,"miniMaxValue":54800.0}
{"stateId":356,"originShotId":3278,"birdIndex":2,"times":1,"score":31140,"totalScore":56180,"finalState":true,"active":false,"unvisitedChildren":0,"miniMaxValue":31140.0}
{"stateId":357,"originShotId":14785,"birdIndex":1,"times":1,"score":19200,"totalScore":19200,"finalState":false,"active":false,"unvisitedChildren":58,"miniMaxValue":0.0}
{"stateId":358,"originShotId":20880,"birdIndex":2,"times":1,"score":5150,"totalScore":24350,"finalState":false,"active":false,"unvisitedChildren":23,"miniMaxValue":0.0}
{"stateId":359,"originShotId":20895,"birdIndex":3,"times":1,"score":2130,"totalScore":26480,"finalState":false,"active":false,"unvisitedChildren":3,"miniMaxValue":0.0}
{"stateId":360,"originShotId":20916,"birdIndex":4,"times":1,"score":0,"totalScore":26480,"finalState":true,"active":false,"unvisitedChildren":0,"miniMaxValue":0.0}
{"stateId":361,"originShotId":17325,"birdIndex":2,"times":1,"score":33610,"totalScore":54820,"finalState":true,"active":false,"unvisitedChildren":0,"miniMaxValue":33610.0}
{"stateId":362,"originShotId":18530,"birdIndex":2,"times":1,"score":10610,"totalScore":27790,"finalState":false,"active":false,"unvisitedChildren":44,"miniMaxValue":18630.0}
{"stateId":363,"originShotId":20945,"birdIndex":3,"times":1,"score":18630,"totalScore":46420,"finalState":true,"active":false,"unvisitedChildren":0,"miniMaxValue":18630.0}
{"stateId":364,"originShotId":19080,"birdIndex":2,"times":1,"score":15130,"totalScore":23110,"finalState":false,"active":false,"unvisitedChildren":156,"miniMaxValue":0.0}
{"stateId":365,"originShotId":21049,"birdIndex":3,"times":1,"score":2500,"totalScore":25610,"finalState":false,"active":false,"unvisitedChildren":37,"miniMaxValue":0.0}
{"stateId":366,"originShotId":21118,"birdIndex":4,"times":1,"score":0,"totalScore":25610,"finalState":true,"active":false,"unvisitedChildren":0,"miniMaxValue":0.0}
{"stateId":367,"originShotId":17388,"birdIndex":2,"times":1,"score":8390,"totalScore":29390,"finalState":false,"active":false,"unvisitedChildren":39,"miniMaxValue":0.0}
{"stateId":368,"originShotId":21123,"birdIndex":3,"times":1,"score":520,"totalScore":29910,"finalState":false,"active":false,"unvisitedChildren":7,"miniMaxValue":0.0}
{"stateId":369,"originShotId":21159,"birdIndex":4,"times":1,"score":0,"totalScore":29910,"finalState":true,"active":false,"unvisitedChildren":0,"miniMaxValue":0.0}
{"stateId":370,"originShotId":132,"birdIndex":1,"times":1,"score":9740,"totalScore":9740,"finalState":false,"active":false,"unvisitedChildren":195,"miniMaxValue":0.0}
{"stateId":371,"originShotId":21207,"birdIndex":2,"times":1,"score":18260,"totalScore":28000,"finalState":false,"active":false,"unvisitedChildren":94,"miniMaxValue":0.0}
{"stateId":372,"originShotId":21320,"birdIndex":3,"times":1,"score":2490,"totalScore":30490,"finalState":false,"active":false,"unvisitedChildren":5,"miniMaxValue":0.0}
{"stateId":373,"originShotId":21358,"birdIndex":4,"times":1,"score":0,"totalScore":30490,"finalState":true,"active":false,"unvisitedChildren":0,"miniMaxValue":0.0}
{"stateId":374,"originShotId":14814,"birdIndex":1,"times":1,"score":19530,"totalScore":19530,"finalState":false,"active":false,"unvisitedChildren":122,"miniMaxValue":31930.0}
{"stateId":375,"originShotId":21441,"birdIndex":2,"times":1,"score":31930,"totalScore":51460,"finalState":true,"active":false,"unvisitedChildren":0,"miniMaxValue":31930.0}
{"stateId":376,"originShotId":150,"birdIndex":1,"times":1,"score":54690,"totalScore":54690,"finalState":true,"active":false,"unvisitedChildren":0,"miniMaxValue":54690.0}
{"stateId":377,"originShotId":15119,"birdIndex":1,"times":1,"score":22980,"totalScore":22980,"finalState":false,"active":false,"unvisitedChildren":86,"miniMaxValue":32290.0}
{"stateId":378,"originShotId":21559,"birdIndex":2,"times":1,"score":32290,"totalScore":55270,"finalState":true,"active":false,"unvisitedChildren":0,"miniMaxValue":32290.0}
{"stateId":379,"originShotId":14752,"birdIndex":1,"times":1,"score":510,"totalScore":510,"finalState":false,"active":false,"unvisitedChildren":275,"miniMaxValue":6460.0}
{"stateId":380,"originShotId":21654,"birdIndex":2,"times":1,"score":16950,"totalScore":17460,"finalState":false,"active":false,"unvisitedChildren":174,"miniMaxValue":6460.0}
{"stateId":381,"originShotId":21777,"birdIndex":3,"times":1,"score":6600,"totalScore":24060,"finalState":false,"active":false,"unvisitedChildren":31,"miniMaxValue":6460.0}
{"stateId":382,"originShotId":21831,"birdIndex":4,"times":1,"score":6460,"totalScore":30520,"finalState":true,"active":false,"unvisitedChildren":0,"miniMaxValue":6460.0}
{"stateId":383,"originShotId":15122,"birdIndex":1,"times":1,"score":12890,"totalScore":12890,"finalState":false,"active":false,"unvisitedChildren":74,"miniMaxValue":45400.0}
{"stateId":384,"originShotId":21900,"birdIndex":2,"times":1,"score":45400,"totalScore":58290,"finalState":true,"active":false,"unvisitedChildren":0,"miniMaxValue":45400.0}
{"stateId":385,"originShotId":15894,"birdIndex":2,"times":1,"score":43090,"totalScore":51040,"finalState":true,"active":false,"unvisitedChildren":0,"miniMaxValue":43090.0}
{"stateId":386,"originShotId":15141,"birdIndex":1,"times":1,"score":54440,"totalScore":54440,"finalState":true,"active":false,"unvisitedChildren":0,"miniMaxValue":54440.0}
{"stateId":387,"originShotId":16394,"birdIndex":2,"times":1,"score":37390,"totalScore":50150,"finalState":true,"active":false,"unvisitedChildren":0,"miniMaxValue":37390.0}
{"stateId":388,"originShotId":14813,"birdIndex":1,"times":1,"score":19610,"totalScore":19610,"finalState":false,"active":false,"unvisitedChildren":116,"miniMaxValue":33130.0}
{"stateId":389,"originShotId":21965,"birdIndex":2,"times":1,"score":33130,"totalScore":52740,"finalState":true,"active":false,"unvisitedChildren":0,"miniMaxValue":33130.0}
{"stateId":390,"originShotId":14810,"birdIndex":1,"times":1,"score":19900,"totalScore":19900,"finalState":false,"active":false,"unvisitedChildren":177,"miniMaxValue":6890.0}
{"stateId":391,"originShotId":22114,"birdIndex":2,"times":1,"score":7350,"totalScore":27250,"finalState":false,"active":false,"unvisitedChildren":88,"miniMaxValue":6890.0}
{"stateId":392,"originShotId":22189,"birdIndex":3,"times":1,"score":3790,"totalScore":31040,"finalState":false,"active":false,"unvisitedChildren":17,"miniMaxValue":6890.0}
{"stateId":393,"originShotId":22217,"birdIndex":4,"times":1,"score":6890,"totalScore":37930,"finalState":true,"active":false,"unvisitedChildren":0,"miniMaxValue":6890.0}
{"stateId":394,"originShotId":15149,"birdIndex":1,"times":1,"score":55950,"totalScore":55950,"finalState":true,"active":false,"unvisitedChildren":0,"miniMaxValue":55950.0}
{"stateId":395,"originShotId":153,"birdIndex":1,"times":1,"score":22520,"totalScore":22520,"finalState":false,"active":false,"unvisitedChildren":55,"miniMaxValue":0.0}
{"stateId":396,"originShotId":22224,"birdIndex":2,"times":1,"score":1050,"totalScore":23570,"finalState":false,"active":false,"unvisitedChildren":29,"miniMaxValue":0.0}
{"stateId":397,"originShotId":22251,"birdIndex":3,"times":1,"score":910,"totalScore":24480,"finalState":false,"active":false,"unvisitedChildren":9,"miniMaxValue":0.0}
{"stateId":398,"originShotId":22268,"birdIndex":4,"times":1,"score":0,"totalScore":24480,"finalState":true,"active":false,"unvisitedChildren":0,"miniMaxValue":0.0}
{"stateId":399,"originShotId":15144,"birdIndex":1,"times":1,"score":56270,"totalScore":56270,"finalState":true,"active":false,"unvisitedChildren":0,"miniMaxValue":56270.0}
{"stateId":400,"originShotId":16179,"birdIndex":2,"times":1,"score":27190,"totalScore":50820,"finalState":true,"active":false,"unvisitedChildren":0,"miniMaxValue":27190.0}
{"stateId":401,"originShotId":15071,"birdIndex":1,"times":1,"score":18670,"totalScore":18670,"finalState":false,"active":false,"unvisitedChildren":80,"miniMaxValue":34570.0}
{"stateId":402,"originShotId":22326,"birdIndex":2,"times":1,"score":34570,"totalScore":53240,"finalState":true,"active":false,"unvisitedChildren":0,"miniMaxValue":34570.0}
{"stateId":403,"originShotId":9460,"birdIndex":2,"times":1,"score":4130,"totalScore":31060,"finalState":false,"active":false,"unvisitedChildren":78,"miniMaxValue":0.0}
{"stateId":404,"originShotId":22361,"birdIndex":3,"times":1,"score":2920,"totalScore":33980,"finalState":false,"active":false,"unvisitedChildren":19,"miniMaxValue":0.0}
{"stateId":405,"originShotId":22435,"birdIndex":4,"times":1,"score":0,"totalScore":33980,"finalState":true,"active":false,"unvisitedChildren":0,"miniMaxValue":0.0}
{"stateId":406,"originShotId":15859,"birdIndex":2,"times":1,"score":15950,"totalScore":23940,"finalState":false,"active":true,"unvisitedChildren":0,"miniMaxValue":0.0}
{"stateId":407,"originShotId":22439,"birdIndex":3,"times":1,"score":1550,"totalScore":25490,"finalState":false,"active":true,"unvisitedChildren":0,"miniMaxValue":0.0}
