{"stateId":1,"originShotId":-1,"birdIndex":0,"times":0,"score":0,"totalScore":0,"finalState":false,"active":false,"unvisitedChildren":13067,"miniMaxValue":0.0}
{"stateId":260,"originShotId":15596,"birdIndex":0,"times":1,"score":33520,"totalScore":36810,"finalState":true,"active":false,"unvisitedChildren":0,"miniMaxValue":33520.0}
{"stateId":261,"originShotId":15596,"birdIndex":0,"times":1,"score":8800,"totalScore":12130,"finalState":false,"active":false,"unvisitedChildren":263,"miniMaxValue":0.0}
{"stateId":262,"originShotId":24910,"birdIndex":0,"times":1,"score":5470,"totalScore":17600,"finalState":false,"active":false,"unvisitedChildren":57,"miniMaxValue":0.0}
{"stateId":263,"originShotId":25041,"birdIndex":0,"times":1,"score":0,"totalScore":17600,"finalState":true,"active":false,"unvisitedChildren":0,"miniMaxValue":0.0}
{"stateId":264,"originShotId":18357,"birdIndex":0,"times":1,"score":32730,"totalScore":35720,"finalState":true,"active":false,"unvisitedChildren":0,"miniMaxValue":32730.0}
{"stateId":265,"originShotId":18357,"birdIndex":0,"times":1,"score":4580,"totalScore":7570,"finalState":false,"active":false,"unvisitedChildren":207,"miniMaxValue":0.0}
{"stateId":266,"originShotId":25088,"birdIndex":0,"times":1,"score":2630,"totalScore":10200,"finalState":false,"active":false,"unvisitedChildren":61,"miniMaxValue":0.0}
{"stateId":267,"originShotId":25271,"birdIndex":0,"times":1,"score":0,"totalScore":10200,"finalState":true,"active":false,"unvisitedChildren":0,"miniMaxValue":0.0}
{"stateId":268,"originShotId":24231,"birdIndex":1,"times":1,"score":3980,"totalScore":3980,"finalState":false,"active":false,"unvisitedChildren":377,"miniMaxValue":7220.0}
{"stateId":269,"originShotId":25418,"birdIndex":2,"times":1,"score":4030,"totalScore":8010,"finalState":false,"active":false,"unvisitedChildren":222,"miniMaxValue":7220.0}
{"stateId":270,"originShotId":25583,"birdIndex":3,"times":1,"score":3560,"totalScore":11570,"finalState":false,"active":false,"unvisitedChildren":52,"miniMaxValue":7220.0}
{"stateId":271,"originShotId":25606,"birdIndex":4,"times":1,"score":7220,"totalScore":18790,"finalState":true,"active":false,"unvisitedChildren":0,"miniMaxValue":7220.0}
{"stateId":272,"originShotId":24125,"birdIndex":1,"times":1,"score":4180,"totalScore":4180,"finalState":false,"active":false,"unvisitedChildren":10,"miniMaxValue":22060.0}
{"stateId":273,"originShotId":25658,"birdIndex":2,"times":1,"score":5930,"totalScore":10110,"finalState":false,"active":false,"unvisitedChildren":8,"miniMaxValue":22060.0}
{"stateId":274,"originShotId":25663,"birdIndex":3,"times":1,"score":22060,"totalScore":32170,"finalState":true,"active":false,"unvisitedChildren":0,"miniMaxValue":22060.0}
{"stateId":275,"originShotId":16833,"birdIndex":2,"times":1,"score":6680,"totalScore":9980,"finalState":false,"active":false,"unvisitedChildren":245,"miniMaxValue":0.0}
{"stateId":276,"originShotId":25854,"birdIndex":3,"times":1,"score":2000,"totalScore":11980,"finalState":false,"active":false,"unvisitedChildren":51,"miniMaxValue":0.0}
{"stateId":277,"originShotId":25909,"birdIndex":4,"times":1,"score":0,"totalScore":11980,"finalState":true,"active":false,"unvisitedChildren":0,"miniMaxValue":0.0}
{"stateId":278,"originShotId":24135,"birdIndex":1,"times":1,"score":3090,"totalScore":3090,"finalState":false,"active":false,"unvisitedChildren":425,"miniMaxValue":0.0}
{"stateId":279,"originShotId":25934,"birdIndex":2,"times":1,"score":5190,"totalScore":8280,"finalState":false,"active":false,"unvisitedChildren":246,"miniMaxValue":0.0}
{"stateId":280,"originShotId":26184,"birdIndex":3,"times":1,"score":5780,"totalScore":14060,"finalState":false,"active":false,"unvisitedChildren":46,"miniMaxValue":0.0}
{"stateId":281,"originShotId":26304,"birdIndex":4,"times":1,"score":0,"totalScore":14060,"finalState":true,"active":false,"unvisitedChildren":0,"miniMaxValue":0.0}
{"stateId":282,"originShotId":24254,"birdIndex":1,"times":1,"score":2640,"totalScore":2640,"finalState":false,"active":false,"unvisitedChildren":427,"miniMaxValue":0.0}
{"stateId":283,"originShotId":26364,"birdIndex":2,"times":1,"score":2890,"totalScore":5530,"finalState":false,"active":false,"unvisitedChildren":260,"miniMaxValue":0.0}
{"stateId":284,"originShotId":26614,"birdIndex":3,"times":1,"score":3380,"totalScore":8910,"finalState":false,"active":false,"unvisitedChildren":63,"miniMaxValue":0.0}
{"stateId":285,"originShotId":26712,"birdIndex":4,"times":1,"score":0,"totalScore":8910,"finalState":true,"active":false,"unvisitedChildren":0,"miniMaxValue":0.0}
{"stateId":286,"originShotId":24117,"birdIndex":1,"times":1,"score":3280,"totalScore":3280,"finalState":false,"active":false,"unvisitedChildren":386,"miniMaxValue":0.0}
{"stateId":287,"originShotId":26804,"birdIndex":2,"times":1,"score":5700,"totalScore":8980,"finalState":false,"active":false,"unvisitedChildren":192,"miniMaxValue":0.0}
{"stateId":288,"originShotId":26991,"birdIndex":3,"times":1,"score":5920,"totalScore":14900,"finalState":false,"active":false,"unvisitedChildren":43,"miniMaxValue":0.0}
{"stateId":289,"originShotId":27144,"birdIndex":4,"times":1,"score":0,"totalScore":14900,"finalState":true,"active":false,"unvisitedChildren":0,"miniMaxValue":0.0}
{"stateId":290,"originShotId":24144,"birdIndex":1,"times":1,"score":2870,"totalScore":2870,"finalState":false,"active":false,"unvisitedChildren":446,"miniMaxValue":0.0}
{"stateId":291,"originShotId":27200,"birdIndex":2,"times":1,"score":3080,"totalScore":5950,"finalState":false,"active":false,"unvisitedChildren":234,"miniMaxValue":0.0}
{"stateId":36,"originShotId":118,"birdIndex":1,"times":3,"score":6555,"totalScore":6555,"finalState":false,"active":true,"unvisitedChildren":395,"miniMaxValue":32310.0}
{"stateId":292,"originShotId":27448,"birdIndex":3,"times":1,"score":4260,"totalScore":10210,"finalState":false,"active":false,"unvisitedChildren":58,"miniMaxValue":0.0}
{"stateId":37,"originShotId":3861,"birdIndex":0,"times":1,"score":5120,"totalScore":11690,"finalState":false,"active":false,"unvisitedChildren":232,"miniMaxValue":0.0}
{"stateId":293,"originShotId":27572,"birdIndex":4,"times":1,"score":0,"totalScore":10210,"finalState":true,"active":false,"unvisitedChildren":0,"miniMaxValue":0.0}
{"stateId":38,"originShotId":4169,"birdIndex":0,"times":1,"score":5680,"totalScore":17370,"finalState":false,"active":false,"unvisitedChildren":50,"miniMaxValue":0.0}
{"stateId":294,"originShotId":24169,"birdIndex":1,"times":1,"score":4090,"totalScore":4090,"finalState":false,"active":false,"unvisitedChildren":182,"miniMaxValue":31180.0}
{"stateId":39,"originShotId":4235,"birdIndex":0,"times":1,"score":0,"totalScore":17370,"finalState":true,"active":false,"unvisitedChildren":0,"miniMaxValue":0.0}
{"stateId":295,"originShotId":27649,"birdIndex":2,"times":1,"score":31180,"totalScore":35270,"finalState":true,"active":false,"unvisitedChildren":0,"miniMaxValue":31180.0}
{"stateId":40,"originShotId":91,"birdIndex":0,"times":1,"score":5740,"totalScore":5740,"finalState":false,"active":false,"unvisitedChildren":478,"miniMaxValue":0.0}
{"stateId":296,"originShotId":24116,"birdIndex":1,"times":1,"score":3390,"totalScore":3390,"finalState":false,"active":false,"unvisitedChildren":71,"miniMaxValue":31630.0}
{"stateId":41,"originShotId":4462,"birdIndex":0,"times":1,"score":3430,"totalScore":9170,"finalState":false,"active":false,"unvisitedChildren":155,"miniMaxValue":0.0}
{"stateId":297,"originShotId":27807,"birdIndex":2,"times":1,"score":31630,"totalScore":35020,"finalState":true,"active":false,"unvisitedChildren":0,"miniMaxValue":31630.0}
{"stateId":42,"originShotId":4690,"birdIndex":0,"times":1,"score":2770,"totalScore":11940,"finalState":false,"active":false,"unvisitedChildren":39,"miniMaxValue":0.0}
{"stateId":298,"originShotId":16333,"birdIndex":2,"times":1,"score":4050,"totalScore":9280,"finalState":false,"active":false,"unvisitedChildren":170,"miniMaxValue":21220.0}
{"stateId":43,"originShotId":4715,"birdIndex":0,"times":1,"score":0,"totalScore":11940,"finalState":true,"active":false,"unvisitedChildren":0,"miniMaxValue":0.0}
{"stateId":299,"originShotId":28036,"birdIndex":3,"times":1,"score":21220,"totalScore":30500,"finalState":true,"active":false,"unvisitedChildren":0,"miniMaxValue":21220.0}
{"stateId":300,"originShotId":3942,"birdIndex":2,"times":2,"score":32060,"totalScore":38600,"finalState":true,"active":true,"unvisitedChildren":0,"miniMaxValue":32310.0}
{"stateId":301,"originShotId":24232,"birdIndex":1,"times":1,"score":4340,"totalScore":4340,"finalState":false,"active":false,"unvisitedChildren":293,"miniMaxValue":0.0}
{"stateId":302,"originShotId":28058,"birdIndex":2,"times":1,"score":4160,"totalScore":8500,"finalState":false,"active":false,"unvisitedChildren":171,"miniMaxValue":0.0}
{"stateId":303,"originShotId":28166,"birdIndex":3,"times":1,"score":4640,"totalScore":13140,"finalState":false,"active":false,"unvisitedChildren":55,"miniMaxValue":0.0}
{"stateId":304,"originShotId":28309,"birdIndex":4,"times":1,"score":0,"totalScore":13140,"finalState":true,"active":false,"unvisitedChildren":0,"miniMaxValue":0.0}
{"stateId":305,"originShotId":20115,"birdIndex":2,"times":1,"score":3020,"totalScore":6290,"finalState":false,"active":false,"unvisitedChildren":162,"miniMaxValue":0.0}
{"stateId":306,"originShotId":28372,"birdIndex":3,"times":1,"score":5260,"totalScore":11550,"finalState":false,"active":false,"unvisitedChildren":61,"miniMaxValue":0.0}
{"stateId":307,"originShotId":28460,"birdIndex":4,"times":1,"score":0,"totalScore":11550,"finalState":true,"active":false,"unvisitedChildren":0,"miniMaxValue":0.0}
{"stateId":308,"originShotId":24155,"birdIndex":1,"times":2,"score":4025,"totalScore":4025,"finalState":false,"active":false,"unvisitedChildren":607,"miniMaxValue":0.0}
{"stateId":309,"originShotId":28658,"birdIndex":2,"times":1,"score":2920,"totalScore":6950,"finalState":false,"active":false,"unvisitedChildren":218,"miniMaxValue":0.0}
{"stateId":310,"originShotId":28769,"birdIndex":3,"times":1,"score":4350,"totalScore":11300,"finalState":false,"active":false,"unvisitedChildren":57,"miniMaxValue":0.0}
{"stateId":311,"originShotId":28881,"birdIndex":4,"times":1,"score":0,"totalScore":11300,"finalState":true,"active":false,"unvisitedChildren":0,"miniMaxValue":0.0}
{"stateId":312,"originShotId":24195,"birdIndex":1,"times":2,"score":4480,"totalScore":4480,"finalState":false,"active":false,"unvisitedChildren":392,"miniMaxValue":30460.0}
{"stateId":313,"originShotId":28932,"birdIndex":2,"times":1,"score":30460,"totalScore":35000,"finalState":true,"active":false,"unvisitedChildren":0,"miniMaxValue":30460.0}
{"stateId":314,"originShotId":24230,"birdIndex":1,"times":1,"score":4790,"totalScore":4790,"finalState":false,"active":false,"unvisitedChildren":349,"miniMaxValue":21160.0}
{"stateId":315,"originShotId":29161,"birdIndex":2,"times":1,"score":5050,"totalScore":9840,"finalState":false,"active":false,"unvisitedChildren":206,"miniMaxValue":21160.0}
{"stateId":316,"originShotId":29343,"birdIndex":3,"times":1,"score":21160,"totalScore":31000,"finalState":true,"active":false,"unvisitedChildren":0,"miniMaxValue":21160.0}
{"stateId":317,"originShotId":24255,"birdIndex":1,"times":1,"score":1270,"totalScore":1270,"finalState":false,"active":false,"unvisitedChildren":380,"miniMaxValue":0.0}
{"stateId":318,"originShotId":29471,"birdIndex":2,"times":1,"score":5640,"totalScore":6910,"finalState":false,"active":false,"unvisitedChildren":204,"miniMaxValue":0.0}
{"stateId":319,"originShotId":29635,"birdIndex":3,"times":1,"score":8280,"totalScore":15190,"finalState":false,"active":false,"unvisitedChildren":61,"miniMaxValue":0.0}
{"stateId":64,"originShotId":83,"birdIndex":0,"times":1,"score":4170,"totalScore":4170,"finalState":false,"active":false,"unvisitedChildren":218,"miniMaxValue":31450.0}
{"stateId":320,"originShotId":29752,"birdIndex":4,"times":1,"score":0,"totalScore":15190,"finalState":true,"active":false,"unvisitedChildren":0,"miniMaxValue":0.0}
{"stateId":65,"originShotId":6639,"birdIndex":0,"times":1,"score":31450,"totalScore":35620,"finalState":true,"active":false,"unvisitedChildren":0,"miniMaxValue":31450.0}
{"stateId":321,"originShotId":10647,"birdIndex":2,"times":1,"score":0,"totalScore":4640,"finalState":false,"active":false,"unvisitedChildren":213,"miniMaxValue":0.0}
{"stateId":322,"originShotId":29818,"birdIndex":3,"times":1,"score":7160,"totalScore":11800,"finalState":false,"active":false,"unvisitedChildren":55,"miniMaxValue":0.0}
{"stateId":323,"originShotId":29982,"birdIndex":4,"times":1,"score":0,"totalScore":11800,"finalState":true,"active":false,"unvisitedChildren":0,"miniMaxValue":0.0}
{"stateId":324,"originShotId":24244,"birdIndex":1,"times":1,"score":2460,"totalScore":2460,"finalState":false,"active":false,"unvisitedChildren":349,"miniMaxValue":21050.0}
{"stateId":325,"originShotId":30075,"birdIndex":2,"times":1,"score":3280,"totalScore":5740,"finalState":false,"active":false,"unvisitedChildren":182,"miniMaxValue":21050.0}
{"stateId":326,"originShotId":30229,"birdIndex":3,"times":1,"score":21050,"totalScore":26790,"finalState":true,"active":false,"unvisitedChildren":0,"miniMaxValue":21050.0}
{"stateId":327,"originShotId":15864,"birdIndex":2,"times":1,"score":3040,"totalScore":7440,"finalState":false,"active":false,"unvisitedChildren":245,"miniMaxValue":21600.0}
{"stateId":328,"originShotId":30475,"birdIndex":3,"times":1,"score":21600,"totalScore":29040,"finalState":true,"active":false,"unvisitedChildren":0,"miniMaxValue":21600.0}
{"stateId":329,"originShotId":24146,"birdIndex":1,"times":1,"score":4590,"totalScore":4590,"finalState":false,"active":false,"unvisitedChildren":158,"miniMaxValue":30230.0}
{"stateId":330,"originShotId":30708,"birdIndex":2,"times":1,"score":30230,"totalScore":34820,"finalState":true,"active":false,"unvisitedChildren":0,"miniMaxValue":30230.0}
{"stateId":331,"originShotId":24202,"birdIndex":1,"times":1,"score":2810,"totalScore":2810,"finalState":false,"active":false,"unvisitedChildren":402,"miniMaxValue":0.0}
{"stateId":332,"originShotId":30918,"birdIndex":2,"times":1,"score":2930,"totalScore":5740,"finalState":false,"active":false,"unvisitedChildren":193,"miniMaxValue":0.0}
{"stateId":333,"originShotId":30996,"birdIndex":3,"times":1,"score":3790,"totalScore":9530,"finalState":false,"active":false,"unvisitedChildren":38,"miniMaxValue":0.0}
{"stateId":78,"originShotId":49,"birdIndex":0,"times":1,"score":4880,"totalScore":4880,"finalState":false,"active":false,"unvisitedChildren":130,"miniMaxValue":0.0}
{"stateId":334,"originShotId":31134,"birdIndex":4,"times":1,"score":0,"totalScore":9530,"finalState":true,"active":false,"unvisitedChildren":0,"miniMaxValue":0.0}
{"stateId":79,"originShotId":8083,"birdIndex":0,"times":1,"score":3860,"totalScore":8740,"finalState":false,"active":false,"unvisitedChildren":92,"miniMaxValue":0.0}
{"stateId":335,"originShotId":24162,"birdIndex":1,"times":1,"score":4510,"totalScore":4510,"finalState":false,"active":false,"unvisitedChildren":179,"miniMaxValue":30680.0}
{"stateId":80,"originShotId":8124,"birdIndex":0,"times":1,"score":4550,"totalScore":13290,"finalState":false,"active":false,"unvisitedChildren":24,"miniMaxValue":0.0}
{"stateId":336,"originShotId":31227,"birdIndex":2,"times":1,"score":30680,"totalScore":35190,"finalState":true,"active":false,"unvisitedChildren":0,"miniMaxValue":30680.0}
{"stateId":81,"originShotId":8189,"birdIndex":0,"times":1,"score":0,"totalScore":13290,"finalState":true,"active":false,"unvisitedChildren":0,"miniMaxValue":0.0}
{"stateId":337,"originShotId":28916,"birdIndex":2,"times":1,"score":5780,"totalScore":10200,"finalState":false,"active":false,"unvisitedChildren":217,"miniMaxValue":0.0}
{"stateId":338,"originShotId":31362,"birdIndex":3,"times":1,"score":3880,"totalScore":14080,"finalState":false,"active":false,"unvisitedChildren":65,"miniMaxValue":0.0}
{"stateId":339,"originShotId":31519,"birdIndex":4,"times":1,"score":0,"totalScore":14080,"finalState":true,"active":false,"unvisitedChildren":0,"miniMaxValue":0.0}
{"stateId":340,"originShotId":24251,"birdIndex":1,"times":1,"score":2960,"totalScore":2960,"finalState":false,"active":false,"unvisitedChildren":146,"miniMaxValue":0.0}
{"stateId":341,"originShotId":31583,"birdIndex":2,"times":1,"score":4740,"totalScore":7700,"finalState":false,"active":false,"unvisitedChildren":108,"miniMaxValue":0.0}
{"stateId":342,"originShotId":31613,"birdIndex":3,"times":1,"score":4350,"totalScore":12050,"finalState":false,"active":false,"unvisitedChildren":61,"miniMaxValue":0.0}
{"stateId":343,"originShotId":31701,"birdIndex":4,"times":1,"score":0,"totalScore":12050,"finalState":true,"active":false,"unvisitedChildren":0,"miniMaxValue":0.0}
{"stateId":344,"originShotId":28541,"birdIndex":2,"times":1,"score":2840,"totalScore":6860,"finalState":false,"active":false,"unvisitedChildren":226,"miniMaxValue":0.0}
{"stateId":345,"originShotId":31735,"birdIndex":3,"times":1,"score":2960,"totalScore":9820,"finalState":false,"active":false,"unvisitedChildren":53,"miniMaxValue":0.0}
{"stateId":346,"originShotId":31922,"birdIndex":4,"times":1,"score":0,"totalScore":9820,"finalState":true,"active":false,"unvisitedChildren":0,"miniMaxValue":0.0}
{"stateId":347,"originShotId":24197,"birdIndex":1,"times":1,"score":4130,"totalScore":4130,"finalState":false,"active":false,"unvisitedChildren":130,"miniMaxValue":22610.0}
{"stateId":348,"originShotId":32006,"birdIndex":2,"times":1,"score":5860,"totalScore":9990,"finalState":false,"active":false,"unvisitedChildren":65,"miniMaxValue":22610.0}
{"stateId":349,"originShotId":32030,"birdIndex":3,"times":1,"score":22610,"totalScore":32600,"finalState":true,"active":false,"unvisitedChildren":0,"miniMaxValue":22610.0}
{"stateId":350,"originShotId":24124,"birdIndex":1,"times":1,"score":3700,"totalScore":3700,"finalState":false,"active":false,"unvisitedChildren":419,"miniMaxValue":0.0}
{"stateId":351,"originShotId":32213,"birdIndex":2,"times":1,"score":2930,"totalScore":6630,"finalState":false,"active":false,"unvisitedChildren":228,"miniMaxValue":0.0}
{"stateId":96,"originShotId":110,"birdIndex":0,"times":1,"score":3700,"totalScore":3700,"finalState":false,"active":false,"unvisitedChildren":316,"miniMaxValue":0.0}
{"stateId":352,"originShotId":32309,"birdIndex":3,"times":1,"score":4640,"totalScore":11270,"finalState":false,"active":false,"unvisitedChildren":58,"miniMaxValue":0.0}
{"stateId":97,"originShotId":9604,"birdIndex":0,"times":1,"score":6020,"totalScore":9720,"finalState":false,"active":false,"unvisitedChildren":182,"miniMaxValue":0.0}
{"stateId":353,"originShotId":32480,"birdIndex":4,"times":1,"score":0,"totalScore":11270,"finalState":true,"active":false,"unvisitedChildren":0,"miniMaxValue":0.0}
{"stateId":98,"originShotId":9744,"birdIndex":0,"times":1,"score":5160,"totalScore":14880,"finalState":false,"active":false,"unvisitedChildren":51,"miniMaxValue":0.0}
{"stateId":99,"originShotId":9786,"birdIndex":0,"times":1,"score":0,"totalScore":14880,"finalState":true,"active":false,"unvisitedChildren":0,"miniMaxValue":0.0}
{"stateId":100,"originShotId":88,"birdIndex":0,"times":1,"score":2990,"totalScore":2990,"finalState":false,"active":false,"unvisitedChildren":403,"miniMaxValue":0.0}
{"stateId":101,"originShotId":10016,"birdIndex":0,"times":1,"score":5370,"totalScore":8360,"finalState":false,"active":false,"unvisitedChildren":179,"miniMaxValue":0.0}
{"stateId":102,"originShotId":10185,"birdIndex":0,"times":1,"score":0,"totalScore":8360,"finalState":true,"active":false,"unvisitedChildren":0,"miniMaxValue":0.0}
{"stateId":106,"originShotId":58,"birdIndex":1,"times":2,"score":4640,"totalScore":4640,"finalState":false,"active":false,"unvisitedChildren":684,"miniMaxValue":22590.0}
{"stateId":107,"originShotId":10873,"birdIndex":0,"times":1,"score":2780,"totalScore":7420,"finalState":false,"active":false,"unvisitedChildren":158,"miniMaxValue":22590.0}
{"stateId":108,"originShotId":11022,"birdIndex":0,"times":1,"score":22590,"totalScore":30010,"finalState":true,"active":false,"unvisitedChildren":0,"miniMaxValue":22590.0}
{"stateId":109,"originShotId":66,"birdIndex":0,"times":1,"score":2220,"totalScore":2220,"finalState":false,"active":false,"unvisitedChildren":274,"miniMaxValue":21860.0}
{"stateId":110,"originShotId":11140,"birdIndex":0,"times":1,"score":2930,"totalScore":5150,"finalState":false,"active":false,"unvisitedChildren":95,"miniMaxValue":21860.0}
{"stateId":111,"originShotId":11310,"birdIndex":0,"times":1,"score":21860,"totalScore":27010,"finalState":true,"active":false,"unvisitedChildren":0,"miniMaxValue":21860.0}
{"stateId":114,"originShotId":90,"birdIndex":0,"times":1,"score":3390,"totalScore":3390,"finalState":false,"active":false,"unvisitedChildren":218,"miniMaxValue":0.0}
{"stateId":115,"originShotId":11513,"birdIndex":0,"times":1,"score":5620,"totalScore":9010,"finalState":false,"active":false,"unvisitedChildren":162,"miniMaxValue":0.0}
{"stateId":116,"originShotId":11591,"birdIndex":0,"times":1,"score":5940,"totalScore":14950,"finalState":false,"active":false,"unvisitedChildren":67,"miniMaxValue":0.0}
{"stateId":117,"originShotId":11725,"birdIndex":0,"times":1,"score":0,"totalScore":14950,"finalState":true,"active":false,"unvisitedChildren":0,"miniMaxValue":0.0}
{"stateId":156,"originShotId":112,"birdIndex":0,"times":1,"score":4980,"totalScore":4980,"finalState":false,"active":false,"unvisitedChildren":348,"miniMaxValue":0.0}
{"stateId":157,"originShotId":14777,"birdIndex":0,"times":1,"score":5040,"totalScore":10020,"finalState":false,"active":false,"unvisitedChildren":187,"miniMaxValue":0.0}
{"stateId":158,"originShotId":14990,"birdIndex":0,"times":1,"score":2940,"totalScore":12960,"finalState":false,"active":false,"unvisitedChildren":41,"miniMaxValue":0.0}
{"stateId":159,"originShotId":15092,"birdIndex":0,"times":1,"score":0,"totalScore":12960,"finalState":true,"active":false,"unvisitedChildren":0,"miniMaxValue":0.0}
{"stateId":164,"originShotId":100,"birdIndex":0,"times":7,"score":3318,"totalScore":3318,"finalState":false,"active":false,"unvisitedChildren":427,"miniMaxValue":27757.145}
{"stateId":165,"originShotId":15596,"birdIndex":0,"times":5,"score":32156,"totalScore":35465,"finalState":true,"active":false,"unvisitedChildren":0,"miniMaxValue":32156.0}
{"stateId":169,"originShotId":67,"birdIndex":1,"times":2,"score":4400,"totalScore":4400,"finalState":false,"active":false,"unvisitedChildren":370,"miniMaxValue":21600.0}
{"stateId":170,"originShotId":15863,"birdIndex":0,"times":1,"score":3030,"totalScore":7430,"finalState":false,"active":false,"unvisitedChildren":100,"miniMaxValue":0.0}
{"stateId":171,"originShotId":15890,"birdIndex":0,"times":1,"score":4120,"totalScore":11550,"finalState":false,"active":false,"unvisitedChildren":38,"miniMaxValue":0.0}
{"stateId":172,"originShotId":15968,"birdIndex":0,"times":1,"score":0,"totalScore":11550,"finalState":true,"active":false,"unvisitedChildren":0,"miniMaxValue":0.0}
{"stateId":177,"originShotId":126,"birdIndex":1,"times":2,"score":4925,"totalScore":4925,"finalState":false,"active":false,"unvisitedChildren":473,"miniMaxValue":21720.0}
{"stateId":178,"originShotId":16387,"birdIndex":0,"times":1,"score":4810,"totalScore":9430,"finalState":false,"active":false,"unvisitedChildren":128,"miniMaxValue":21720.0}
{"stateId":179,"originShotId":16508,"birdIndex":0,"times":1,"score":21720,"totalScore":31150,"finalState":true,"active":false,"unvisitedChildren":0,"miniMaxValue":21720.0}
{"stateId":180,"originShotId":121,"birdIndex":1,"times":2,"score":3225,"totalScore":3225,"finalState":false,"active":false,"unvisitedChildren":884,"miniMaxValue":0.0}
{"stateId":181,"originShotId":16701,"birdIndex":0,"times":1,"score":2120,"totalScore":5270,"finalState":false,"active":false,"unvisitedChildren":278,"miniMaxValue":0.0}
{"stateId":182,"originShotId":17021,"birdIndex":0,"times":1,"score":3810,"totalScore":9080,"finalState":false,"active":false,"unvisitedChildren":66,"miniMaxValue":0.0}
{"stateId":183,"originShotId":17218,"birdIndex":0,"times":1,"score":0,"totalScore":9080,"finalState":true,"active":false,"unvisitedChildren":0,"miniMaxValue":0.0}
{"stateId":193,"originShotId":89,"birdIndex":0,"times":4,"score":3003,"totalScore":3003,"finalState":false,"active":false,"unvisitedChildren":347,"miniMaxValue":24105.0}
{"stateId":194,"originShotId":18357,"birdIndex":0,"times":2,"score":31845,"totalScore":34890,"finalState":true,"active":false,"unvisitedChildren":0,"miniMaxValue":31845.0}
{"stateId":213,"originShotId":57,"birdIndex":1,"times":2,"score":3270,"totalScore":3270,"finalState":false,"active":false,"unvisitedChildren":510,"miniMaxValue":0.0}
{"stateId":214,"originShotId":20120,"birdIndex":0,"times":1,"score":0,"totalScore":3270,"finalState":false,"active":false,"unvisitedChildren":188,"miniMaxValue":0.0}
{"stateId":215,"originShotId":20300,"birdIndex":0,"times":1,"score":3550,"totalScore":6820,"finalState":false,"active":false,"unvisitedChildren":63,"miniMaxValue":0.0}
{"stateId":216,"originShotId":20397,"birdIndex":0,"times":1,"score":0,"totalScore":6820,"finalState":true,"active":false,"unvisitedChildren":0,"miniMaxValue":0.0}
{"stateId":220,"originShotId":124,"birdIndex":0,"times":1,"score":6110,"totalScore":6110,"finalState":false,"active":false,"unvisitedChildren":373,"miniMaxValue":7210.0}
{"stateId":221,"originShotId":20728,"birdIndex":0,"times":1,"score":5590,"totalScore":11700,"finalState":false,"active":false,"unvisitedChildren":194,"miniMaxValue":7210.0}
{"stateId":222,"originShotId":20862,"birdIndex":0,"times":1,"score":3580,"totalScore":15280,"finalState":false,"active":false,"unvisitedChildren":51,"miniMaxValue":7210.0}
{"stateId":223,"originShotId":21034,"birdIndex":0,"times":1,"score":7210,"totalScore":22490,"finalState":true,"active":false,"unvisitedChildren":0,"miniMaxValue":7210.0}
