{"stateId":1,"originShotId":-1,"birdIndex":0,"times":0,"score":0,"totalScore":0,"finalState":false,"active":false,"unvisitedChildren":34472,"miniMaxValue":0.0}
{"stateId":38,"originShotId":4169,"birdIndex":0,"times":1,"score":5680,"totalScore":17370,"finalState":false,"active":false,"unvisitedChildren":50,"miniMaxValue":0.0}
{"stateId":39,"originShotId":4235,"birdIndex":0,"times":1,"score":0,"totalScore":17370,"finalState":true,"active":false,"unvisitedChildren":0,"miniMaxValue":0.0}
{"stateId":36,"originShotId":118,"birdIndex":1,"times":2,"score":6540,"totalScore":6540,"finalState":false,"active":false,"unvisitedChildren":395,"miniMaxValue":32310.0}
{"stateId":37,"originShotId":3861,"birdIndex":0,"times":1,"score":5120,"totalScore":11690,"finalState":false,"active":false,"unvisitedChildren":232,"miniMaxValue":0.0}
{"stateId":42,"originShotId":4690,"birdIndex":0,"times":1,"score":2770,"totalScore":11940,"finalState":false,"active":false,"unvisitedChildren":39,"miniMaxValue":0.0}
{"stateId":43,"originShotId":4715,"birdIndex":0,"times":1,"score":0,"totalScore":11940,"finalState":true,"active":false,"unvisitedChildren":0,"miniMaxValue":0.0}
{"stateId":40,"originShotId":91,"birdIndex":0,"times":1,"score":5740,"totalScore":5740,"finalState":false,"active":false,"unvisitedChildren":478,"miniMaxValue":0.0}
{"stateId":41,"originShotId":4462,"birdIndex":0,"times":1,"score":3430,"totalScore":9170,"finalState":false,"active":false,"unvisitedChildren":155,"miniMaxValue":0.0}
{"stateId":64,"originShotId":83,"birdIndex":1,"times":2,"score":4160,"totalScore":4160,"finalState":false,"active":false,"unvisitedChildren":373,"miniMaxValue":31450.0}
{"stateId":65,"originShotId":6639,"birdIndex":0,"times":1,"score":31450,"totalScore":35620,"finalState":true,"active":false,"unvisitedChildren":0,"miniMaxValue":31450.0}
{"stateId":78,"originShotId":49,"birdIndex":0,"times":1,"score":4880,"totalScore":4880,"finalState":false,"active":false,"unvisitedChildren":130,"miniMaxValue":0.0}
{"stateId":79,"originShotId":8083,"birdIndex":0,"times":1,"score":3860,"totalScore":8740,"finalState":false,"active":false,"unvisitedChildren":92,"miniMaxValue":0.0}
{"stateId":81,"originShotId":8189,"birdIndex":0,"times":1,"score":0,"totalScore":13290,"finalState":true,"active":false,"unvisitedChildren":0,"miniMaxValue":0.0}
{"stateId":80,"originShotId":8124,"birdIndex":0,"times":1,"score":4550,"totalScore":13290,"finalState":false,"active":false,"unvisitedChildren":24,"miniMaxValue":0.0}
{"stateId":102,"originShotId":10185,"birdIndex":0,"times":1,"score":0,"totalScore":8360,"finalState":true,"active":false,"unvisitedChildren":0,"miniMaxValue":0.0}
{"stateId":100,"originShotId":88,"birdIndex":1,"times":2,"score":2990,"totalScore":2990,"finalState":false,"active":false,"unvisitedChildren":694,"miniMaxValue":0.0}
{"stateId":101,"originShotId":10016,"birdIndex":0,"times":1,"score":5370,"totalScore":8360,"finalState":false,"active":false,"unvisitedChildren":179,"miniMaxValue":0.0}
{"stateId":98,"originShotId":9744,"birdIndex":0,"times":1,"score":5160,"totalScore":14880,"finalState":false,"active":false,"unvisitedChildren":51,"miniMaxValue":0.0}
{"stateId":99,"originShotId":9786,"birdIndex":0,"times":1,"score":0,"totalScore":14880,"finalState":true,"active":false,"unvisitedChildren":0,"miniMaxValue":0.0}
{"stateId":96,"originShotId":110,"birdIndex":1,"times":2,"score":3700,"totalScore":3700,"finalState":false,"active":false,"unvisitedChildren":535,"miniMaxValue":7020.0}
{"stateId":97,"originShotId":9604,"birdIndex":0,"times":1,"score":6020,"totalScore":9720,"finalState":false,"active":false,"unvisitedChildren":182,"miniMaxValue":0.0}
{"stateId":110,"originShotId":11140,"birdIndex":0,"times":1,"score":2930,"totalScore":5150,"finalState":false,"active":false,"unvisitedChildren":95,"miniMaxValue":21860.0}
{"stateId":111,"originShotId":11310,"birdIndex":0,"times":1,"score":21860,"totalScore":27010,"finalState":true,"active":false,"unvisitedChildren":0,"miniMaxValue":21860.0}
{"stateId":108,"originShotId":11022,"birdIndex":0,"times":1,"score":22590,"totalScore":30010,"finalState":true,"active":false,"unvisitedChildren":0,"miniMaxValue":22590.0}
{"stateId":109,"originShotId":66,"birdIndex":1,"times":2,"score":2220,"totalScore":2220,"finalState":false,"active":false,"unvisitedChildren":521,"miniMaxValue":21860.0}
{"stateId":106,"originShotId":58,"birdIndex":1,"times":2,"score":4640,"totalScore":4640,"finalState":false,"active":false,"unvisitedChildren":684,"miniMaxValue":22590.0}
{"stateId":107,"originShotId":10873,"birdIndex":0,"times":1,"score":2780,"totalScore":7420,"finalState":false,"active":false,"unvisitedChildren":158,"miniMaxValue":22590.0}
{"stateId":117,"originShotId":11725,"birdIndex":0,"times":1,"score":0,"totalScore":14950,"finalState":true,"active":false,"unvisitedChildren":0,"miniMaxValue":0.0}
{"stateId":116,"originShotId":11591,"birdIndex":0,"times":1,"score":5940,"totalScore":14950,"finalState":false,"active":false,"unvisitedChildren":67,"miniMaxValue":0.0}
{"stateId":115,"originShotId":11513,"birdIndex":0,"times":1,"score":5620,"totalScore":9010,"finalState":false,"active":false,"unvisitedChildren":162,"miniMaxValue":0.0}
{"stateId":114,"originShotId":90,"birdIndex":1,"times":2,"score":3755,"totalScore":3755,"finalState":false,"active":false,"unvisitedChildren":548,"miniMaxValue":0.0}
{"stateId":156,"originShotId":112,"birdIndex":1,"times":2,"score":4725,"totalScore":4725,"finalState":false,"active":false,"unvisitedChildren":536,"miniMaxValue":0.0}
{"stateId":157,"originShotId":14777,"birdIndex":0,"times":1,"score":5040,"totalScore":10020,"finalState":false,"active":false,"unvisitedChildren":187,"miniMaxValue":0.0}
{"stateId":158,"originShotId":14990,"birdIndex":0,"times":1,"score":2940,"totalScore":12960,"finalState":false,"active":false,"unvisitedChildren":41,"miniMaxValue":0.0}
{"stateId":159,"originShotId":15092,"birdIndex":0,"times":1,"score":0,"totalScore":12960,"finalState":true,"active":false,"unvisitedChildren":0,"miniMaxValue":0.0}
{"stateId":171,"originShotId":15890,"birdIndex":0,"times":1,"score":4120,"totalScore":11550,"finalState":false,"active":false,"unvisitedChildren":38,"miniMaxValue":0.0}
{"stateId":170,"originShotId":15863,"birdIndex":0,"times":1,"score":3030,"totalScore":7430,"finalState":false,"active":false,"unvisitedChildren":100,"miniMaxValue":0.0}
{"stateId":169,"originShotId":67,"birdIndex":1,"times":3,"score":4400,"totalScore":4400,"finalState":false,"active":false,"unvisitedChildren":369,"miniMaxValue":22620.0}
{"stateId":172,"originShotId":15968,"birdIndex":0,"times":1,"score":0,"totalScore":11550,"finalState":true,"active":false,"unvisitedChildren":0,"miniMaxValue":0.0}
{"stateId":165,"originShotId":15596,"birdIndex":0,"times":5,"score":32156,"totalScore":35465,"finalState":true,"active":false,"unvisitedChildren":0,"miniMaxValue":32156.0}
{"stateId":164,"originShotId":100,"birdIndex":0,"times":7,"score":3318,"totalScore":3318,"finalState":false,"active":false,"unvisitedChildren":427,"miniMaxValue":27757.145}
{"stateId":178,"originShotId":16387,"birdIndex":0,"times":1,"score":4810,"totalScore":9430,"finalState":false,"active":false,"unvisitedChildren":128,"miniMaxValue":21720.0}
{"stateId":179,"originShotId":16508,"birdIndex":0,"times":1,"score":21720,"totalScore":31150,"finalState":true,"active":false,"unvisitedChildren":0,"miniMaxValue":21720.0}
{"stateId":177,"originShotId":126,"birdIndex":1,"times":3,"score":4992,"totalScore":4992,"finalState":false,"active":false,"unvisitedChildren":627,"miniMaxValue":21720.0}
{"stateId":182,"originShotId":17021,"birdIndex":0,"times":1,"score":3810,"totalScore":9080,"finalState":false,"active":false,"unvisitedChildren":66,"miniMaxValue":0.0}
{"stateId":183,"originShotId":17218,"birdIndex":0,"times":1,"score":0,"totalScore":9080,"finalState":true,"active":false,"unvisitedChildren":0,"miniMaxValue":0.0}
{"stateId":180,"originShotId":121,"birdIndex":1,"times":2,"score":3225,"totalScore":3225,"finalState":false,"active":false,"unvisitedChildren":884,"miniMaxValue":0.0}
{"stateId":181,"originShotId":16701,"birdIndex":0,"times":1,"score":2120,"totalScore":5270,"finalState":false,"active":false,"unvisitedChildren":278,"miniMaxValue":0.0}
{"stateId":193,"originShotId":89,"birdIndex":0,"times":4,"score":3003,"totalScore":3003,"finalState":false,"active":false,"unvisitedChildren":347,"miniMaxValue":24105.0}
{"stateId":194,"originShotId":18357,"birdIndex":0,"times":2,"score":31845,"totalScore":34890,"finalState":true,"active":false,"unvisitedChildren":0,"miniMaxValue":31845.0}
{"stateId":220,"originShotId":124,"birdIndex":1,"times":2,"score":6440,"totalScore":6440,"finalState":false,"active":false,"unvisitedChildren":558,"miniMaxValue":7210.0}
{"stateId":221,"originShotId":20728,"birdIndex":0,"times":1,"score":5590,"totalScore":11700,"finalState":false,"active":false,"unvisitedChildren":194,"miniMaxValue":7210.0}
{"stateId":222,"originShotId":20862,"birdIndex":0,"times":1,"score":3580,"totalScore":15280,"finalState":false,"active":false,"unvisitedChildren":51,"miniMaxValue":7210.0}
{"stateId":223,"originShotId":21034,"birdIndex":0,"times":1,"score":7210,"totalScore":22490,"finalState":true,"active":false,"unvisitedChildren":0,"miniMaxValue":7210.0}
{"stateId":216,"originShotId":20397,"birdIndex":0,"times":1,"score":0,"totalScore":6820,"finalState":true,"active":false,"unvisitedChildren":0,"miniMaxValue":0.0}
{"stateId":213,"originShotId":57,"birdIndex":1,"times":2,"score":3270,"totalScore":3270,"finalState":false,"active":false,"unvisitedChildren":510,"miniMaxValue":0.0}
{"stateId":214,"originShotId":20120,"birdIndex":0,"times":1,"score":0,"totalScore":3270,"finalState":false,"active":false,"unvisitedChildren":188,"miniMaxValue":0.0}
{"stateId":215,"originShotId":20300,"birdIndex":0,"times":1,"score":3550,"totalScore":6820,"finalState":false,"active":false,"unvisitedChildren":63,"miniMaxValue":0.0}
{"stateId":275,"originShotId":16833,"birdIndex":2,"times":1,"score":6680,"totalScore":9980,"finalState":false,"active":false,"unvisitedChildren":245,"miniMaxValue":0.0}
{"stateId":274,"originShotId":25663,"birdIndex":3,"times":1,"score":22060,"totalScore":32170,"finalState":true,"active":false,"unvisitedChildren":0,"miniMaxValue":22060.0}
{"stateId":273,"originShotId":25658,"birdIndex":2,"times":1,"score":5930,"totalScore":10110,"finalState":false,"active":false,"unvisitedChildren":8,"miniMaxValue":22060.0}
{"stateId":272,"originShotId":24125,"birdIndex":1,"times":2,"score":4180,"totalScore":4180,"finalState":false,"active":false,"unvisitedChildren":216,"miniMaxValue":22060.0}
{"stateId":279,"originShotId":25934,"birdIndex":2,"times":1,"score":5190,"totalScore":8280,"finalState":false,"active":false,"unvisitedChildren":246,"miniMaxValue":0.0}
{"stateId":278,"originShotId":24135,"birdIndex":1,"times":2,"score":3120,"totalScore":3120,"finalState":false,"active":false,"unvisitedChildren":662,"miniMaxValue":0.0}
{"stateId":277,"originShotId":25909,"birdIndex":4,"times":1,"score":0,"totalScore":11980,"finalState":true,"active":false,"unvisitedChildren":0,"miniMaxValue":0.0}
{"stateId":276,"originShotId":25854,"birdIndex":3,"times":1,"score":2000,"totalScore":11980,"finalState":false,"active":false,"unvisitedChildren":51,"miniMaxValue":0.0}
{"stateId":283,"originShotId":26364,"birdIndex":2,"times":1,"score":2890,"totalScore":5530,"finalState":false,"active":false,"unvisitedChildren":260,"miniMaxValue":0.0}
{"stateId":282,"originShotId":24254,"birdIndex":1,"times":1,"score":2640,"totalScore":2640,"finalState":false,"active":false,"unvisitedChildren":427,"miniMaxValue":0.0}
{"stateId":281,"originShotId":26304,"birdIndex":4,"times":1,"score":0,"totalScore":14060,"finalState":true,"active":false,"unvisitedChildren":0,"miniMaxValue":0.0}
{"stateId":280,"originShotId":26184,"birdIndex":3,"times":1,"score":5780,"totalScore":14060,"finalState":false,"active":false,"unvisitedChildren":46,"miniMaxValue":0.0}
{"stateId":287,"originShotId":26804,"birdIndex":2,"times":1,"score":5700,"totalScore":8980,"finalState":false,"active":false,"unvisitedChildren":192,"miniMaxValue":0.0}
{"stateId":286,"originShotId":24117,"birdIndex":1,"times":2,"score":3280,"totalScore":3280,"finalState":false,"active":false,"unvisitedChildren":632,"miniMaxValue":0.0}
{"stateId":285,"originShotId":26712,"birdIndex":4,"times":1,"score":0,"totalScore":8910,"finalState":true,"active":false,"unvisitedChildren":0,"miniMaxValue":0.0}
{"stateId":284,"originShotId":26614,"birdIndex":3,"times":1,"score":3380,"totalScore":8910,"finalState":false,"active":false,"unvisitedChildren":63,"miniMaxValue":0.0}
{"stateId":262,"originShotId":24910,"birdIndex":0,"times":1,"score":5470,"totalScore":17600,"finalState":false,"active":false,"unvisitedChildren":57,"miniMaxValue":0.0}
{"stateId":263,"originShotId":25041,"birdIndex":0,"times":1,"score":0,"totalScore":17600,"finalState":true,"active":false,"unvisitedChildren":0,"miniMaxValue":0.0}
{"stateId":260,"originShotId":15596,"birdIndex":0,"times":1,"score":33520,"totalScore":36810,"finalState":true,"active":false,"unvisitedChildren":0,"miniMaxValue":33520.0}
{"stateId":261,"originShotId":15596,"birdIndex":0,"times":1,"score":8800,"totalScore":12130,"finalState":false,"active":false,"unvisitedChildren":263,"miniMaxValue":0.0}
{"stateId":266,"originShotId":25088,"birdIndex":0,"times":1,"score":2630,"totalScore":10200,"finalState":false,"active":false,"unvisitedChildren":61,"miniMaxValue":0.0}
{"stateId":267,"originShotId":25271,"birdIndex":0,"times":1,"score":0,"totalScore":10200,"finalState":true,"active":false,"unvisitedChildren":0,"miniMaxValue":0.0}
{"stateId":264,"originShotId":18357,"birdIndex":0,"times":1,"score":32730,"totalScore":35720,"finalState":true,"active":false,"unvisitedChildren":0,"miniMaxValue":32730.0}
{"stateId":265,"originShotId":18357,"birdIndex":0,"times":1,"score":4580,"totalScore":7570,"finalState":false,"active":false,"unvisitedChildren":207,"miniMaxValue":0.0}
{"stateId":270,"originShotId":25583,"birdIndex":3,"times":1,"score":3560,"totalScore":11570,"finalState":false,"active":false,"unvisitedChildren":52,"miniMaxValue":7220.0}
{"stateId":271,"originShotId":25606,"birdIndex":4,"times":1,"score":7220,"totalScore":18790,"finalState":true,"active":false,"unvisitedChildren":0,"miniMaxValue":7220.0}
{"stateId":268,"originShotId":24231,"birdIndex":1,"times":1,"score":3980,"totalScore":3980,"finalState":false,"active":false,"unvisitedChildren":377,"miniMaxValue":7220.0}
{"stateId":269,"originShotId":25418,"birdIndex":2,"times":1,"score":4030,"totalScore":8010,"finalState":false,"active":false,"unvisitedChildren":222,"miniMaxValue":7220.0}
{"stateId":305,"originShotId":20115,"birdIndex":2,"times":1,"score":3020,"totalScore":6290,"finalState":false,"active":false,"unvisitedChildren":162,"miniMaxValue":0.0}
{"stateId":304,"originShotId":28309,"birdIndex":4,"times":1,"score":0,"totalScore":13140,"finalState":true,"active":false,"unvisitedChildren":0,"miniMaxValue":0.0}
{"stateId":307,"originShotId":28460,"birdIndex":4,"times":1,"score":0,"totalScore":11550,"finalState":true,"active":false,"unvisitedChildren":0,"miniMaxValue":0.0}
{"stateId":306,"originShotId":28372,"birdIndex":3,"times":1,"score":5260,"totalScore":11550,"finalState":false,"active":false,"unvisitedChildren":61,"miniMaxValue":0.0}
{"stateId":309,"originShotId":28658,"birdIndex":2,"times":1,"score":2920,"totalScore":6950,"finalState":false,"active":false,"unvisitedChildren":218,"miniMaxValue":0.0}
{"stateId":308,"originShotId":24155,"birdIndex":1,"times":2,"score":4025,"totalScore":4025,"finalState":false,"active":false,"unvisitedChildren":607,"miniMaxValue":0.0}
{"stateId":311,"originShotId":28881,"birdIndex":4,"times":1,"score":0,"totalScore":11300,"finalState":true,"active":false,"unvisitedChildren":0,"miniMaxValue":0.0}
{"stateId":310,"originShotId":28769,"birdIndex":3,"times":1,"score":4350,"totalScore":11300,"finalState":false,"active":false,"unvisitedChildren":57,"miniMaxValue":0.0}
{"stateId":313,"originShotId":28932,"birdIndex":2,"times":1,"score":30460,"totalScore":35000,"finalState":true,"active":false,"unvisitedChildren":0,"miniMaxValue":30460.0}
{"stateId":312,"originShotId":24195,"birdIndex":1,"times":2,"score":4480,"totalScore":4480,"finalState":false,"active":false,"unvisitedChildren":392,"miniMaxValue":30460.0}
{"stateId":315,"originShotId":29161,"birdIndex":2,"times":1,"score":5050,"totalScore":9840,"finalState":false,"active":false,"unvisitedChildren":206,"miniMaxValue":21160.0}
{"stateId":314,"originShotId":24230,"birdIndex":1,"times":1,"score":4790,"totalScore":4790,"finalState":false,"active":false,"unvisitedChildren":349,"miniMaxValue":21160.0}
{"stateId":317,"originShotId":24255,"birdIndex":1,"times":2,"score":1630,"totalScore":1630,"finalState":false,"active":false,"unvisitedChildren":596,"miniMaxValue":0.0}
{"stateId":316,"originShotId":29343,"birdIndex":3,"times":1,"score":21160,"totalScore":31000,"finalState":true,"active":false,"unvisitedChildren":0,"miniMaxValue":21160.0}
{"stateId":319,"originShotId":29635,"birdIndex":3,"times":1,"score":8280,"totalScore":15190,"finalState":false,"active":false,"unvisitedChildren":61,"miniMaxValue":0.0}
{"stateId":318,"originShotId":29471,"birdIndex":2,"times":1,"score":5640,"totalScore":6910,"finalState":false,"active":false,"unvisitedChildren":204,"miniMaxValue":0.0}
{"stateId":288,"originShotId":26991,"birdIndex":3,"times":1,"score":5920,"totalScore":14900,"finalState":false,"active":false,"unvisitedChildren":43,"miniMaxValue":0.0}
{"stateId":289,"originShotId":27144,"birdIndex":4,"times":1,"score":0,"totalScore":14900,"finalState":true,"active":false,"unvisitedChildren":0,"miniMaxValue":0.0}
{"stateId":290,"originShotId":24144,"birdIndex":1,"times":1,"score":2870,"totalScore":2870,"finalState":false,"active":false,"unvisitedChildren":446,"miniMaxValue":0.0}
{"stateId":291,"originShotId":27200,"birdIndex":2,"times":1,"score":3080,"totalScore":5950,"finalState":false,"active":false,"unvisitedChildren":234,"miniMaxValue":0.0}
{"stateId":292,"originShotId":27448,"birdIndex":3,"times":1,"score":4260,"totalScore":10210,"finalState":false,"active":false,"unvisitedChildren":58,"miniMaxValue":0.0}
{"stateId":293,"originShotId":27572,"birdIndex":4,"times":1,"score":0,"totalScore":10210,"finalState":true,"active":false,"unvisitedChildren":0,"miniMaxValue":0.0}
{"stateId":294,"originShotId":24169,"birdIndex":1,"times":2,"score":4125,"totalScore":4125,"finalState":false,"active":false,"unvisitedChildren":425,"miniMaxValue":31180.0}
{"stateId":295,"originShotId":27649,"birdIndex":2,"times":1,"score":31180,"totalScore":35270,"finalState":true,"active":false,"unvisitedChildren":0,"miniMaxValue":31180.0}
{"stateId":296,"originShotId":24116,"birdIndex":1,"times":2,"score":3390,"totalScore":3390,"finalState":false,"active":false,"unvisitedChildren":243,"miniMaxValue":31630.0}
{"stateId":297,"originShotId":27807,"birdIndex":2,"times":1,"score":31630,"totalScore":35020,"finalState":true,"active":false,"unvisitedChildren":0,"miniMaxValue":31630.0}
{"stateId":298,"originShotId":16333,"birdIndex":2,"times":1,"score":4050,"totalScore":9280,"finalState":false,"active":false,"unvisitedChildren":170,"miniMaxValue":21220.0}
{"stateId":299,"originShotId":28036,"birdIndex":3,"times":1,"score":21220,"totalScore":30500,"finalState":true,"active":false,"unvisitedChildren":0,"miniMaxValue":21220.0}
{"stateId":300,"originShotId":3942,"birdIndex":2,"times":1,"score":32310,"totalScore":38820,"finalState":true,"active":false,"unvisitedChildren":0,"miniMaxValue":32310.0}
{"stateId":301,"originShotId":24232,"birdIndex":1,"times":1,"score":4340,"totalScore":4340,"finalState":false,"active":false,"unvisitedChildren":293,"miniMaxValue":0.0}
{"stateId":302,"originShotId":28058,"birdIndex":2,"times":1,"score":4160,"totalScore":8500,"finalState":false,"active":false,"unvisitedChildren":171,"miniMaxValue":0.0}
{"stateId":303,"originShotId":28166,"birdIndex":3,"times":1,"score":4640,"totalScore":13140,"finalState":false,"active":false,"unvisitedChildren":55,"miniMaxValue":0.0}
{"stateId":343,"originShotId":31701,"birdIndex":4,"times":1,"score":0,"totalScore":12050,"finalState":true,"active":false,"unvisitedChildren":0,"miniMaxValue":0.0}
{"stateId":342,"originShotId":31613,"birdIndex":3,"times":1,"score":4350,"totalScore":12050,"finalState":false,"active":false,"unvisitedChildren":61,"miniMaxValue":0.0}
{"stateId":341,"originShotId":31583,"birdIndex":2,"times":1,"score":4740,"totalScore":7700,"finalState":false,"active":false,"unvisitedChildren":108,"miniMaxValue":0.0}
{"stateId":340,"originShotId":24251,"birdIndex":1,"times":1,"score":2960,"totalScore":2960,"finalState":false,"active":false,"unvisitedChildren":146,"miniMaxValue":0.0}
{"stateId":339,"originShotId":31519,"birdIndex":4,"times":1,"score":0,"totalScore":14080,"finalState":true,"active":false,"unvisitedChildren":0,"miniMaxValue":0.0}
{"stateId":338,"originShotId":31362,"birdIndex":3,"times":1,"score":3880,"totalScore":14080,"finalState":false,"active":false,"unvisitedChildren":65,"miniMaxValue":0.0}
{"stateId":337,"originShotId":28916,"birdIndex":2,"times":1,"score":5780,"totalScore":10200,"finalState":false,"active":false,"unvisitedChildren":217,"miniMaxValue":0.0}
{"stateId":336,"originShotId":31227,"birdIndex":2,"times":1,"score":30680,"totalScore":35190,"finalState":true,"active":false,"unvisitedChildren":0,"miniMaxValue":30680.0}
{"stateId":351,"originShotId":32213,"birdIndex":2,"times":1,"score":2930,"totalScore":6630,"finalState":false,"active":false,"unvisitedChildren":228,"miniMaxValue":0.0}
{"stateId":350,"originShotId":24124,"birdIndex":1,"times":1,"score":3700,"totalScore":3700,"finalState":false,"active":false,"unvisitedChildren":419,"miniMaxValue":0.0}
{"stateId":349,"originShotId":32030,"birdIndex":3,"times":1,"score":22610,"totalScore":32600,"finalState":true,"active":false,"unvisitedChildren":0,"miniMaxValue":22610.0}
{"stateId":348,"originShotId":32006,"birdIndex":2,"times":1,"score":5860,"totalScore":9990,"finalState":false,"active":false,"unvisitedChildren":65,"miniMaxValue":22610.0}
{"stateId":347,"originShotId":24197,"birdIndex":1,"times":2,"score":3815,"totalScore":3815,"finalState":false,"active":false,"unvisitedChildren":197,"miniMaxValue":22610.0}
{"stateId":346,"originShotId":31922,"birdIndex":4,"times":1,"score":0,"totalScore":9820,"finalState":true,"active":false,"unvisitedChildren":0,"miniMaxValue":0.0}
{"stateId":345,"originShotId":31735,"birdIndex":3,"times":1,"score":2960,"totalScore":9820,"finalState":false,"active":false,"unvisitedChildren":53,"miniMaxValue":0.0}
{"stateId":344,"originShotId":28541,"birdIndex":2,"times":1,"score":2840,"totalScore":6860,"finalState":false,"active":false,"unvisitedChildren":226,"miniMaxValue":0.0}
{"stateId":326,"originShotId":30229,"birdIndex":3,"times":1,"score":21050,"totalScore":26790,"finalState":true,"active":false,"unvisitedChildren":0,"miniMaxValue":21050.0}
{"stateId":327,"originShotId":15864,"birdIndex":2,"times":2,"score":3335,"totalScore":7735,"finalState":false,"active":false,"unvisitedChildren":244,"miniMaxValue":22620.0}
{"stateId":324,"originShotId":24244,"birdIndex":1,"times":2,"score":2460,"totalScore":2460,"finalState":false,"active":false,"unvisitedChildren":544,"miniMaxValue":21050.0}
{"stateId":325,"originShotId":30075,"birdIndex":2,"times":1,"score":3280,"totalScore":5740,"finalState":false,"active":false,"unvisitedChildren":182,"miniMaxValue":21050.0}
{"stateId":322,"originShotId":29818,"birdIndex":3,"times":1,"score":7160,"totalScore":11800,"finalState":false,"active":false,"unvisitedChildren":55,"miniMaxValue":0.0}
{"stateId":323,"originShotId":29982,"birdIndex":4,"times":1,"score":0,"totalScore":11800,"finalState":true,"active":false,"unvisitedChildren":0,"miniMaxValue":0.0}
{"stateId":320,"originShotId":29752,"birdIndex":4,"times":1,"score":0,"totalScore":15190,"finalState":true,"active":false,"unvisitedChildren":0,"miniMaxValue":0.0}
{"stateId":321,"originShotId":10647,"birdIndex":2,"times":1,"score":0,"totalScore":4640,"finalState":false,"active":false,"unvisitedChildren":213,"miniMaxValue":0.0}
{"stateId":334,"originShotId":31134,"birdIndex":4,"times":1,"score":0,"totalScore":9530,"finalState":true,"active":false,"unvisitedChildren":0,"miniMaxValue":0.0}
{"stateId":335,"originShotId":24162,"birdIndex":1,"times":3,"score":4540,"totalScore":4540,"finalState":false,"active":false,"unvisitedChildren":362,"miniMaxValue":30680.0}
{"stateId":332,"originShotId":30918,"birdIndex":2,"times":1,"score":2930,"totalScore":5740,"finalState":false,"active":false,"unvisitedChildren":193,"miniMaxValue":0.0}
{"stateId":333,"originShotId":30996,"birdIndex":3,"times":1,"score":3790,"totalScore":9530,"finalState":false,"active":false,"unvisitedChildren":38,"miniMaxValue":0.0}
{"stateId":330,"originShotId":30708,"birdIndex":2,"times":1,"score":30230,"totalScore":34820,"finalState":true,"active":false,"unvisitedChildren":0,"miniMaxValue":30230.0}
{"stateId":331,"originShotId":24202,"birdIndex":1,"times":1,"score":2810,"totalScore":2810,"finalState":false,"active":false,"unvisitedChildren":402,"miniMaxValue":0.0}
{"stateId":328,"originShotId":30475,"birdIndex":3,"times":1,"score":21600,"totalScore":29040,"finalState":true,"active":false,"unvisitedChildren":0,"miniMaxValue":21600.0}
{"stateId":329,"originShotId":24146,"birdIndex":1,"times":1,"score":4590,"totalScore":4590,"finalState":false,"active":false,"unvisitedChildren":158,"miniMaxValue":30230.0}
{"stateId":373,"originShotId":34137,"birdIndex":2,"times":1,"score":2820,"totalScore":7190,"finalState":false,"active":false,"unvisitedChildren":235,"miniMaxValue":0.0}
{"stateId":372,"originShotId":24163,"birdIndex":1,"times":3,"score":4367,"totalScore":4367,"finalState":false,"active":false,"unvisitedChildren":716,"miniMaxValue":21530.0}
{"stateId":375,"originShotId":34441,"birdIndex":4,"times":1,"score":0,"totalScore":10860,"finalState":true,"active":false,"unvisitedChildren":0,"miniMaxValue":0.0}
{"stateId":374,"originShotId":34406,"birdIndex":3,"times":1,"score":3670,"totalScore":10860,"finalState":false,"active":false,"unvisitedChildren":47,"miniMaxValue":0.0}
{"stateId":369,"originShotId":11509,"birdIndex":2,"times":1,"score":6410,"totalScore":10530,"finalState":false,"active":false,"unvisitedChildren":331,"miniMaxValue":0.0}
{"stateId":368,"originShotId":33672,"birdIndex":4,"times":1,"score":0,"totalScore":16660,"finalState":true,"active":false,"unvisitedChildren":0,"miniMaxValue":0.0}
{"stateId":371,"originShotId":34027,"birdIndex":4,"times":1,"score":0,"totalScore":12880,"finalState":true,"active":false,"unvisitedChildren":0,"miniMaxValue":0.0}
{"stateId":370,"originShotId":33797,"birdIndex":3,"times":1,"score":2350,"totalScore":12880,"finalState":false,"active":false,"unvisitedChildren":71,"miniMaxValue":0.0}
{"stateId":381,"originShotId":34960,"birdIndex":2,"times":1,"score":5600,"totalScore":8410,"finalState":false,"active":false,"unvisitedChildren":282,"miniMaxValue":0.0}
{"stateId":380,"originShotId":24147,"birdIndex":1,"times":1,"score":2810,"totalScore":2810,"finalState":false,"active":false,"unvisitedChildren":482,"miniMaxValue":0.0}
{"stateId":383,"originShotId":35348,"birdIndex":4,"times":1,"score":0,"totalScore":10550,"finalState":true,"active":false,"unvisitedChildren":0,"miniMaxValue":0.0}
{"stateId":382,"originShotId":35143,"birdIndex":3,"times":1,"score":2140,"totalScore":10550,"finalState":false,"active":false,"unvisitedChildren":49,"miniMaxValue":0.0}
{"stateId":377,"originShotId":34472,"birdIndex":2,"times":1,"score":2820,"totalScore":5450,"finalState":false,"active":false,"unvisitedChildren":235,"miniMaxValue":0.0}
{"stateId":376,"originShotId":24234,"birdIndex":1,"times":2,"score":2630,"totalScore":2630,"finalState":false,"active":false,"unvisitedChildren":607,"miniMaxValue":21840.0}
{"stateId":379,"originShotId":34861,"birdIndex":4,"times":1,"score":0,"totalScore":11840,"finalState":true,"active":false,"unvisitedChildren":0,"miniMaxValue":0.0}
{"stateId":378,"originShotId":34820,"birdIndex":3,"times":1,"score":6390,"totalScore":11840,"finalState":false,"active":false,"unvisitedChildren":56,"miniMaxValue":0.0}
{"stateId":356,"originShotId":32561,"birdIndex":4,"times":1,"score":0,"totalScore":14210,"finalState":true,"active":false,"unvisitedChildren":0,"miniMaxValue":0.0}
{"stateId":357,"originShotId":24118,"birdIndex":1,"times":1,"score":3760,"totalScore":3760,"finalState":false,"active":false,"unvisitedChildren":371,"miniMaxValue":0.0}
{"stateId":358,"originShotId":32607,"birdIndex":2,"times":1,"score":3170,"totalScore":6930,"finalState":false,"active":false,"unvisitedChildren":192,"miniMaxValue":0.0}
{"stateId":359,"originShotId":32783,"birdIndex":3,"times":1,"score":5540,"totalScore":12470,"finalState":false,"active":false,"unvisitedChildren":52,"miniMaxValue":0.0}
{"stateId":352,"originShotId":32309,"birdIndex":3,"times":1,"score":4640,"totalScore":11270,"finalState":false,"active":false,"unvisitedChildren":58,"miniMaxValue":0.0}
{"stateId":353,"originShotId":32480,"birdIndex":4,"times":1,"score":0,"totalScore":11270,"finalState":true,"active":false,"unvisitedChildren":0,"miniMaxValue":0.0}
{"stateId":354,"originShotId":32007,"birdIndex":2,"times":1,"score":5100,"totalScore":8600,"finalState":false,"active":false,"unvisitedChildren":68,"miniMaxValue":0.0}
{"stateId":355,"originShotId":32508,"birdIndex":3,"times":1,"score":5610,"totalScore":14210,"finalState":false,"active":false,"unvisitedChildren":15,"miniMaxValue":0.0}
{"stateId":364,"originShotId":33302,"birdIndex":4,"times":1,"score":0,"totalScore":11210,"finalState":true,"active":false,"unvisitedChildren":0,"miniMaxValue":0.0}
{"stateId":365,"originShotId":24120,"birdIndex":1,"times":2,"score":5060,"totalScore":5060,"finalState":false,"active":false,"unvisitedChildren":364,"miniMaxValue":31740.0}
{"stateId":366,"originShotId":33434,"birdIndex":2,"times":1,"score":5180,"totalScore":10480,"finalState":false,"active":false,"unvisitedChildren":210,"miniMaxValue":0.0}
{"stateId":367,"originShotId":33546,"birdIndex":3,"times":1,"score":6180,"totalScore":16660,"finalState":false,"active":false,"unvisitedChildren":43,"miniMaxValue":0.0}
{"stateId":360,"originShotId":32925,"birdIndex":4,"times":1,"score":0,"totalScore":12470,"finalState":true,"active":false,"unvisitedChildren":0,"miniMaxValue":0.0}
{"stateId":361,"originShotId":24121,"birdIndex":1,"times":2,"score":3870,"totalScore":3870,"finalState":false,"active":false,"unvisitedChildren":588,"miniMaxValue":0.0}
{"stateId":362,"originShotId":32986,"birdIndex":2,"times":1,"score":3130,"totalScore":7000,"finalState":false,"active":false,"unvisitedChildren":201,"miniMaxValue":0.0}
{"stateId":363,"originShotId":33176,"birdIndex":3,"times":1,"score":4210,"totalScore":11210,"finalState":false,"active":false,"unvisitedChildren":52,"miniMaxValue":0.0}
{"stateId":410,"originShotId":37588,"birdIndex":2,"times":1,"score":5950,"totalScore":10790,"finalState":false,"active":false,"unvisitedChildren":192,"miniMaxValue":0.0}
{"stateId":411,"originShotId":37701,"birdIndex":3,"times":1,"score":3690,"totalScore":14480,"finalState":false,"active":false,"unvisitedChildren":52,"miniMaxValue":0.0}
{"stateId":408,"originShotId":37475,"birdIndex":4,"times":1,"score":0,"totalScore":14200,"finalState":true,"active":false,"unvisitedChildren":0,"miniMaxValue":0.0}
{"stateId":409,"originShotId":24156,"birdIndex":1,"times":1,"score":4840,"totalScore":4840,"finalState":false,"active":false,"unvisitedChildren":362,"miniMaxValue":0.0}
{"stateId":414,"originShotId":38034,"birdIndex":2,"times":1,"score":4370,"totalScore":7810,"finalState":false,"active":false,"unvisitedChildren":149,"miniMaxValue":20190.0}
{"stateId":415,"originShotId":38117,"birdIndex":3,"times":1,"score":20190,"totalScore":28000,"finalState":true,"active":false,"unvisitedChildren":0,"miniMaxValue":20190.0}
{"stateId":412,"originShotId":37849,"birdIndex":4,"times":1,"score":0,"totalScore":14480,"finalState":true,"active":false,"unvisitedChildren":0,"miniMaxValue":0.0}
{"stateId":413,"originShotId":24139,"birdIndex":1,"times":2,"score":3780,"totalScore":3780,"finalState":false,"active":false,"unvisitedChildren":455,"miniMaxValue":20980.0}
{"stateId":402,"originShotId":24149,"birdIndex":1,"times":3,"score":2277,"totalScore":2277,"finalState":false,"active":false,"unvisitedChildren":979,"miniMaxValue":0.0}
{"stateId":403,"originShotId":36827,"birdIndex":2,"times":1,"score":2900,"totalScore":5020,"finalState":false,"active":false,"unvisitedChildren":242,"miniMaxValue":0.0}
{"stateId":400,"originShotId":36535,"birdIndex":2,"times":1,"score":3660,"totalScore":6660,"finalState":false,"active":false,"unvisitedChildren":149,"miniMaxValue":18300.0}
{"stateId":401,"originShotId":36728,"birdIndex":3,"times":1,"score":18300,"totalScore":24960,"finalState":true,"active":false,"unvisitedChildren":0,"miniMaxValue":18300.0}
{"stateId":406,"originShotId":32984,"birdIndex":2,"times":1,"score":6250,"totalScore":10120,"finalState":false,"active":false,"unvisitedChildren":194,"miniMaxValue":0.0}
{"stateId":407,"originShotId":37409,"birdIndex":3,"times":1,"score":4080,"totalScore":14200,"finalState":false,"active":false,"unvisitedChildren":45,"miniMaxValue":0.0}
{"stateId":404,"originShotId":37245,"birdIndex":3,"times":1,"score":5690,"totalScore":10710,"finalState":false,"active":false,"unvisitedChildren":60,"miniMaxValue":0.0}
{"stateId":405,"originShotId":37261,"birdIndex":4,"times":1,"score":0,"totalScore":10710,"finalState":true,"active":false,"unvisitedChildren":0,"miniMaxValue":0.0}
{"stateId":395,"originShotId":33400,"birdIndex":2,"times":1,"score":31740,"totalScore":36560,"finalState":true,"active":false,"unvisitedChildren":0,"miniMaxValue":31740.0}
{"stateId":394,"originShotId":36159,"birdIndex":2,"times":10,"score":33549,"totalScore":38296,"finalState":true,"active":false,"unvisitedChildren":0,"miniMaxValue":33549.0}
{"stateId":393,"originShotId":24187,"birdIndex":1,"times":11,"score":4743,"totalScore":4743,"finalState":false,"active":false,"unvisitedChildren":199,"miniMaxValue":32240.91}
{"stateId":392,"originShotId":36023,"birdIndex":3,"times":1,"score":19670,"totalScore":32490,"finalState":true,"active":false,"unvisitedChildren":0,"miniMaxValue":19670.0}
{"stateId":399,"originShotId":24133,"birdIndex":1,"times":1,"score":3000,"totalScore":3000,"finalState":false,"active":false,"unvisitedChildren":301,"miniMaxValue":18300.0}
{"stateId":398,"originShotId":36488,"birdIndex":4,"times":1,"score":0,"totalScore":11690,"finalState":true,"active":false,"unvisitedChildren":0,"miniMaxValue":0.0}
{"stateId":397,"originShotId":36394,"birdIndex":3,"times":1,"score":3470,"totalScore":11690,"finalState":false,"active":false,"unvisitedChildren":68,"miniMaxValue":0.0}
{"stateId":396,"originShotId":9870,"birdIndex":2,"times":1,"score":5230,"totalScore":8220,"finalState":false,"active":false,"unvisitedChildren":292,"miniMaxValue":0.0}
{"stateId":387,"originShotId":24134,"birdIndex":1,"times":1,"score":3890,"totalScore":3890,"finalState":false,"active":false,"unvisitedChildren":118,"miniMaxValue":19760.0}
{"stateId":386,"originShotId":35618,"birdIndex":3,"times":1,"score":18140,"totalScore":28630,"finalState":true,"active":false,"unvisitedChildren":0,"miniMaxValue":18140.0}
{"stateId":385,"originShotId":35423,"birdIndex":2,"times":1,"score":4900,"totalScore":10490,"finalState":false,"active":false,"unvisitedChildren":170,"miniMaxValue":18140.0}
{"stateId":384,"originShotId":24171,"birdIndex":1,"times":1,"score":5590,"totalScore":5590,"finalState":false,"active":false,"unvisitedChildren":319,"miniMaxValue":18140.0}
{"stateId":391,"originShotId":35904,"birdIndex":2,"times":1,"score":7280,"totalScore":12820,"finalState":false,"active":false,"unvisitedChildren":116,"miniMaxValue":19670.0}
{"stateId":390,"originShotId":24165,"birdIndex":1,"times":1,"score":5540,"totalScore":5540,"finalState":false,"active":false,"unvisitedChildren":250,"miniMaxValue":19670.0}
{"stateId":389,"originShotId":35777,"birdIndex":3,"times":1,"score":19760,"totalScore":28420,"finalState":true,"active":false,"unvisitedChildren":0,"miniMaxValue":19760.0}
{"stateId":388,"originShotId":35711,"birdIndex":2,"times":1,"score":4770,"totalScore":8660,"finalState":false,"active":false,"unvisitedChildren":53,"miniMaxValue":19760.0}
{"stateId":440,"originShotId":40640,"birdIndex":3,"times":1,"score":4590,"totalScore":14960,"finalState":false,"active":false,"unvisitedChildren":66,"miniMaxValue":6060.0}
{"stateId":441,"originShotId":40850,"birdIndex":4,"times":1,"score":6060,"totalScore":21020,"finalState":true,"active":false,"unvisitedChildren":0,"miniMaxValue":6060.0}
{"stateId":442,"originShotId":24154,"birdIndex":1,"times":3,"score":3150,"totalScore":3150,"finalState":false,"active":false,"unvisitedChildren":583,"miniMaxValue":31260.0}
{"stateId":443,"originShotId":40912,"birdIndex":2,"times":1,"score":6820,"totalScore":9970,"finalState":false,"active":false,"unvisitedChildren":204,"miniMaxValue":0.0}
{"stateId":444,"originShotId":41101,"birdIndex":3,"times":1,"score":2220,"totalScore":12190,"finalState":false,"active":false,"unvisitedChildren":46,"miniMaxValue":0.0}
{"stateId":445,"originShotId":41212,"birdIndex":4,"times":1,"score":0,"totalScore":12190,"finalState":true,"active":false,"unvisitedChildren":0,"miniMaxValue":0.0}
{"stateId":446,"originShotId":24184,"birdIndex":1,"times":1,"score":4300,"totalScore":4300,"finalState":false,"active":false,"unvisitedChildren":351,"miniMaxValue":0.0}
{"stateId":447,"originShotId":41252,"birdIndex":2,"times":1,"score":5180,"totalScore":9480,"finalState":false,"active":false,"unvisitedChildren":190,"miniMaxValue":0.0}
{"stateId":432,"originShotId":24176,"birdIndex":1,"times":3,"score":3370,"totalScore":3370,"finalState":false,"active":false,"unvisitedChildren":625,"miniMaxValue":31790.0}
{"stateId":433,"originShotId":39688,"birdIndex":2,"times":1,"score":4150,"totalScore":7550,"finalState":false,"active":false,"unvisitedChildren":249,"miniMaxValue":0.0}
{"stateId":434,"originShotId":39870,"birdIndex":3,"times":1,"score":5350,"totalScore":12900,"finalState":false,"active":false,"unvisitedChildren":58,"miniMaxValue":0.0}
{"stateId":435,"originShotId":40022,"birdIndex":4,"times":1,"score":0,"totalScore":12900,"finalState":true,"active":false,"unvisitedChildren":0,"miniMaxValue":0.0}
{"stateId":436,"originShotId":27809,"birdIndex":2,"times":1,"score":3680,"totalScore":7070,"finalState":false,"active":false,"unvisitedChildren":173,"miniMaxValue":21630.0}
{"stateId":437,"originShotId":40127,"birdIndex":3,"times":1,"score":21630,"totalScore":28700,"finalState":true,"active":false,"unvisitedChildren":0,"miniMaxValue":21630.0}
{"stateId":438,"originShotId":24152,"birdIndex":1,"times":1,"score":4710,"totalScore":4710,"finalState":false,"active":false,"unvisitedChildren":658,"miniMaxValue":6060.0}
{"stateId":439,"originShotId":40495,"birdIndex":2,"times":1,"score":5660,"totalScore":10370,"finalState":false,"active":false,"unvisitedChildren":278,"miniMaxValue":6060.0}
{"stateId":425,"originShotId":24177,"birdIndex":1,"times":1,"score":3180,"totalScore":3180,"finalState":false,"active":false,"unvisitedChildren":274,"miniMaxValue":22120.0}
{"stateId":424,"originShotId":38907,"birdIndex":3,"times":1,"score":19460,"totalScore":29320,"finalState":true,"active":false,"unvisitedChildren":0,"miniMaxValue":19460.0}
{"stateId":427,"originShotId":39201,"birdIndex":3,"times":1,"score":22120,"totalScore":30240,"finalState":true,"active":false,"unvisitedChildren":0,"miniMaxValue":22120.0}
{"stateId":426,"originShotId":39118,"birdIndex":2,"times":1,"score":4940,"totalScore":8120,"finalState":false,"active":false,"unvisitedChildren":134,"miniMaxValue":22120.0}
{"stateId":429,"originShotId":39346,"birdIndex":2,"times":1,"score":4110,"totalScore":8340,"finalState":false,"active":false,"unvisitedChildren":243,"miniMaxValue":0.0}
{"stateId":428,"originShotId":24178,"birdIndex":1,"times":2,"score":4230,"totalScore":4230,"finalState":false,"active":false,"unvisitedChildren":594,"miniMaxValue":0.0}
{"stateId":431,"originShotId":39628,"birdIndex":4,"times":1,"score":0,"totalScore":13630,"finalState":true,"active":false,"unvisitedChildren":0,"miniMaxValue":0.0}
{"stateId":430,"originShotId":39497,"birdIndex":3,"times":1,"score":5290,"totalScore":13630,"finalState":false,"active":false,"unvisitedChildren":64,"miniMaxValue":0.0}
{"stateId":417,"originShotId":38217,"birdIndex":2,"times":1,"score":30760,"totalScore":36140,"finalState":true,"active":false,"unvisitedChildren":0,"miniMaxValue":30760.0}
{"stateId":416,"originShotId":24181,"birdIndex":1,"times":1,"score":5380,"totalScore":5380,"finalState":false,"active":false,"unvisitedChildren":110,"miniMaxValue":30760.0}
{"stateId":419,"originShotId":38368,"birdIndex":2,"times":1,"score":5570,"totalScore":7900,"finalState":false,"active":false,"unvisitedChildren":188,"miniMaxValue":0.0}
{"stateId":418,"originShotId":24250,"birdIndex":1,"times":2,"score":2310,"totalScore":2310,"finalState":false,"active":false,"unvisitedChildren":545,"miniMaxValue":0.0}
{"stateId":421,"originShotId":38646,"birdIndex":4,"times":1,"score":0,"totalScore":13900,"finalState":true,"active":false,"unvisitedChildren":0,"miniMaxValue":0.0}
{"stateId":420,"originShotId":38524,"birdIndex":3,"times":1,"score":6000,"totalScore":13900,"finalState":false,"active":false,"unvisitedChildren":45,"miniMaxValue":0.0}
{"stateId":423,"originShotId":38715,"birdIndex":2,"times":1,"score":6290,"totalScore":9860,"finalState":false,"active":false,"unvisitedChildren":197,"miniMaxValue":19460.0}
{"stateId":422,"originShotId":24190,"birdIndex":1,"times":2,"score":3630,"totalScore":3630,"finalState":false,"active":false,"unvisitedChildren":562,"miniMaxValue":19460.0}
{"stateId":478,"originShotId":44086,"birdIndex":4,"times":1,"score":0,"totalScore":11320,"finalState":true,"active":false,"unvisitedChildren":0,"miniMaxValue":0.0}
{"stateId":479,"originShotId":24122,"birdIndex":1,"times":2,"score":3340,"totalScore":3340,"finalState":false,"active":false,"unvisitedChildren":75,"miniMaxValue":31380.0}
{"stateId":476,"originShotId":43727,"birdIndex":2,"times":1,"score":2630,"totalScore":5690,"finalState":false,"active":false,"unvisitedChildren":205,"miniMaxValue":0.0}
{"stateId":477,"originShotId":44002,"birdIndex":3,"times":1,"score":5630,"totalScore":11320,"finalState":false,"active":false,"unvisitedChildren":56,"miniMaxValue":0.0}
{"stateId":474,"originShotId":43675,"birdIndex":4,"times":1,"score":0,"totalScore":9010,"finalState":true,"active":false,"unvisitedChildren":0,"miniMaxValue":0.0}
{"stateId":475,"originShotId":24123,"birdIndex":1,"times":1,"score":3060,"totalScore":3060,"finalState":false,"active":false,"unvisitedChildren":411,"miniMaxValue":0.0}
{"stateId":472,"originShotId":30033,"birdIndex":2,"times":1,"score":3030,"totalScore":5490,"finalState":false,"active":false,"unvisitedChildren":196,"miniMaxValue":0.0}
{"stateId":473,"originShotId":43544,"birdIndex":3,"times":1,"score":3520,"totalScore":9010,"finalState":false,"active":false,"unvisitedChildren":59,"miniMaxValue":0.0}
{"stateId":470,"originShotId":43282,"birdIndex":3,"times":1,"score":3900,"totalScore":9500,"finalState":false,"active":false,"unvisitedChildren":53,"miniMaxValue":0.0}
{"stateId":471,"originShotId":43489,"birdIndex":4,"times":1,"score":0,"totalScore":9500,"finalState":true,"active":false,"unvisitedChildren":0,"miniMaxValue":0.0}
{"stateId":468,"originShotId":43206,"birdIndex":4,"times":1,"score":0,"totalScore":9710,"finalState":true,"active":false,"unvisitedChildren":0,"miniMaxValue":0.0}
{"stateId":469,"originShotId":37013,"birdIndex":2,"times":1,"score":2850,"totalScore":5600,"finalState":false,"active":false,"unvisitedChildren":247,"miniMaxValue":0.0}
{"stateId":466,"originShotId":42852,"birdIndex":2,"times":1,"score":5470,"totalScore":9710,"finalState":false,"active":false,"unvisitedChildren":291,"miniMaxValue":0.0}
{"stateId":467,"originShotId":42990,"birdIndex":3,"times":1,"score":0,"totalScore":9710,"finalState":false,"active":false,"unvisitedChildren":64,"miniMaxValue":0.0}
{"stateId":464,"originShotId":42757,"birdIndex":3,"times":1,"score":21680,"totalScore":30590,"finalState":true,"active":false,"unvisitedChildren":0,"miniMaxValue":21680.0}
{"stateId":465,"originShotId":24129,"birdIndex":1,"times":1,"score":4240,"totalScore":4240,"finalState":false,"active":false,"unvisitedChildren":425,"miniMaxValue":0.0}
{"stateId":463,"originShotId":42619,"birdIndex":2,"times":1,"score":4260,"totalScore":8910,"finalState":false,"active":false,"unvisitedChildren":161,"miniMaxValue":21680.0}
{"stateId":462,"originShotId":24132,"birdIndex":1,"times":1,"score":4650,"totalScore":4650,"finalState":false,"active":false,"unvisitedChildren":316,"miniMaxValue":21680.0}
{"stateId":461,"originShotId":42499,"birdIndex":4,"times":1,"score":0,"totalScore":13920,"finalState":true,"active":false,"unvisitedChildren":0,"miniMaxValue":0.0}
{"stateId":460,"originShotId":42379,"birdIndex":3,"times":1,"score":5720,"totalScore":13920,"finalState":false,"active":false,"unvisitedChildren":44,"miniMaxValue":0.0}
{"stateId":459,"originShotId":42211,"birdIndex":2,"times":1,"score":3830,"totalScore":8200,"finalState":false,"active":false,"unvisitedChildren":160,"miniMaxValue":0.0}
{"stateId":458,"originShotId":24174,"birdIndex":1,"times":1,"score":4370,"totalScore":4370,"finalState":false,"active":false,"unvisitedChildren":351,"miniMaxValue":0.0}
{"stateId":457,"originShotId":42156,"birdIndex":4,"times":1,"score":0,"totalScore":13230,"finalState":true,"active":false,"unvisitedChildren":0,"miniMaxValue":0.0}
{"stateId":456,"originShotId":41991,"birdIndex":3,"times":1,"score":4780,"totalScore":13230,"finalState":false,"active":false,"unvisitedChildren":56,"miniMaxValue":0.0}
{"stateId":455,"originShotId":39715,"birdIndex":2,"times":1,"score":5170,"totalScore":8450,"finalState":false,"active":false,"unvisitedChildren":229,"miniMaxValue":0.0}
{"stateId":454,"originShotId":41850,"birdIndex":3,"times":1,"score":20440,"totalScore":28670,"finalState":true,"active":false,"unvisitedChildren":0,"miniMaxValue":20440.0}
{"stateId":453,"originShotId":41756,"birdIndex":2,"times":1,"score":4460,"totalScore":8230,"finalState":false,"active":false,"unvisitedChildren":140,"miniMaxValue":20440.0}
{"stateId":452,"originShotId":24239,"birdIndex":1,"times":2,"score":3770,"totalScore":3770,"finalState":false,"active":false,"unvisitedChildren":341,"miniMaxValue":22660.0}
{"stateId":451,"originShotId":41624,"birdIndex":2,"times":13,"score":32577,"totalScore":35517,"finalState":true,"active":true,"unvisitedChildren":0,"miniMaxValue":32365.0}
{"stateId":450,"originShotId":24252,"birdIndex":1,"times":13,"score":2940,"totalScore":2940,"finalState":false,"active":true,"unvisitedChildren":158,"miniMaxValue":32365.0}
{"stateId":449,"originShotId":41559,"birdIndex":4,"times":1,"score":0,"totalScore":13970,"finalState":true,"active":false,"unvisitedChildren":0,"miniMaxValue":0.0}
{"stateId":448,"originShotId":41415,"birdIndex":3,"times":1,"score":4490,"totalScore":13970,"finalState":false,"active":false,"unvisitedChildren":35,"miniMaxValue":0.0}
{"stateId":508,"originShotId":46506,"birdIndex":4,"times":1,"score":7330,"totalScore":22720,"finalState":true,"active":false,"unvisitedChildren":0,"miniMaxValue":7330.0}
{"stateId":509,"originShotId":26832,"birdIndex":2,"times":1,"score":4940,"totalScore":8220,"finalState":false,"active":false,"unvisitedChildren":247,"miniMaxValue":0.0}
{"stateId":510,"originShotId":46581,"birdIndex":3,"times":1,"score":8100,"totalScore":16320,"finalState":false,"active":false,"unvisitedChildren":47,"miniMaxValue":0.0}
{"stateId":511,"originShotId":46759,"birdIndex":4,"times":1,"score":0,"totalScore":16320,"finalState":true,"active":false,"unvisitedChildren":0,"miniMaxValue":0.0}
{"stateId":504,"originShotId":46058,"birdIndex":3,"times":1,"score":22090,"totalScore":27370,"finalState":true,"active":false,"unvisitedChildren":0,"miniMaxValue":22090.0}
{"stateId":505,"originShotId":24183,"birdIndex":1,"times":1,"score":4990,"totalScore":4990,"finalState":false,"active":false,"unvisitedChildren":367,"miniMaxValue":7330.0}
{"stateId":506,"originShotId":46199,"birdIndex":2,"times":1,"score":5180,"totalScore":10170,"finalState":false,"active":false,"unvisitedChildren":233,"miniMaxValue":7330.0}
{"stateId":507,"originShotId":46395,"birdIndex":3,"times":1,"score":5220,"totalScore":15390,"finalState":false,"active":false,"unvisitedChildren":54,"miniMaxValue":7330.0}
{"stateId":500,"originShotId":34071,"birdIndex":2,"times":1,"score":4560,"totalScore":8920,"finalState":false,"active":false,"unvisitedChildren":191,"miniMaxValue":21530.0}
{"stateId":501,"originShotId":45797,"birdIndex":3,"times":1,"score":21530,"totalScore":30450,"finalState":true,"active":false,"unvisitedChildren":0,"miniMaxValue":21530.0}
{"stateId":502,"originShotId":24256,"birdIndex":1,"times":1,"score":2000,"totalScore":2000,"finalState":false,"active":false,"unvisitedChildren":298,"miniMaxValue":22090.0}
{"stateId":503,"originShotId":45898,"birdIndex":2,"times":1,"score":3280,"totalScore":5280,"finalState":false,"active":false,"unvisitedChildren":134,"miniMaxValue":22090.0}
{"stateId":496,"originShotId":45384,"birdIndex":4,"times":1,"score":0,"totalScore":11540,"finalState":true,"active":false,"unvisitedChildren":0,"miniMaxValue":0.0}
{"stateId":497,"originShotId":26029,"birdIndex":2,"times":1,"score":0,"totalScore":3150,"finalState":false,"active":false,"unvisitedChildren":238,"miniMaxValue":0.0}
{"stateId":498,"originShotId":45496,"birdIndex":3,"times":1,"score":0,"totalScore":3150,"finalState":false,"active":false,"unvisitedChildren":56,"miniMaxValue":0.0}
{"stateId":499,"originShotId":45639,"birdIndex":4,"times":1,"score":0,"totalScore":3150,"finalState":true,"active":false,"unvisitedChildren":0,"miniMaxValue":0.0}
{"stateId":493,"originShotId":24258,"birdIndex":1,"times":1,"score":3750,"totalScore":3750,"finalState":false,"active":false,"unvisitedChildren":420,"miniMaxValue":0.0}
{"stateId":492,"originShotId":45015,"birdIndex":4,"times":1,"score":0,"totalScore":11150,"finalState":true,"active":false,"unvisitedChildren":0,"miniMaxValue":0.0}
{"stateId":495,"originShotId":45198,"birdIndex":3,"times":1,"score":3660,"totalScore":11540,"finalState":false,"active":false,"unvisitedChildren":74,"miniMaxValue":0.0}
{"stateId":494,"originShotId":45076,"birdIndex":2,"times":1,"score":4130,"totalScore":7880,"finalState":false,"active":false,"unvisitedChildren":250,"miniMaxValue":0.0}
{"stateId":489,"originShotId":39751,"birdIndex":2,"times":1,"score":31790,"totalScore":35190,"finalState":true,"active":false,"unvisitedChildren":0,"miniMaxValue":31790.0}
{"stateId":488,"originShotId":44729,"birdIndex":3,"times":1,"score":21360,"totalScore":26570,"finalState":true,"active":false,"unvisitedChildren":0,"miniMaxValue":21360.0}
{"stateId":491,"originShotId":44844,"birdIndex":3,"times":1,"score":4040,"totalScore":11150,"finalState":false,"active":false,"unvisitedChildren":55,"miniMaxValue":0.0}
{"stateId":490,"originShotId":25657,"birdIndex":2,"times":1,"score":2930,"totalScore":7110,"finalState":false,"active":false,"unvisitedChildren":207,"miniMaxValue":0.0}
{"stateId":485,"originShotId":44495,"birdIndex":4,"times":1,"score":7020,"totalScore":18840,"finalState":true,"active":false,"unvisitedChildren":0,"miniMaxValue":7020.0}
{"stateId":484,"originShotId":44339,"birdIndex":3,"times":1,"score":4150,"totalScore":11820,"finalState":false,"active":false,"unvisitedChildren":53,"miniMaxValue":7020.0}
{"stateId":487,"originShotId":44547,"birdIndex":2,"times":1,"score":2880,"totalScore":5210,"finalState":false,"active":false,"unvisitedChildren":107,"miniMaxValue":21360.0}
{"stateId":486,"originShotId":24249,"birdIndex":1,"times":1,"score":2330,"totalScore":2330,"finalState":false,"active":false,"unvisitedChildren":280,"miniMaxValue":21360.0}
{"stateId":481,"originShotId":24175,"birdIndex":1,"times":1,"score":4220,"totalScore":4220,"finalState":false,"active":false,"unvisitedChildren":137,"miniMaxValue":30270.0}
{"stateId":480,"originShotId":44122,"birdIndex":2,"times":1,"score":31380,"totalScore":34690,"finalState":true,"active":false,"unvisitedChildren":0,"miniMaxValue":31380.0}
{"stateId":483,"originShotId":9619,"birdIndex":2,"times":1,"score":3970,"totalScore":7670,"finalState":false,"active":false,"unvisitedChildren":220,"miniMaxValue":7020.0}
{"stateId":482,"originShotId":44205,"birdIndex":2,"times":1,"score":30270,"totalScore":34490,"finalState":true,"active":false,"unvisitedChildren":0,"miniMaxValue":30270.0}
{"stateId":550,"originShotId":24199,"birdIndex":1,"times":1,"score":4690,"totalScore":4690,"finalState":false,"active":false,"unvisitedChildren":378,"miniMaxValue":0.0}
{"stateId":551,"originShotId":49556,"birdIndex":2,"times":1,"score":4140,"totalScore":8830,"finalState":false,"active":false,"unvisitedChildren":214,"miniMaxValue":0.0}
{"stateId":548,"originShotId":16335,"birdIndex":2,"times":1,"score":4860,"totalScore":9920,"finalState":false,"active":false,"unvisitedChildren":155,"miniMaxValue":20540.0}
{"stateId":549,"originShotId":49528,"birdIndex":3,"times":1,"score":20540,"totalScore":30460,"finalState":true,"active":false,"unvisitedChildren":0,"miniMaxValue":20540.0}
{"stateId":546,"originShotId":49153,"birdIndex":3,"times":1,"score":4700,"totalScore":13920,"finalState":false,"active":false,"unvisitedChildren":56,"miniMaxValue":0.0}
{"stateId":547,"originShotId":49329,"birdIndex":4,"times":1,"score":0,"totalScore":13920,"finalState":true,"active":false,"unvisitedChildren":0,"miniMaxValue":0.0}
{"stateId":544,"originShotId":49047,"birdIndex":3,"times":1,"score":21840,"totalScore":27890,"finalState":true,"active":false,"unvisitedChildren":0,"miniMaxValue":21840.0}
{"stateId":545,"originShotId":40924,"birdIndex":2,"times":1,"score":6070,"totalScore":9220,"finalState":false,"active":false,"unvisitedChildren":247,"miniMaxValue":0.0}
{"stateId":558,"originShotId":50170,"birdIndex":3,"times":1,"score":5170,"totalScore":14370,"finalState":false,"active":false,"unvisitedChildren":49,"miniMaxValue":0.0}
{"stateId":559,"originShotId":50310,"birdIndex":4,"times":1,"score":0,"totalScore":14370,"finalState":true,"active":false,"unvisitedChildren":0,"miniMaxValue":0.0}
{"stateId":556,"originShotId":50143,"birdIndex":4,"times":1,"score":0,"totalScore":9100,"finalState":true,"active":false,"unvisitedChildren":0,"miniMaxValue":0.0}
{"stateId":557,"originShotId":20731,"birdIndex":2,"times":1,"score":2430,"totalScore":9200,"finalState":false,"active":false,"unvisitedChildren":186,"miniMaxValue":0.0}
{"stateId":554,"originShotId":36862,"birdIndex":2,"times":1,"score":2730,"totalScore":4850,"finalState":false,"active":false,"unvisitedChildren":238,"miniMaxValue":0.0}
{"stateId":555,"originShotId":49953,"birdIndex":3,"times":1,"score":4250,"totalScore":9100,"finalState":false,"active":false,"unvisitedChildren":50,"miniMaxValue":0.0}
{"stateId":552,"originShotId":49718,"birdIndex":3,"times":1,"score":4050,"totalScore":12880,"finalState":false,"active":false,"unvisitedChildren":71,"miniMaxValue":0.0}
{"stateId":553,"originShotId":49882,"birdIndex":4,"times":1,"score":0,"totalScore":12880,"finalState":true,"active":false,"unvisitedChildren":0,"miniMaxValue":0.0}
{"stateId":567,"originShotId":50893,"birdIndex":4,"times":1,"score":0,"totalScore":13130,"finalState":true,"active":false,"unvisitedChildren":0,"miniMaxValue":0.0}
{"stateId":566,"originShotId":50742,"birdIndex":3,"times":1,"score":4730,"totalScore":13130,"finalState":false,"active":false,"unvisitedChildren":49,"miniMaxValue":0.0}
{"stateId":565,"originShotId":14806,"birdIndex":2,"times":1,"score":3930,"totalScore":8400,"finalState":false,"active":false,"unvisitedChildren":189,"miniMaxValue":0.0}
{"stateId":564,"originShotId":50733,"birdIndex":4,"times":1,"score":6600,"totalScore":20560,"finalState":true,"active":false,"unvisitedChildren":0,"miniMaxValue":6600.0}
{"stateId":563,"originShotId":50542,"birdIndex":3,"times":1,"score":6430,"totalScore":13960,"finalState":false,"active":false,"unvisitedChildren":65,"miniMaxValue":6600.0}
{"stateId":562,"originShotId":27656,"birdIndex":2,"times":1,"score":3370,"totalScore":7530,"finalState":false,"active":false,"unvisitedChildren":244,"miniMaxValue":6600.0}
{"stateId":561,"originShotId":50485,"birdIndex":3,"times":1,"score":20980,"totalScore":28580,"finalState":true,"active":false,"unvisitedChildren":0,"miniMaxValue":20980.0}
{"stateId":560,"originShotId":37910,"birdIndex":2,"times":1,"score":3480,"totalScore":7600,"finalState":false,"active":false,"unvisitedChildren":140,"miniMaxValue":20980.0}
{"stateId":575,"originShotId":51731,"birdIndex":4,"times":1,"score":0,"totalScore":10580,"finalState":true,"active":false,"unvisitedChildren":0,"miniMaxValue":0.0}
{"stateId":574,"originShotId":51611,"birdIndex":3,"times":1,"score":3250,"totalScore":10580,"finalState":false,"active":false,"unvisitedChildren":51,"miniMaxValue":0.0}
{"stateId":573,"originShotId":38485,"birdIndex":2,"times":1,"score":5040,"totalScore":7330,"finalState":false,"active":false,"unvisitedChildren":176,"miniMaxValue":0.0}
{"stateId":572,"originShotId":31291,"birdIndex":2,"times":1,"score":34920,"totalScore":39510,"finalState":true,"active":false,"unvisitedChildren":0,"miniMaxValue":34920.0}
{"stateId":571,"originShotId":51592,"birdIndex":4,"times":1,"score":0,"totalScore":6720,"finalState":true,"active":false,"unvisitedChildren":0,"miniMaxValue":0.0}
{"stateId":570,"originShotId":51310,"birdIndex":3,"times":1,"score":0,"totalScore":6720,"finalState":false,"active":false,"unvisitedChildren":48,"miniMaxValue":0.0}
{"stateId":569,"originShotId":51140,"birdIndex":2,"times":1,"score":2020,"totalScore":6720,"finalState":false,"active":false,"unvisitedChildren":341,"miniMaxValue":0.0}
{"stateId":568,"originShotId":24179,"birdIndex":1,"times":1,"score":4700,"totalScore":4700,"finalState":false,"active":false,"unvisitedChildren":667,"miniMaxValue":0.0}
{"stateId":516,"originShotId":47113,"birdIndex":2,"times":1,"score":5380,"totalScore":9020,"finalState":false,"active":false,"unvisitedChildren":152,"miniMaxValue":0.0}
{"stateId":517,"originShotId":47200,"birdIndex":3,"times":1,"score":4330,"totalScore":13350,"finalState":false,"active":false,"unvisitedChildren":33,"miniMaxValue":0.0}
{"stateId":518,"originShotId":47306,"birdIndex":4,"times":1,"score":0,"totalScore":13350,"finalState":true,"active":false,"unvisitedChildren":0,"miniMaxValue":0.0}
{"stateId":519,"originShotId":40944,"birdIndex":2,"times":1,"score":31260,"totalScore":34410,"finalState":true,"active":false,"unvisitedChildren":0,"miniMaxValue":31260.0}
{"stateId":512,"originShotId":39319,"birdIndex":2,"times":1,"score":5740,"totalScore":9970,"finalState":false,"active":false,"unvisitedChildren":242,"miniMaxValue":0.0}
{"stateId":513,"originShotId":46839,"birdIndex":3,"times":1,"score":5130,"totalScore":15100,"finalState":false,"active":false,"unvisitedChildren":54,"miniMaxValue":0.0}
{"stateId":514,"originShotId":46996,"birdIndex":4,"times":1,"score":0,"totalScore":16720,"finalState":true,"active":false,"unvisitedChildren":0,"miniMaxValue":0.0}
{"stateId":515,"originShotId":24248,"birdIndex":1,"times":1,"score":3640,"totalScore":3640,"finalState":false,"active":false,"unvisitedChildren":295,"miniMaxValue":0.0}
{"stateId":524,"originShotId":47637,"birdIndex":3,"times":1,"score":3850,"totalScore":10880,"finalState":false,"active":false,"unvisitedChildren":49,"miniMaxValue":0.0}
{"stateId":525,"originShotId":47875,"birdIndex":4,"times":1,"score":0,"totalScore":10880,"finalState":true,"active":false,"unvisitedChildren":0,"miniMaxValue":0.0}
{"stateId":526,"originShotId":44123,"birdIndex":2,"times":1,"score":2640,"totalScore":6010,"finalState":false,"active":false,"unvisitedChildren":32,"miniMaxValue":21480.0}
{"stateId":527,"originShotId":47908,"birdIndex":3,"times":1,"score":21480,"totalScore":27490,"finalState":true,"active":false,"unvisitedChildren":0,"miniMaxValue":21480.0}
{"stateId":520,"originShotId":34073,"birdIndex":2,"times":1,"score":6440,"totalScore":10810,"finalState":false,"active":false,"unvisitedChildren":116,"miniMaxValue":21480.0}
{"stateId":521,"originShotId":47388,"birdIndex":3,"times":1,"score":21480,"totalScore":32290,"finalState":true,"active":false,"unvisitedChildren":0,"miniMaxValue":21480.0}
{"stateId":522,"originShotId":24200,"birdIndex":1,"times":1,"score":3750,"totalScore":3750,"finalState":false,"active":false,"unvisitedChildren":446,"miniMaxValue":0.0}
{"stateId":523,"originShotId":47528,"birdIndex":2,"times":1,"score":3280,"totalScore":7030,"finalState":false,"active":false,"unvisitedChildren":270,"miniMaxValue":0.0}
{"stateId":533,"originShotId":48328,"birdIndex":3,"times":1,"score":22660,"totalScore":30620,"finalState":true,"active":false,"unvisitedChildren":0,"miniMaxValue":22660.0}
{"stateId":532,"originShotId":41764,"birdIndex":2,"times":1,"score":4190,"totalScore":7960,"finalState":false,"active":false,"unvisitedChildren":164,"miniMaxValue":22660.0}
{"stateId":535,"originShotId":48491,"birdIndex":2,"times":2,"score":33115,"totalScore":37145,"finalState":true,"active":false,"unvisitedChildren":0,"miniMaxValue":33115.0}
{"stateId":534,"originShotId":24186,"birdIndex":1,"times":3,"score":4125,"totalScore":4125,"finalState":false,"active":false,"unvisitedChildren":319,"miniMaxValue":29696.668}
{"stateId":529,"originShotId":48032,"birdIndex":2,"times":1,"score":4410,"totalScore":8460,"finalState":false,"active":false,"unvisitedChildren":140,"miniMaxValue":21900.0}
{"stateId":528,"originShotId":24198,"birdIndex":1,"times":1,"score":4050,"totalScore":4050,"finalState":false,"active":false,"unvisitedChildren":316,"miniMaxValue":21900.0}
{"stateId":531,"originShotId":30477,"birdIndex":3,"times":1,"score":22620,"totalScore":30650,"finalState":true,"active":false,"unvisitedChildren":0,"miniMaxValue":22620.0}
{"stateId":530,"originShotId":48171,"birdIndex":3,"times":1,"score":21900,"totalScore":30360,"finalState":true,"active":false,"unvisitedChildren":0,"miniMaxValue":21900.0}
{"stateId":541,"originShotId":48866,"birdIndex":3,"times":1,"score":4720,"totalScore":11430,"finalState":false,"active":false,"unvisitedChildren":36,"miniMaxValue":0.0}
{"stateId":540,"originShotId":48848,"birdIndex":2,"times":1,"score":2940,"totalScore":6710,"finalState":false,"active":false,"unvisitedChildren":86,"miniMaxValue":0.0}
{"stateId":543,"originShotId":34616,"birdIndex":2,"times":1,"score":3420,"totalScore":6050,"finalState":false,"active":false,"unvisitedChildren":179,"miniMaxValue":21840.0}
{"stateId":542,"originShotId":48932,"birdIndex":4,"times":1,"score":0,"totalScore":11430,"finalState":true,"active":false,"unvisitedChildren":0,"miniMaxValue":0.0}
{"stateId":537,"originShotId":48750,"birdIndex":3,"times":1,"score":4270,"totalScore":7460,"finalState":false,"active":false,"unvisitedChildren":60,"miniMaxValue":0.0}
{"stateId":536,"originShotId":11288,"birdIndex":2,"times":1,"score":970,"totalScore":3190,"finalState":false,"active":false,"unvisitedChildren":248,"miniMaxValue":0.0}
{"stateId":539,"originShotId":24131,"birdIndex":1,"times":1,"score":3770,"totalScore":3770,"finalState":false,"active":false,"unvisitedChildren":118,"miniMaxValue":0.0}
{"stateId":538,"originShotId":48789,"birdIndex":4,"times":1,"score":0,"totalScore":7460,"finalState":true,"active":false,"unvisitedChildren":0,"miniMaxValue":0.0}
{"stateId":576,"originShotId":38705,"birdIndex":2,"times":1,"score":4350,"totalScore":8040,"finalState":false,"active":false,"unvisitedChildren":217,"miniMaxValue":6190.0}
{"stateId":577,"originShotId":51775,"birdIndex":3,"times":1,"score":6960,"totalScore":15000,"finalState":false,"active":false,"unvisitedChildren":53,"miniMaxValue":6190.0}
{"stateId":578,"originShotId":51967,"birdIndex":4,"times":1,"score":6190,"totalScore":21190,"finalState":true,"active":false,"unvisitedChildren":0,"miniMaxValue":6190.0}
{"stateId":579,"originShotId":6644,"birdIndex":2,"times":1,"score":6740,"totalScore":10890,"finalState":false,"active":false,"unvisitedChildren":156,"miniMaxValue":0.0}
{"stateId":580,"originShotId":52012,"birdIndex":3,"times":1,"score":5030,"totalScore":15920,"finalState":false,"active":false,"unvisitedChildren":40,"miniMaxValue":0.0}
{"stateId":581,"originShotId":52146,"birdIndex":4,"times":1,"score":0,"totalScore":15920,"finalState":true,"active":false,"unvisitedChildren":0,"miniMaxValue":0.0}
{"stateId":582,"originShotId":24145,"birdIndex":1,"times":1,"score":2180,"totalScore":2180,"finalState":false,"active":false,"unvisitedChildren":407,"miniMaxValue":0.0}
{"stateId":583,"originShotId":52254,"birdIndex":2,"times":1,"score":2130,"totalScore":4310,"finalState":false,"active":false,"unvisitedChildren":219,"miniMaxValue":0.0}
{"stateId":584,"originShotId":52376,"birdIndex":3,"times":1,"score":6260,"totalScore":10570,"finalState":false,"active":false,"unvisitedChildren":37,"miniMaxValue":0.0}
{"stateId":585,"originShotId":52534,"birdIndex":4,"times":1,"score":0,"totalScore":10570,"finalState":true,"active":false,"unvisitedChildren":0,"miniMaxValue":0.0}
{"stateId":586,"originShotId":24126,"birdIndex":1,"times":1,"score":3060,"totalScore":3060,"finalState":false,"active":false,"unvisitedChildren":400,"miniMaxValue":0.0}
{"stateId":587,"originShotId":52730,"birdIndex":2,"times":1,"score":3130,"totalScore":6190,"finalState":false,"active":false,"unvisitedChildren":224,"miniMaxValue":0.0}
{"stateId":588,"originShotId":52830,"birdIndex":3,"times":1,"score":4180,"totalScore":10370,"finalState":false,"active":false,"unvisitedChildren":33,"miniMaxValue":0.0}
{"stateId":589,"originShotId":52943,"birdIndex":4,"times":1,"score":0,"totalScore":10370,"finalState":true,"active":false,"unvisitedChildren":0,"miniMaxValue":0.0}
{"stateId":590,"originShotId":24201,"birdIndex":1,"times":1,"score":2890,"totalScore":2890,"finalState":false,"active":false,"unvisitedChildren":374,"miniMaxValue":0.0}
{"stateId":591,"originShotId":52982,"birdIndex":2,"times":1,"score":2870,"totalScore":5760,"finalState":false,"active":false,"unvisitedChildren":180,"miniMaxValue":0.0}
{"stateId":593,"originShotId":53296,"birdIndex":4,"times":1,"score":0,"totalScore":12080,"finalState":true,"active":false,"unvisitedChildren":0,"miniMaxValue":0.0}
{"stateId":592,"originShotId":53239,"birdIndex":3,"times":1,"score":6320,"totalScore":12080,"finalState":false,"active":false,"unvisitedChildren":43,"miniMaxValue":0.0}
{"stateId":595,"originShotId":53475,"birdIndex":3,"times":1,"score":3890,"totalScore":10890,"finalState":false,"active":false,"unvisitedChildren":71,"miniMaxValue":0.0}
{"stateId":594,"originShotId":29451,"birdIndex":2,"times":1,"score":5010,"totalScore":7000,"finalState":false,"active":false,"unvisitedChildren":217,"miniMaxValue":0.0}
{"stateId":597,"originShotId":24151,"birdIndex":1,"times":1,"score":3750,"totalScore":3750,"finalState":false,"active":false,"unvisitedChildren":206,"miniMaxValue":31860.0}
{"stateId":596,"originShotId":53551,"birdIndex":4,"times":1,"score":0,"totalScore":10890,"finalState":true,"active":false,"unvisitedChildren":0,"miniMaxValue":0.0}
{"stateId":599,"originShotId":31291,"birdIndex":2,"times":1,"score":3050,"totalScore":7580,"finalState":false,"active":false,"unvisitedChildren":184,"miniMaxValue":0.0}
{"stateId":598,"originShotId":53671,"birdIndex":2,"times":1,"score":31860,"totalScore":35610,"finalState":true,"active":false,"unvisitedChildren":0,"miniMaxValue":31860.0}
{"stateId":601,"originShotId":53929,"birdIndex":4,"times":1,"score":0,"totalScore":11660,"finalState":true,"active":false,"unvisitedChildren":0,"miniMaxValue":0.0}
{"stateId":600,"originShotId":53828,"birdIndex":3,"times":1,"score":4080,"totalScore":11660,"finalState":false,"active":false,"unvisitedChildren":65,"miniMaxValue":0.0}
{"stateId":603,"originShotId":53978,"birdIndex":3,"times":1,"score":19160,"totalScore":30660,"finalState":true,"active":false,"unvisitedChildren":0,"miniMaxValue":19160.0}
{"stateId":602,"originShotId":36159,"birdIndex":2,"times":1,"score":6760,"totalScore":11500,"finalState":false,"active":false,"unvisitedChildren":47,"miniMaxValue":19160.0}
{"stateId":605,"originShotId":54068,"birdIndex":3,"times":1,"score":22860,"totalScore":29920,"finalState":true,"active":false,"unvisitedChildren":0,"miniMaxValue":22860.0}
{"stateId":604,"originShotId":48491,"birdIndex":2,"times":1,"score":2840,"totalScore":7060,"finalState":false,"active":false,"unvisitedChildren":152,"miniMaxValue":22860.0}
