{"stateId":1,"originShotId":-1,"birdIndex":0,"times":0,"score":0,"totalScore":0,"finalState":false,"active":false,"unvisitedChildren":24357,"miniMaxValue":0.0}
{"stateId":2,"originShotId":11,"birdIndex":0,"times":1,"score":5100,"totalScore":5100,"finalState":false,"active":false,"unvisitedChildren":344,"miniMaxValue":0.0}
{"stateId":3,"originShotId":246,"birdIndex":0,"times":1,"score":4060,"totalScore":9160,"finalState":false,"active":false,"unvisitedChildren":210,"miniMaxValue":0.0}
{"stateId":4,"originShotId":351,"birdIndex":0,"times":1,"score":5150,"totalScore":14310,"finalState":false,"active":false,"unvisitedChildren":49,"miniMaxValue":0.0}
{"stateId":5,"originShotId":499,"birdIndex":0,"times":1,"score":0,"totalScore":14310,"finalState":true,"active":false,"unvisitedChildren":0,"miniMaxValue":0.0}
{"stateId":6,"originShotId":119,"birdIndex":0,"times":1,"score":6300,"totalScore":6300,"finalState":false,"active":false,"unvisitedChildren":325,"miniMaxValue":19440.0}
{"stateId":7,"originShotId":562,"birdIndex":0,"times":1,"score":6190,"totalScore":12490,"finalState":false,"active":false,"unvisitedChildren":164,"miniMaxValue":19440.0}
{"stateId":8,"originShotId":788,"birdIndex":0,"times":1,"score":19440,"totalScore":31930,"finalState":true,"active":false,"unvisitedChildren":0,"miniMaxValue":19440.0}
{"stateId":9,"originShotId":27,"birdIndex":0,"times":1,"score":4100,"totalScore":4100,"finalState":false,"active":false,"unvisitedChildren":396,"miniMaxValue":0.0}
{"stateId":10,"originShotId":906,"birdIndex":0,"times":1,"score":6870,"totalScore":10970,"finalState":false,"active":false,"unvisitedChildren":253,"miniMaxValue":0.0}
{"stateId":11,"originShotId":1160,"birdIndex":0,"times":1,"score":2950,"totalScore":13920,"finalState":false,"active":false,"unvisitedChildren":62,"miniMaxValue":0.0}
{"stateId":12,"originShotId":1228,"birdIndex":0,"times":1,"score":0,"totalScore":13920,"finalState":true,"active":false,"unvisitedChildren":0,"miniMaxValue":0.0}
{"stateId":13,"originShotId":184,"birdIndex":0,"times":1,"score":3450,"totalScore":3450,"finalState":false,"active":false,"unvisitedChildren":342,"miniMaxValue":0.0}
{"stateId":14,"originShotId":1293,"birdIndex":0,"times":1,"score":3890,"totalScore":7340,"finalState":false,"active":false,"unvisitedChildren":232,"miniMaxValue":0.0}
{"stateId":15,"originShotId":1388,"birdIndex":0,"times":1,"score":4160,"totalScore":11500,"finalState":false,"active":false,"unvisitedChildren":59,"miniMaxValue":0.0}
{"stateId":16,"originShotId":1577,"birdIndex":0,"times":1,"score":0,"totalScore":11500,"finalState":true,"active":false,"unvisitedChildren":0,"miniMaxValue":0.0}
{"stateId":17,"originShotId":188,"birdIndex":0,"times":3,"score":5490,"totalScore":5490,"finalState":false,"active":false,"unvisitedChildren":390,"miniMaxValue":30860.0}
{"stateId":18,"originShotId":1704,"birdIndex":0,"times":1,"score":2080,"totalScore":7570,"finalState":false,"active":false,"unvisitedChildren":182,"miniMaxValue":19940.0}
{"stateId":19,"originShotId":1841,"birdIndex":0,"times":1,"score":19940,"totalScore":27510,"finalState":true,"active":false,"unvisitedChildren":0,"miniMaxValue":19940.0}
{"stateId":20,"originShotId":34,"birdIndex":0,"times":1,"score":3110,"totalScore":3110,"finalState":false,"active":false,"unvisitedChildren":602,"miniMaxValue":0.0}
{"stateId":21,"originShotId":2378,"birdIndex":0,"times":1,"score":2390,"totalScore":5500,"finalState":false,"active":false,"unvisitedChildren":228,"miniMaxValue":0.0}
{"stateId":22,"originShotId":2384,"birdIndex":0,"times":1,"score":4290,"totalScore":9790,"finalState":false,"active":false,"unvisitedChildren":61,"miniMaxValue":0.0}
{"stateId":23,"originShotId":2571,"birdIndex":0,"times":1,"score":0,"totalScore":9790,"finalState":true,"active":false,"unvisitedChildren":0,"miniMaxValue":0.0}
{"stateId":24,"originShotId":142,"birdIndex":0,"times":3,"score":3850,"totalScore":3850,"finalState":false,"active":false,"unvisitedChildren":755,"miniMaxValue":23120.0}
{"stateId":25,"originShotId":2658,"birdIndex":0,"times":1,"score":4820,"totalScore":8520,"finalState":false,"active":false,"unvisitedChildren":227,"miniMaxValue":0.0}
{"stateId":26,"originShotId":2815,"birdIndex":0,"times":1,"score":6460,"totalScore":14980,"finalState":false,"active":false,"unvisitedChildren":51,"miniMaxValue":0.0}
{"stateId":27,"originShotId":2960,"birdIndex":0,"times":1,"score":0,"totalScore":14980,"finalState":true,"active":false,"unvisitedChildren":0,"miniMaxValue":0.0}
{"stateId":28,"originShotId":29,"birdIndex":0,"times":1,"score":4350,"totalScore":4350,"finalState":false,"active":false,"unvisitedChildren":378,"miniMaxValue":0.0}
{"stateId":29,"originShotId":3099,"birdIndex":0,"times":1,"score":4270,"totalScore":8620,"finalState":false,"active":false,"unvisitedChildren":199,"miniMaxValue":0.0}
{"stateId":30,"originShotId":3220,"birdIndex":0,"times":1,"score":5740,"totalScore":14360,"finalState":false,"active":false,"unvisitedChildren":65,"miniMaxValue":0.0}
{"stateId":31,"originShotId":3338,"birdIndex":0,"times":1,"score":0,"totalScore":14360,"finalState":true,"active":false,"unvisitedChildren":0,"miniMaxValue":0.0}
{"stateId":32,"originShotId":19,"birdIndex":0,"times":1,"score":3470,"totalScore":3470,"finalState":false,"active":false,"unvisitedChildren":473,"miniMaxValue":0.0}
{"stateId":33,"originShotId":3654,"birdIndex":0,"times":1,"score":2390,"totalScore":5860,"finalState":false,"active":false,"unvisitedChildren":180,"miniMaxValue":0.0}
{"stateId":34,"originShotId":3736,"birdIndex":0,"times":1,"score":4740,"totalScore":10600,"finalState":false,"active":false,"unvisitedChildren":46,"miniMaxValue":0.0}
{"stateId":35,"originShotId":3826,"birdIndex":0,"times":1,"score":0,"totalScore":10600,"finalState":true,"active":false,"unvisitedChildren":0,"miniMaxValue":0.0}
{"stateId":36,"originShotId":118,"birdIndex":0,"times":1,"score":6570,"totalScore":6570,"finalState":false,"active":false,"unvisitedChildren":396,"miniMaxValue":0.0}
{"stateId":37,"originShotId":3861,"birdIndex":0,"times":1,"score":5120,"totalScore":11690,"finalState":false,"active":false,"unvisitedChildren":232,"miniMaxValue":0.0}
{"stateId":38,"originShotId":4169,"birdIndex":0,"times":1,"score":5680,"totalScore":17370,"finalState":false,"active":false,"unvisitedChildren":50,"miniMaxValue":0.0}
{"stateId":39,"originShotId":4235,"birdIndex":0,"times":1,"score":0,"totalScore":17370,"finalState":true,"active":false,"unvisitedChildren":0,"miniMaxValue":0.0}
{"stateId":40,"originShotId":91,"birdIndex":0,"times":1,"score":5740,"totalScore":5740,"finalState":false,"active":false,"unvisitedChildren":478,"miniMaxValue":0.0}
{"stateId":41,"originShotId":4462,"birdIndex":0,"times":1,"score":3430,"totalScore":9170,"finalState":false,"active":false,"unvisitedChildren":155,"miniMaxValue":0.0}
{"stateId":42,"originShotId":4690,"birdIndex":0,"times":1,"score":2770,"totalScore":11940,"finalState":false,"active":false,"unvisitedChildren":39,"miniMaxValue":0.0}
{"stateId":43,"originShotId":4715,"birdIndex":0,"times":1,"score":0,"totalScore":11940,"finalState":true,"active":false,"unvisitedChildren":0,"miniMaxValue":0.0}
{"stateId":44,"originShotId":23,"birdIndex":0,"times":1,"score":4530,"totalScore":4530,"finalState":false,"active":false,"unvisitedChildren":328,"miniMaxValue":22220.0}
{"stateId":45,"originShotId":4755,"birdIndex":0,"times":1,"score":4980,"totalScore":9510,"finalState":false,"active":false,"unvisitedChildren":143,"miniMaxValue":22220.0}
{"stateId":46,"originShotId":4967,"birdIndex":0,"times":1,"score":22220,"totalScore":31730,"finalState":true,"active":false,"unvisitedChildren":0,"miniMaxValue":22220.0}
{"stateId":47,"originShotId":33,"birdIndex":0,"times":3,"score":4102,"totalScore":4102,"finalState":false,"active":false,"unvisitedChildren":519,"miniMaxValue":30480.0}
{"stateId":48,"originShotId":5087,"birdIndex":0,"times":1,"score":5000,"totalScore":9080,"finalState":false,"active":false,"unvisitedChildren":152,"miniMaxValue":21790.0}
{"stateId":49,"originShotId":5303,"birdIndex":0,"times":1,"score":21790,"totalScore":30870,"finalState":true,"active":false,"unvisitedChildren":0,"miniMaxValue":21790.0}
{"stateId":50,"originShotId":182,"birdIndex":0,"times":2,"score":4535,"totalScore":4535,"finalState":false,"active":false,"unvisitedChildren":466,"miniMaxValue":21110.0}
{"stateId":51,"originShotId":5386,"birdIndex":0,"times":1,"score":4390,"totalScore":8840,"finalState":false,"active":false,"unvisitedChildren":244,"miniMaxValue":0.0}
{"stateId":52,"originShotId":5491,"birdIndex":0,"times":1,"score":6080,"totalScore":14920,"finalState":false,"active":false,"unvisitedChildren":53,"miniMaxValue":0.0}
{"stateId":53,"originShotId":5665,"birdIndex":0,"times":1,"score":0,"totalScore":14920,"finalState":true,"active":false,"unvisitedChildren":0,"miniMaxValue":0.0}
{"stateId":54,"originShotId":8,"birdIndex":0,"times":2,"score":4125,"totalScore":4125,"finalState":false,"active":false,"unvisitedChildren":400,"miniMaxValue":16590.0}
{"stateId":55,"originShotId":5783,"birdIndex":0,"times":1,"score":33180,"totalScore":37280,"finalState":true,"active":false,"unvisitedChildren":0,"miniMaxValue":33180.0}
{"stateId":56,"originShotId":5110,"birdIndex":0,"times":1,"score":30480,"totalScore":34650,"finalState":true,"active":false,"unvisitedChildren":0,"miniMaxValue":30480.0}
{"stateId":57,"originShotId":195,"birdIndex":0,"times":1,"score":2050,"totalScore":2050,"finalState":false,"active":false,"unvisitedChildren":397,"miniMaxValue":0.0}
{"stateId":58,"originShotId":6030,"birdIndex":0,"times":1,"score":2190,"totalScore":4240,"finalState":false,"active":false,"unvisitedChildren":221,"miniMaxValue":0.0}
{"stateId":59,"originShotId":6096,"birdIndex":0,"times":1,"score":5730,"totalScore":9970,"finalState":false,"active":false,"unvisitedChildren":60,"miniMaxValue":0.0}
{"stateId":60,"originShotId":6258,"birdIndex":0,"times":1,"score":0,"totalScore":10510,"finalState":true,"active":false,"unvisitedChildren":0,"miniMaxValue":0.0}
{"stateId":61,"originShotId":17,"birdIndex":0,"times":1,"score":5790,"totalScore":5790,"finalState":false,"active":false,"unvisitedChildren":307,"miniMaxValue":0.0}
{"stateId":62,"originShotId":6391,"birdIndex":0,"times":1,"score":3250,"totalScore":9040,"finalState":false,"active":false,"unvisitedChildren":152,"miniMaxValue":0.0}
{"stateId":63,"originShotId":6470,"birdIndex":0,"times":1,"score":0,"totalScore":9040,"finalState":true,"active":false,"unvisitedChildren":0,"miniMaxValue":0.0}
{"stateId":64,"originShotId":83,"birdIndex":0,"times":1,"score":4170,"totalScore":4170,"finalState":false,"active":false,"unvisitedChildren":218,"miniMaxValue":31450.0}
{"stateId":65,"originShotId":6639,"birdIndex":0,"times":1,"score":31450,"totalScore":35620,"finalState":true,"active":false,"unvisitedChildren":0,"miniMaxValue":31450.0}
{"stateId":66,"originShotId":16,"birdIndex":0,"times":1,"score":4410,"totalScore":4410,"finalState":false,"active":false,"unvisitedChildren":258,"miniMaxValue":0.0}
{"stateId":67,"originShotId":6789,"birdIndex":0,"times":1,"score":3280,"totalScore":7690,"finalState":false,"active":false,"unvisitedChildren":215,"miniMaxValue":0.0}
{"stateId":68,"originShotId":6877,"birdIndex":0,"times":1,"score":4130,"totalScore":11820,"finalState":false,"active":false,"unvisitedChildren":48,"miniMaxValue":0.0}
{"stateId":69,"originShotId":7015,"birdIndex":0,"times":1,"score":0,"totalScore":11820,"finalState":true,"active":false,"unvisitedChildren":0,"miniMaxValue":0.0}
{"stateId":70,"originShotId":22,"birdIndex":0,"times":3,"score":3297,"totalScore":3297,"finalState":false,"active":false,"unvisitedChildren":886,"miniMaxValue":0.0}
{"stateId":71,"originShotId":7295,"birdIndex":0,"times":1,"score":1760,"totalScore":5230,"finalState":false,"active":false,"unvisitedChildren":159,"miniMaxValue":0.0}
{"stateId":72,"originShotId":7452,"birdIndex":0,"times":1,"score":4130,"totalScore":9360,"finalState":false,"active":false,"unvisitedChildren":46,"miniMaxValue":0.0}
{"stateId":73,"originShotId":7542,"birdIndex":0,"times":1,"score":0,"totalScore":9360,"finalState":true,"active":false,"unvisitedChildren":0,"miniMaxValue":0.0}
{"stateId":74,"originShotId":7,"birdIndex":0,"times":2,"score":4400,"totalScore":4400,"finalState":false,"active":false,"unvisitedChildren":672,"miniMaxValue":0.0}
{"stateId":75,"originShotId":7796,"birdIndex":0,"times":1,"score":5780,"totalScore":10110,"finalState":false,"active":false,"unvisitedChildren":157,"miniMaxValue":0.0}
{"stateId":76,"originShotId":8008,"birdIndex":0,"times":1,"score":4590,"totalScore":14700,"finalState":false,"active":false,"unvisitedChildren":41,"miniMaxValue":0.0}
{"stateId":77,"originShotId":8047,"birdIndex":0,"times":1,"score":0,"totalScore":14700,"finalState":true,"active":false,"unvisitedChildren":0,"miniMaxValue":0.0}
{"stateId":78,"originShotId":49,"birdIndex":0,"times":1,"score":4880,"totalScore":4880,"finalState":false,"active":false,"unvisitedChildren":130,"miniMaxValue":0.0}
{"stateId":79,"originShotId":8083,"birdIndex":0,"times":1,"score":3860,"totalScore":8740,"finalState":false,"active":false,"unvisitedChildren":92,"miniMaxValue":0.0}
{"stateId":80,"originShotId":8124,"birdIndex":0,"times":1,"score":4550,"totalScore":13290,"finalState":false,"active":false,"unvisitedChildren":24,"miniMaxValue":0.0}
{"stateId":81,"originShotId":8189,"birdIndex":0,"times":1,"score":0,"totalScore":13290,"finalState":true,"active":false,"unvisitedChildren":0,"miniMaxValue":0.0}
{"stateId":82,"originShotId":186,"birdIndex":0,"times":1,"score":4870,"totalScore":4870,"finalState":false,"active":false,"unvisitedChildren":394,"miniMaxValue":20890.0}
{"stateId":83,"originShotId":8226,"birdIndex":0,"times":1,"score":2020,"totalScore":6890,"finalState":false,"active":false,"unvisitedChildren":170,"miniMaxValue":20890.0}
{"stateId":84,"originShotId":8481,"birdIndex":0,"times":1,"score":20890,"totalScore":27780,"finalState":true,"active":false,"unvisitedChildren":0,"miniMaxValue":20890.0}
{"stateId":85,"originShotId":12,"birdIndex":0,"times":2,"score":4995,"totalScore":4995,"finalState":false,"active":false,"unvisitedChildren":429,"miniMaxValue":21040.0}
{"stateId":86,"originShotId":8745,"birdIndex":0,"times":1,"score":2760,"totalScore":7990,"finalState":false,"active":false,"unvisitedChildren":146,"miniMaxValue":21040.0}
{"stateId":87,"originShotId":8810,"birdIndex":0,"times":1,"score":21040,"totalScore":29030,"finalState":true,"active":false,"unvisitedChildren":0,"miniMaxValue":21040.0}
{"stateId":88,"originShotId":7779,"birdIndex":0,"times":1,"score":3750,"totalScore":8220,"finalState":false,"active":false,"unvisitedChildren":166,"miniMaxValue":0.0}
{"stateId":89,"originShotId":8908,"birdIndex":0,"times":1,"score":1530,"totalScore":9750,"finalState":false,"active":false,"unvisitedChildren":38,"miniMaxValue":0.0}
{"stateId":90,"originShotId":9051,"birdIndex":0,"times":1,"score":0,"totalScore":9750,"finalState":true,"active":false,"unvisitedChildren":0,"miniMaxValue":0.0}
{"stateId":91,"originShotId":24,"birdIndex":0,"times":2,"score":3880,"totalScore":3880,"finalState":false,"active":false,"unvisitedChildren":651,"miniMaxValue":0.0}
{"stateId":92,"originShotId":9075,"birdIndex":0,"times":1,"score":3330,"totalScore":7150,"finalState":false,"active":false,"unvisitedChildren":233,"miniMaxValue":0.0}
{"stateId":93,"originShotId":9379,"birdIndex":0,"times":1,"score":4630,"totalScore":11780,"finalState":false,"active":false,"unvisitedChildren":60,"miniMaxValue":0.0}
{"stateId":94,"originShotId":9448,"birdIndex":0,"times":1,"score":0,"totalScore":11780,"finalState":true,"active":false,"unvisitedChildren":0,"miniMaxValue":0.0}
{"stateId":95,"originShotId":1734,"birdIndex":0,"times":1,"score":31210,"totalScore":36700,"finalState":true,"active":false,"unvisitedChildren":0,"miniMaxValue":31210.0}
{"stateId":96,"originShotId":110,"birdIndex":0,"times":1,"score":3700,"totalScore":3700,"finalState":false,"active":false,"unvisitedChildren":316,"miniMaxValue":0.0}
{"stateId":97,"originShotId":9604,"birdIndex":0,"times":1,"score":6020,"totalScore":9720,"finalState":false,"active":false,"unvisitedChildren":182,"miniMaxValue":0.0}
{"stateId":98,"originShotId":9744,"birdIndex":0,"times":1,"score":5160,"totalScore":14880,"finalState":false,"active":false,"unvisitedChildren":51,"miniMaxValue":0.0}
{"stateId":99,"originShotId":9786,"birdIndex":0,"times":1,"score":0,"totalScore":14880,"finalState":true,"active":false,"unvisitedChildren":0,"miniMaxValue":0.0}
{"stateId":100,"originShotId":88,"birdIndex":0,"times":1,"score":2990,"totalScore":2990,"finalState":false,"active":false,"unvisitedChildren":403,"miniMaxValue":0.0}
{"stateId":101,"originShotId":10016,"birdIndex":0,"times":1,"score":5370,"totalScore":8360,"finalState":false,"active":false,"unvisitedChildren":179,"miniMaxValue":0.0}
{"stateId":102,"originShotId":10185,"birdIndex":0,"times":1,"score":0,"totalScore":8360,"finalState":true,"active":false,"unvisitedChildren":0,"miniMaxValue":0.0}
{"stateId":103,"originShotId":144,"birdIndex":0,"times":1,"score":4030,"totalScore":4030,"finalState":false,"active":false,"unvisitedChildren":418,"miniMaxValue":21370.0}
{"stateId":104,"originShotId":10388,"birdIndex":0,"times":1,"score":3350,"totalScore":7380,"finalState":false,"active":false,"unvisitedChildren":224,"miniMaxValue":21370.0}
{"stateId":105,"originShotId":10572,"birdIndex":0,"times":1,"score":21370,"totalScore":28750,"finalState":true,"active":false,"unvisitedChildren":0,"miniMaxValue":21370.0}
{"stateId":106,"originShotId":58,"birdIndex":0,"times":1,"score":4640,"totalScore":4640,"finalState":false,"active":false,"unvisitedChildren":472,"miniMaxValue":22590.0}
{"stateId":107,"originShotId":10873,"birdIndex":0,"times":1,"score":2780,"totalScore":7420,"finalState":false,"active":false,"unvisitedChildren":158,"miniMaxValue":22590.0}
{"stateId":108,"originShotId":11022,"birdIndex":0,"times":1,"score":22590,"totalScore":30010,"finalState":true,"active":false,"unvisitedChildren":0,"miniMaxValue":22590.0}
{"stateId":109,"originShotId":66,"birdIndex":0,"times":1,"score":2220,"totalScore":2220,"finalState":false,"active":false,"unvisitedChildren":274,"miniMaxValue":21860.0}
{"stateId":110,"originShotId":11140,"birdIndex":0,"times":1,"score":2930,"totalScore":5150,"finalState":false,"active":false,"unvisitedChildren":95,"miniMaxValue":21860.0}
{"stateId":111,"originShotId":11310,"birdIndex":0,"times":1,"score":21860,"totalScore":27010,"finalState":true,"active":false,"unvisitedChildren":0,"miniMaxValue":21860.0}
{"stateId":112,"originShotId":35,"birdIndex":0,"times":4,"score":5660,"totalScore":5660,"finalState":false,"active":false,"unvisitedChildren":251,"miniMaxValue":33480.0}
{"stateId":113,"originShotId":11422,"birdIndex":0,"times":4,"score":33480,"totalScore":39140,"finalState":true,"active":false,"unvisitedChildren":0,"miniMaxValue":33480.0}
{"stateId":114,"originShotId":90,"birdIndex":0,"times":1,"score":3390,"totalScore":3390,"finalState":false,"active":false,"unvisitedChildren":218,"miniMaxValue":0.0}
{"stateId":115,"originShotId":11513,"birdIndex":0,"times":1,"score":5620,"totalScore":9010,"finalState":false,"active":false,"unvisitedChildren":162,"miniMaxValue":0.0}
{"stateId":116,"originShotId":11591,"birdIndex":0,"times":1,"score":5940,"totalScore":14950,"finalState":false,"active":false,"unvisitedChildren":67,"miniMaxValue":0.0}
{"stateId":117,"originShotId":11725,"birdIndex":0,"times":1,"score":0,"totalScore":14950,"finalState":true,"active":false,"unvisitedChildren":0,"miniMaxValue":0.0}
{"stateId":118,"originShotId":189,"birdIndex":0,"times":3,"score":4022,"totalScore":4022,"finalState":false,"active":false,"unvisitedChildren":187,"miniMaxValue":31615.0}
{"stateId":119,"originShotId":11813,"birdIndex":0,"times":2,"score":31615,"totalScore":35640,"finalState":true,"active":false,"unvisitedChildren":0,"miniMaxValue":31615.0}
{"stateId":120,"originShotId":11750,"birdIndex":0,"times":1,"score":30920,"totalScore":34940,"finalState":true,"active":false,"unvisitedChildren":0,"miniMaxValue":30920.0}
{"stateId":121,"originShotId":141,"birdIndex":0,"times":1,"score":3850,"totalScore":3850,"finalState":false,"active":false,"unvisitedChildren":286,"miniMaxValue":21130.0}
{"stateId":122,"originShotId":11963,"birdIndex":0,"times":1,"score":6000,"totalScore":9850,"finalState":false,"active":false,"unvisitedChildren":143,"miniMaxValue":21130.0}
{"stateId":123,"originShotId":12098,"birdIndex":0,"times":1,"score":21130,"totalScore":30980,"finalState":true,"active":false,"unvisitedChildren":0,"miniMaxValue":21130.0}
{"stateId":124,"originShotId":183,"birdIndex":0,"times":1,"score":5300,"totalScore":5300,"finalState":false,"active":false,"unvisitedChildren":122,"miniMaxValue":32430.0}
{"stateId":125,"originShotId":12235,"birdIndex":0,"times":1,"score":32430,"totalScore":37730,"finalState":true,"active":false,"unvisitedChildren":0,"miniMaxValue":32430.0}
{"stateId":126,"originShotId":2657,"birdIndex":0,"times":1,"score":3870,"totalScore":7770,"finalState":false,"active":false,"unvisitedChildren":238,"miniMaxValue":0.0}
{"stateId":127,"originShotId":12377,"birdIndex":0,"times":1,"score":2190,"totalScore":9960,"finalState":false,"active":false,"unvisitedChildren":50,"miniMaxValue":0.0}
{"stateId":128,"originShotId":12548,"birdIndex":0,"times":1,"score":0,"totalScore":9960,"finalState":true,"active":false,"unvisitedChildren":0,"miniMaxValue":0.0}
{"stateId":129,"originShotId":7301,"birdIndex":0,"times":1,"score":5370,"totalScore":8610,"finalState":false,"active":false,"unvisitedChildren":175,"miniMaxValue":0.0}
{"stateId":130,"originShotId":12614,"birdIndex":0,"times":1,"score":3040,"totalScore":11650,"finalState":false,"active":false,"unvisitedChildren":38,"miniMaxValue":0.0}
{"stateId":131,"originShotId":12717,"birdIndex":0,"times":1,"score":0,"totalScore":11650,"finalState":true,"active":false,"unvisitedChildren":0,"miniMaxValue":0.0}
{"stateId":132,"originShotId":3,"birdIndex":0,"times":1,"score":3410,"totalScore":3410,"finalState":false,"active":false,"unvisitedChildren":390,"miniMaxValue":0.0}
{"stateId":133,"originShotId":12848,"birdIndex":0,"times":1,"score":6840,"totalScore":10250,"finalState":false,"active":false,"unvisitedChildren":193,"miniMaxValue":0.0}
{"stateId":134,"originShotId":12982,"birdIndex":0,"times":1,"score":2580,"totalScore":12830,"finalState":false,"active":false,"unvisitedChildren":50,"miniMaxValue":0.0}
{"stateId":135,"originShotId":13129,"birdIndex":0,"times":1,"score":0,"totalScore":12830,"finalState":true,"active":false,"unvisitedChildren":0,"miniMaxValue":0.0}
{"stateId":136,"originShotId":21,"birdIndex":0,"times":1,"score":3890,"totalScore":3890,"finalState":false,"active":false,"unvisitedChildren":173,"miniMaxValue":31770.0}
{"stateId":137,"originShotId":13200,"birdIndex":0,"times":1,"score":31770,"totalScore":35660,"finalState":true,"active":false,"unvisitedChildren":0,"miniMaxValue":31770.0}
{"stateId":138,"originShotId":5429,"birdIndex":0,"times":1,"score":5520,"totalScore":10140,"finalState":false,"active":false,"unvisitedChildren":140,"miniMaxValue":21110.0}
{"stateId":139,"originShotId":13374,"birdIndex":0,"times":1,"score":21110,"totalScore":31250,"finalState":true,"active":false,"unvisitedChildren":0,"miniMaxValue":21110.0}
{"stateId":140,"originShotId":2642,"birdIndex":0,"times":1,"score":2170,"totalScore":6070,"finalState":false,"active":false,"unvisitedChildren":134,"miniMaxValue":23120.0}
{"stateId":141,"originShotId":13482,"birdIndex":0,"times":1,"score":23120,"totalScore":29190,"finalState":true,"active":false,"unvisitedChildren":0,"miniMaxValue":23120.0}
{"stateId":142,"originShotId":23,"birdIndex":0,"times":2,"score":5335,"totalScore":5335,"finalState":false,"active":false,"unvisitedChildren":655,"miniMaxValue":0.0}
{"stateId":143,"originShotId":13734,"birdIndex":0,"times":1,"score":6470,"totalScore":11740,"finalState":false,"active":false,"unvisitedChildren":253,"miniMaxValue":0.0}
{"stateId":144,"originShotId":13918,"birdIndex":0,"times":1,"score":5640,"totalScore":17380,"finalState":false,"active":false,"unvisitedChildren":62,"miniMaxValue":0.0}
{"stateId":145,"originShotId":14047,"birdIndex":0,"times":1,"score":0,"totalScore":17380,"finalState":true,"active":false,"unvisitedChildren":0,"miniMaxValue":0.0}
{"stateId":146,"originShotId":5159,"birdIndex":0,"times":1,"score":4000,"totalScore":8080,"finalState":false,"active":false,"unvisitedChildren":211,"miniMaxValue":0.0}
{"stateId":147,"originShotId":14207,"birdIndex":0,"times":1,"score":1210,"totalScore":9290,"finalState":false,"active":false,"unvisitedChildren":53,"miniMaxValue":0.0}
{"stateId":148,"originShotId":14225,"birdIndex":0,"times":1,"score":0,"totalScore":9290,"finalState":true,"active":false,"unvisitedChildren":0,"miniMaxValue":0.0}
{"stateId":149,"originShotId":18,"birdIndex":0,"times":3,"score":3090,"totalScore":3090,"finalState":false,"active":false,"unvisitedChildren":803,"miniMaxValue":0.0}
{"stateId":150,"originShotId":14390,"birdIndex":0,"times":1,"score":2880,"totalScore":6130,"finalState":false,"active":false,"unvisitedChildren":165,"miniMaxValue":0.0}
{"stateId":151,"originShotId":14511,"birdIndex":0,"times":1,"score":6010,"totalScore":12140,"finalState":false,"active":false,"unvisitedChildren":55,"miniMaxValue":0.0}
{"stateId":152,"originShotId":14613,"birdIndex":0,"times":1,"score":0,"totalScore":13120,"finalState":true,"active":false,"unvisitedChildren":0,"miniMaxValue":0.0}
{"stateId":153,"originShotId":8693,"birdIndex":0,"times":1,"score":3280,"totalScore":8040,"finalState":false,"active":false,"unvisitedChildren":141,"miniMaxValue":0.0}
{"stateId":154,"originShotId":14650,"birdIndex":0,"times":1,"score":4390,"totalScore":12430,"finalState":false,"active":false,"unvisitedChildren":52,"miniMaxValue":0.0}
{"stateId":155,"originShotId":14724,"birdIndex":0,"times":1,"score":0,"totalScore":12430,"finalState":true,"active":false,"unvisitedChildren":0,"miniMaxValue":0.0}
{"stateId":156,"originShotId":112,"birdIndex":0,"times":1,"score":4980,"totalScore":4980,"finalState":false,"active":false,"unvisitedChildren":348,"miniMaxValue":0.0}
{"stateId":157,"originShotId":14777,"birdIndex":0,"times":1,"score":5040,"totalScore":10020,"finalState":false,"active":false,"unvisitedChildren":187,"miniMaxValue":0.0}
{"stateId":158,"originShotId":14990,"birdIndex":0,"times":1,"score":2940,"totalScore":12960,"finalState":false,"active":false,"unvisitedChildren":41,"miniMaxValue":0.0}
{"stateId":159,"originShotId":15092,"birdIndex":0,"times":1,"score":0,"totalScore":12960,"finalState":true,"active":false,"unvisitedChildren":0,"miniMaxValue":0.0}
{"stateId":160,"originShotId":183,"birdIndex":0,"times":1,"score":4490,"totalScore":4490,"finalState":false,"active":false,"unvisitedChildren":386,"miniMaxValue":0.0}
{"stateId":161,"originShotId":15270,"birdIndex":0,"times":1,"score":6020,"totalScore":10510,"finalState":false,"active":false,"unvisitedChildren":216,"miniMaxValue":0.0}
{"stateId":162,"originShotId":15320,"birdIndex":0,"times":1,"score":6090,"totalScore":16600,"finalState":false,"active":false,"unvisitedChildren":52,"miniMaxValue":0.0}
{"stateId":163,"originShotId":15445,"birdIndex":0,"times":1,"score":0,"totalScore":16600,"finalState":true,"active":false,"unvisitedChildren":0,"miniMaxValue":0.0}
{"stateId":164,"originShotId":100,"birdIndex":0,"times":5,"score":3304,"totalScore":3304,"finalState":false,"active":true,"unvisitedChildren":164,"miniMaxValue":32512.75}
{"stateId":165,"originShotId":15596,"birdIndex":0,"times":4,"score":32173,"totalScore":35480,"finalState":true,"active":true,"unvisitedChildren":0,"miniMaxValue":32177.0}
{"stateId":166,"originShotId":13666,"birdIndex":0,"times":1,"score":5900,"totalScore":11300,"finalState":false,"active":false,"unvisitedChildren":194,"miniMaxValue":0.0}
{"stateId":167,"originShotId":15682,"birdIndex":0,"times":1,"score":4720,"totalScore":16020,"finalState":false,"active":false,"unvisitedChildren":48,"miniMaxValue":0.0}
{"stateId":168,"originShotId":15830,"birdIndex":0,"times":1,"score":0,"totalScore":16020,"finalState":true,"active":false,"unvisitedChildren":0,"miniMaxValue":0.0}
{"stateId":169,"originShotId":67,"birdIndex":0,"times":1,"score":4400,"totalScore":4400,"finalState":false,"active":false,"unvisitedChildren":126,"miniMaxValue":0.0}
{"stateId":170,"originShotId":15863,"birdIndex":0,"times":1,"score":3030,"totalScore":7430,"finalState":false,"active":false,"unvisitedChildren":100,"miniMaxValue":0.0}
{"stateId":171,"originShotId":15890,"birdIndex":0,"times":1,"score":4120,"totalScore":11550,"finalState":false,"active":false,"unvisitedChildren":38,"miniMaxValue":0.0}
{"stateId":172,"originShotId":15968,"birdIndex":0,"times":1,"score":0,"totalScore":11550,"finalState":true,"active":false,"unvisitedChildren":0,"miniMaxValue":0.0}
{"stateId":173,"originShotId":139,"birdIndex":0,"times":1,"score":7090,"totalScore":7090,"finalState":false,"active":false,"unvisitedChildren":313,"miniMaxValue":8200.0}
{"stateId":174,"originShotId":16115,"birdIndex":0,"times":1,"score":4310,"totalScore":11400,"finalState":false,"active":false,"unvisitedChildren":179,"miniMaxValue":8200.0}
{"stateId":175,"originShotId":16144,"birdIndex":0,"times":1,"score":4960,"totalScore":16360,"finalState":false,"active":false,"unvisitedChildren":54,"miniMaxValue":8200.0}
{"stateId":176,"originShotId":16292,"birdIndex":0,"times":1,"score":8200,"totalScore":24560,"finalState":true,"active":false,"unvisitedChildren":0,"miniMaxValue":8200.0}
{"stateId":177,"originShotId":126,"birdIndex":0,"times":1,"score":4620,"totalScore":4620,"finalState":false,"active":false,"unvisitedChildren":304,"miniMaxValue":21720.0}
{"stateId":178,"originShotId":16387,"birdIndex":0,"times":1,"score":4810,"totalScore":9430,"finalState":false,"active":false,"unvisitedChildren":128,"miniMaxValue":21720.0}
{"stateId":179,"originShotId":16508,"birdIndex":0,"times":1,"score":21720,"totalScore":31150,"finalState":true,"active":false,"unvisitedChildren":0,"miniMaxValue":21720.0}
{"stateId":180,"originShotId":121,"birdIndex":0,"times":1,"score":3150,"totalScore":3150,"finalState":false,"active":false,"unvisitedChildren":640,"miniMaxValue":0.0}
{"stateId":181,"originShotId":16701,"birdIndex":0,"times":1,"score":2120,"totalScore":5270,"finalState":false,"active":false,"unvisitedChildren":278,"miniMaxValue":0.0}
{"stateId":182,"originShotId":17021,"birdIndex":0,"times":1,"score":3810,"totalScore":9080,"finalState":false,"active":false,"unvisitedChildren":66,"miniMaxValue":0.0}
{"stateId":183,"originShotId":17218,"birdIndex":0,"times":1,"score":0,"totalScore":9080,"finalState":true,"active":false,"unvisitedChildren":0,"miniMaxValue":0.0}
{"stateId":184,"originShotId":5,"birdIndex":0,"times":1,"score":3100,"totalScore":3100,"finalState":false,"active":false,"unvisitedChildren":373,"miniMaxValue":0.0}
{"stateId":185,"originShotId":17348,"birdIndex":0,"times":1,"score":3010,"totalScore":6110,"finalState":false,"active":false,"unvisitedChildren":200,"miniMaxValue":0.0}
{"stateId":186,"originShotId":17489,"birdIndex":0,"times":1,"score":0,"totalScore":6110,"finalState":true,"active":false,"unvisitedChildren":0,"miniMaxValue":0.0}
{"stateId":187,"originShotId":9162,"birdIndex":0,"times":1,"score":1870,"totalScore":5810,"finalState":false,"active":false,"unvisitedChildren":231,"miniMaxValue":0.0}
{"stateId":188,"originShotId":17684,"birdIndex":0,"times":1,"score":4950,"totalScore":10760,"finalState":false,"active":false,"unvisitedChildren":55,"miniMaxValue":0.0}
{"stateId":189,"originShotId":17823,"birdIndex":0,"times":1,"score":0,"totalScore":10760,"finalState":true,"active":false,"unvisitedChildren":0,"miniMaxValue":0.0}
{"stateId":190,"originShotId":28,"birdIndex":0,"times":1,"score":4800,"totalScore":4800,"finalState":false,"active":false,"unvisitedChildren":451,"miniMaxValue":21310.0}
{"stateId":191,"originShotId":18040,"birdIndex":0,"times":1,"score":5560,"totalScore":10360,"finalState":false,"active":false,"unvisitedChildren":161,"miniMaxValue":21310.0}
{"stateId":192,"originShotId":18298,"birdIndex":0,"times":1,"score":21310,"totalScore":31670,"finalState":true,"active":false,"unvisitedChildren":0,"miniMaxValue":21310.0}
{"stateId":193,"originShotId":89,"birdIndex":0,"times":1,"score":2990,"totalScore":2990,"finalState":false,"active":false,"unvisitedChildren":140,"miniMaxValue":31820.0}
{"stateId":194,"originShotId":18357,"birdIndex":0,"times":1,"score":31820,"totalScore":34810,"finalState":true,"active":false,"unvisitedChildren":0,"miniMaxValue":31820.0}
{"stateId":195,"originShotId":143,"birdIndex":0,"times":1,"score":5480,"totalScore":5480,"finalState":false,"active":false,"unvisitedChildren":297,"miniMaxValue":7550.0}
{"stateId":196,"originShotId":18536,"birdIndex":0,"times":1,"score":2960,"totalScore":8440,"finalState":false,"active":false,"unvisitedChildren":172,"miniMaxValue":7550.0}
{"stateId":197,"originShotId":18622,"birdIndex":0,"times":1,"score":5550,"totalScore":13990,"finalState":false,"active":false,"unvisitedChildren":47,"miniMaxValue":7550.0}
{"stateId":198,"originShotId":18718,"birdIndex":0,"times":1,"score":7550,"totalScore":21540,"finalState":true,"active":false,"unvisitedChildren":0,"miniMaxValue":7550.0}
{"stateId":199,"originShotId":20,"birdIndex":0,"times":1,"score":5400,"totalScore":5400,"finalState":false,"active":false,"unvisitedChildren":452,"miniMaxValue":0.0}
{"stateId":200,"originShotId":18777,"birdIndex":0,"times":1,"score":6500,"totalScore":11900,"finalState":false,"active":false,"unvisitedChildren":255,"miniMaxValue":0.0}
{"stateId":201,"originShotId":19148,"birdIndex":0,"times":1,"score":5940,"totalScore":17840,"finalState":false,"active":false,"unvisitedChildren":49,"miniMaxValue":0.0}
{"stateId":202,"originShotId":19161,"birdIndex":0,"times":1,"score":0,"totalScore":17840,"finalState":true,"active":false,"unvisitedChildren":0,"miniMaxValue":0.0}
{"stateId":203,"originShotId":7266,"birdIndex":0,"times":1,"score":6600,"totalScore":9840,"finalState":false,"active":false,"unvisitedChildren":195,"miniMaxValue":0.0}
{"stateId":204,"originShotId":19251,"birdIndex":0,"times":1,"score":5130,"totalScore":14970,"finalState":false,"active":false,"unvisitedChildren":46,"miniMaxValue":0.0}
{"stateId":205,"originShotId":19371,"birdIndex":0,"times":1,"score":0,"totalScore":14970,"finalState":true,"active":false,"unvisitedChildren":0,"miniMaxValue":0.0}
{"stateId":206,"originShotId":12,"birdIndex":0,"times":1,"score":3660,"totalScore":3660,"finalState":false,"active":false,"unvisitedChildren":289,"miniMaxValue":22050.0}
{"stateId":207,"originShotId":19453,"birdIndex":0,"times":1,"score":2590,"totalScore":6250,"finalState":false,"active":false,"unvisitedChildren":173,"miniMaxValue":22050.0}
{"stateId":208,"originShotId":19619,"birdIndex":0,"times":1,"score":22050,"totalScore":28300,"finalState":true,"active":false,"unvisitedChildren":0,"miniMaxValue":22050.0}
{"stateId":209,"originShotId":45,"birdIndex":0,"times":1,"score":4660,"totalScore":4660,"finalState":false,"active":false,"unvisitedChildren":378,"miniMaxValue":0.0}
{"stateId":210,"originShotId":19783,"birdIndex":0,"times":1,"score":4240,"totalScore":8900,"finalState":false,"active":false,"unvisitedChildren":208,"miniMaxValue":0.0}
{"stateId":211,"originShotId":19884,"birdIndex":0,"times":1,"score":6720,"totalScore":15620,"finalState":false,"active":false,"unvisitedChildren":56,"miniMaxValue":0.0}
{"stateId":212,"originShotId":20067,"birdIndex":0,"times":1,"score":0,"totalScore":15620,"finalState":true,"active":false,"unvisitedChildren":0,"miniMaxValue":0.0}
{"stateId":213,"originShotId":57,"birdIndex":0,"times":1,"score":3270,"totalScore":3270,"finalState":false,"active":false,"unvisitedChildren":349,"miniMaxValue":0.0}
{"stateId":214,"originShotId":20120,"birdIndex":0,"times":1,"score":0,"totalScore":3270,"finalState":false,"active":false,"unvisitedChildren":188,"miniMaxValue":0.0}
{"stateId":215,"originShotId":20300,"birdIndex":0,"times":1,"score":3550,"totalScore":6820,"finalState":false,"active":false,"unvisitedChildren":63,"miniMaxValue":0.0}
{"stateId":216,"originShotId":20397,"birdIndex":0,"times":1,"score":0,"totalScore":6820,"finalState":true,"active":false,"unvisitedChildren":0,"miniMaxValue":0.0}
{"stateId":217,"originShotId":14308,"birdIndex":0,"times":1,"score":3040,"totalScore":6450,"finalState":false,"active":false,"unvisitedChildren":233,"miniMaxValue":0.0}
{"stateId":218,"originShotId":20458,"birdIndex":0,"times":1,"score":5340,"totalScore":11790,"finalState":false,"active":false,"unvisitedChildren":60,"miniMaxValue":0.0}
{"stateId":219,"originShotId":20623,"birdIndex":0,"times":1,"score":0,"totalScore":11790,"finalState":true,"active":false,"unvisitedChildren":0,"miniMaxValue":0.0}
{"stateId":220,"originShotId":124,"birdIndex":0,"times":1,"score":6110,"totalScore":6110,"finalState":false,"active":false,"unvisitedChildren":373,"miniMaxValue":7210.0}
{"stateId":221,"originShotId":20728,"birdIndex":0,"times":1,"score":5590,"totalScore":11700,"finalState":false,"active":false,"unvisitedChildren":194,"miniMaxValue":7210.0}
{"stateId":222,"originShotId":20862,"birdIndex":0,"times":1,"score":3580,"totalScore":15280,"finalState":false,"active":false,"unvisitedChildren":51,"miniMaxValue":7210.0}
{"stateId":223,"originShotId":21034,"birdIndex":0,"times":1,"score":7210,"totalScore":22490,"finalState":true,"active":false,"unvisitedChildren":0,"miniMaxValue":7210.0}
{"stateId":224,"originShotId":16,"birdIndex":0,"times":2,"score":5110,"totalScore":5110,"finalState":false,"active":false,"unvisitedChildren":618,"miniMaxValue":0.0}
{"stateId":225,"originShotId":21108,"birdIndex":0,"times":1,"score":1620,"totalScore":6730,"finalState":false,"active":false,"unvisitedChildren":164,"miniMaxValue":0.0}
{"stateId":226,"originShotId":21357,"birdIndex":0,"times":1,"score":5510,"totalScore":12240,"finalState":false,"active":false,"unvisitedChildren":36,"miniMaxValue":0.0}
{"stateId":227,"originShotId":21446,"birdIndex":0,"times":1,"score":0,"totalScore":12240,"finalState":true,"active":false,"unvisitedChildren":0,"miniMaxValue":0.0}
{"stateId":228,"originShotId":32,"birdIndex":0,"times":1,"score":5890,"totalScore":5890,"finalState":false,"active":false,"unvisitedChildren":203,"miniMaxValue":32230.0}
{"stateId":229,"originShotId":21560,"birdIndex":0,"times":1,"score":32230,"totalScore":38120,"finalState":true,"active":false,"unvisitedChildren":0,"miniMaxValue":32230.0}
{"stateId":230,"originShotId":36,"birdIndex":0,"times":1,"score":3950,"totalScore":3950,"finalState":false,"active":false,"unvisitedChildren":251,"miniMaxValue":31650.0}
{"stateId":231,"originShotId":21780,"birdIndex":0,"times":1,"score":31650,"totalScore":35600,"finalState":true,"active":false,"unvisitedChildren":0,"miniMaxValue":31650.0}
{"stateId":232,"originShotId":9,"birdIndex":0,"times":1,"score":3270,"totalScore":3270,"finalState":false,"active":false,"unvisitedChildren":370,"miniMaxValue":19350.0}
{"stateId":233,"originShotId":21949,"birdIndex":0,"times":1,"score":4140,"totalScore":7410,"finalState":false,"active":false,"unvisitedChildren":185,"miniMaxValue":19350.0}
{"stateId":234,"originShotId":22184,"birdIndex":0,"times":1,"score":19350,"totalScore":26760,"finalState":true,"active":false,"unvisitedChildren":0,"miniMaxValue":19350.0}
{"stateId":235,"originShotId":14270,"birdIndex":0,"times":1,"score":1830,"totalScore":4680,"finalState":false,"active":false,"unvisitedChildren":225,"miniMaxValue":0.0}
{"stateId":236,"originShotId":22350,"birdIndex":0,"times":1,"score":4210,"totalScore":8890,"finalState":false,"active":false,"unvisitedChildren":52,"miniMaxValue":0.0}
{"stateId":237,"originShotId":22473,"birdIndex":0,"times":1,"score":0,"totalScore":8890,"finalState":true,"active":false,"unvisitedChildren":0,"miniMaxValue":0.0}
{"stateId":238,"originShotId":30,"birdIndex":0,"times":1,"score":4110,"totalScore":4110,"finalState":false,"active":false,"unvisitedChildren":382,"miniMaxValue":0.0}
{"stateId":239,"originShotId":22593,"birdIndex":0,"times":1,"score":5580,"totalScore":9690,"finalState":false,"active":false,"unvisitedChildren":200,"miniMaxValue":0.0}
{"stateId":240,"originShotId":22736,"birdIndex":0,"times":1,"score":4000,"totalScore":13690,"finalState":false,"active":false,"unvisitedChildren":48,"miniMaxValue":0.0}
{"stateId":241,"originShotId":22857,"birdIndex":0,"times":1,"score":0,"totalScore":13690,"finalState":true,"active":false,"unvisitedChildren":0,"miniMaxValue":0.0}
{"stateId":242,"originShotId":32,"birdIndex":0,"times":1,"score":4210,"totalScore":4210,"finalState":false,"active":false,"unvisitedChildren":344,"miniMaxValue":0.0}
{"stateId":243,"originShotId":23031,"birdIndex":0,"times":1,"score":6160,"totalScore":10370,"finalState":false,"active":false,"unvisitedChildren":186,"miniMaxValue":0.0}
{"stateId":244,"originShotId":23103,"birdIndex":0,"times":1,"score":3190,"totalScore":13560,"finalState":false,"active":false,"unvisitedChildren":49,"miniMaxValue":0.0}
{"stateId":245,"originShotId":23225,"birdIndex":0,"times":1,"score":0,"totalScore":13560,"finalState":true,"active":false,"unvisitedChildren":0,"miniMaxValue":0.0}
{"stateId":246,"originShotId":9,"birdIndex":0,"times":1,"score":3980,"totalScore":3980,"finalState":false,"active":false,"unvisitedChildren":364,"miniMaxValue":21960.0}
{"stateId":247,"originShotId":23422,"birdIndex":0,"times":1,"score":3280,"totalScore":7260,"finalState":false,"active":false,"unvisitedChildren":173,"miniMaxValue":21960.0}
{"stateId":248,"originShotId":23496,"birdIndex":0,"times":1,"score":21960,"totalScore":29220,"finalState":true,"active":false,"unvisitedChildren":0,"miniMaxValue":21960.0}
{"stateId":249,"originShotId":21076,"birdIndex":0,"times":1,"score":4550,"totalScore":9660,"finalState":false,"active":false,"unvisitedChildren":213,"miniMaxValue":0.0}
{"stateId":250,"originShotId":23628,"birdIndex":0,"times":1,"score":7020,"totalScore":16680,"finalState":false,"active":false,"unvisitedChildren":46,"miniMaxValue":0.0}
{"stateId":251,"originShotId":23817,"birdIndex":0,"times":1,"score":0,"totalScore":16680,"finalState":true,"active":false,"unvisitedChildren":0,"miniMaxValue":0.0}
{"stateId":252,"originShotId":5783,"birdIndex":0,"times":1,"score":6360,"totalScore":10510,"finalState":false,"active":false,"unvisitedChildren":251,"miniMaxValue":0.0}
{"stateId":253,"originShotId":23962,"birdIndex":0,"times":1,"score":5020,"totalScore":15530,"finalState":false,"active":false,"unvisitedChildren":51,"miniMaxValue":0.0}
{"stateId":254,"originShotId":24052,"birdIndex":0,"times":1,"score":0,"totalScore":15530,"finalState":true,"active":false,"unvisitedChildren":0,"miniMaxValue":0.0}
{"stateId":255,"originShotId":35,"birdIndex":0,"times":1,"score":6770,"totalScore":6770,"finalState":false,"active":false,"unvisitedChildren":401,"miniMaxValue":0.0}
{"stateId":256,"originShotId":24455,"birdIndex":0,"times":1,"score":3880,"totalScore":10650,"finalState":false,"active":false,"unvisitedChildren":255,"miniMaxValue":0.0}
{"stateId":257,"originShotId":24704,"birdIndex":0,"times":1,"score":4430,"totalScore":15080,"finalState":false,"active":false,"unvisitedChildren":58,"miniMaxValue":0.0}
{"stateId":258,"originShotId":24788,"birdIndex":0,"times":1,"score":0,"totalScore":15080,"finalState":true,"active":false,"unvisitedChildren":0,"miniMaxValue":0.0}
{"stateId":259,"originShotId":1734,"birdIndex":0,"times":1,"score":30510,"totalScore":36000,"finalState":true,"active":false,"unvisitedChildren":0,"miniMaxValue":30510.0}
{"stateId":260,"originShotId":15596,"birdIndex":0,"times":1,"score":33520,"totalScore":36810,"finalState":true,"active":false,"unvisitedChildren":0,"miniMaxValue":33520.0}
