{"stateId":1,"originShotId":-1,"birdIndex":0,"times":0,"score":0,"totalScore":0,"finalState":false,"active":false,"unvisitedChildren":24827,"miniMaxValue":0.0}
{"stateId":260,"originShotId":15596,"birdIndex":0,"times":1,"score":33520,"totalScore":36810,"finalState":true,"active":false,"unvisitedChildren":0,"miniMaxValue":33520.0}
{"stateId":261,"originShotId":15596,"birdIndex":0,"times":1,"score":8800,"totalScore":12130,"finalState":false,"active":false,"unvisitedChildren":263,"miniMaxValue":0.0}
{"stateId":262,"originShotId":24910,"birdIndex":0,"times":1,"score":5470,"totalScore":17600,"finalState":false,"active":false,"unvisitedChildren":57,"miniMaxValue":0.0}
{"stateId":263,"originShotId":25041,"birdIndex":0,"times":1,"score":0,"totalScore":17600,"finalState":true,"active":false,"unvisitedChildren":0,"miniMaxValue":0.0}
{"stateId":264,"originShotId":18357,"birdIndex":0,"times":1,"score":32730,"totalScore":35720,"finalState":true,"active":false,"unvisitedChildren":0,"miniMaxValue":32730.0}
{"stateId":265,"originShotId":18357,"birdIndex":0,"times":1,"score":4580,"totalScore":7570,"finalState":false,"active":false,"unvisitedChildren":207,"miniMaxValue":0.0}
{"stateId":266,"originShotId":25088,"birdIndex":0,"times":1,"score":2630,"totalScore":10200,"finalState":false,"active":false,"unvisitedChildren":61,"miniMaxValue":0.0}
{"stateId":267,"originShotId":25271,"birdIndex":0,"times":1,"score":0,"totalScore":10200,"finalState":true,"active":false,"unvisitedChildren":0,"miniMaxValue":0.0}
{"stateId":156,"originShotId":112,"birdIndex":0,"times":1,"score":4980,"totalScore":4980,"finalState":false,"active":false,"unvisitedChildren":348,"miniMaxValue":0.0}
{"stateId":157,"originShotId":14777,"birdIndex":0,"times":1,"score":5040,"totalScore":10020,"finalState":false,"active":false,"unvisitedChildren":187,"miniMaxValue":0.0}
{"stateId":158,"originShotId":14990,"birdIndex":0,"times":1,"score":2940,"totalScore":12960,"finalState":false,"active":false,"unvisitedChildren":41,"miniMaxValue":0.0}
{"stateId":159,"originShotId":15092,"birdIndex":0,"times":1,"score":0,"totalScore":12960,"finalState":true,"active":false,"unvisitedChildren":0,"miniMaxValue":0.0}
{"stateId":36,"originShotId":118,"birdIndex":0,"times":1,"score":6570,"totalScore":6570,"finalState":false,"active":false,"unvisitedChildren":396,"miniMaxValue":0.0}
{"stateId":164,"originShotId":100,"birdIndex":0,"times":7,"score":3318,"totalScore":3318,"finalState":false,"active":false,"unvisitedChildren":427,"miniMaxValue":27757.145}
{"stateId":37,"originShotId":3861,"birdIndex":0,"times":1,"score":5120,"totalScore":11690,"finalState":false,"active":false,"unvisitedChildren":232,"miniMaxValue":0.0}
{"stateId":165,"originShotId":15596,"birdIndex":0,"times":5,"score":32156,"totalScore":35465,"finalState":true,"active":false,"unvisitedChildren":0,"miniMaxValue":32156.0}
{"stateId":38,"originShotId":4169,"birdIndex":0,"times":1,"score":5680,"totalScore":17370,"finalState":false,"active":false,"unvisitedChildren":50,"miniMaxValue":0.0}
{"stateId":39,"originShotId":4235,"birdIndex":0,"times":1,"score":0,"totalScore":17370,"finalState":true,"active":false,"unvisitedChildren":0,"miniMaxValue":0.0}
{"stateId":40,"originShotId":91,"birdIndex":0,"times":1,"score":5740,"totalScore":5740,"finalState":false,"active":false,"unvisitedChildren":478,"miniMaxValue":0.0}
{"stateId":41,"originShotId":4462,"birdIndex":0,"times":1,"score":3430,"totalScore":9170,"finalState":false,"active":false,"unvisitedChildren":155,"miniMaxValue":0.0}
{"stateId":169,"originShotId":67,"birdIndex":0,"times":1,"score":4400,"totalScore":4400,"finalState":false,"active":false,"unvisitedChildren":126,"miniMaxValue":0.0}
{"stateId":42,"originShotId":4690,"birdIndex":0,"times":1,"score":2770,"totalScore":11940,"finalState":false,"active":false,"unvisitedChildren":39,"miniMaxValue":0.0}
{"stateId":170,"originShotId":15863,"birdIndex":0,"times":1,"score":3030,"totalScore":7430,"finalState":false,"active":false,"unvisitedChildren":100,"miniMaxValue":0.0}
{"stateId":43,"originShotId":4715,"birdIndex":0,"times":1,"score":0,"totalScore":11940,"finalState":true,"active":false,"unvisitedChildren":0,"miniMaxValue":0.0}
{"stateId":171,"originShotId":15890,"birdIndex":0,"times":1,"score":4120,"totalScore":11550,"finalState":false,"active":false,"unvisitedChildren":38,"miniMaxValue":0.0}
{"stateId":172,"originShotId":15968,"birdIndex":0,"times":1,"score":0,"totalScore":11550,"finalState":true,"active":false,"unvisitedChildren":0,"miniMaxValue":0.0}
{"stateId":177,"originShotId":126,"birdIndex":0,"times":1,"score":4620,"totalScore":4620,"finalState":false,"active":false,"unvisitedChildren":304,"miniMaxValue":21720.0}
{"stateId":178,"originShotId":16387,"birdIndex":0,"times":1,"score":4810,"totalScore":9430,"finalState":false,"active":false,"unvisitedChildren":128,"miniMaxValue":21720.0}
{"stateId":179,"originShotId":16508,"birdIndex":0,"times":1,"score":21720,"totalScore":31150,"finalState":true,"active":false,"unvisitedChildren":0,"miniMaxValue":21720.0}
{"stateId":180,"originShotId":121,"birdIndex":0,"times":1,"score":3150,"totalScore":3150,"finalState":false,"active":false,"unvisitedChildren":640,"miniMaxValue":0.0}
{"stateId":181,"originShotId":16701,"birdIndex":0,"times":1,"score":2120,"totalScore":5270,"finalState":false,"active":false,"unvisitedChildren":278,"miniMaxValue":0.0}
{"stateId":182,"originShotId":17021,"birdIndex":0,"times":1,"score":3810,"totalScore":9080,"finalState":false,"active":false,"unvisitedChildren":66,"miniMaxValue":0.0}
{"stateId":183,"originShotId":17218,"birdIndex":0,"times":1,"score":0,"totalScore":9080,"finalState":true,"active":false,"unvisitedChildren":0,"miniMaxValue":0.0}
{"stateId":64,"originShotId":83,"birdIndex":0,"times":1,"score":4170,"totalScore":4170,"finalState":false,"active":false,"unvisitedChildren":218,"miniMaxValue":31450.0}
{"stateId":65,"originShotId":6639,"birdIndex":0,"times":1,"score":31450,"totalScore":35620,"finalState":true,"active":false,"unvisitedChildren":0,"miniMaxValue":31450.0}
{"stateId":193,"originShotId":89,"birdIndex":0,"times":4,"score":3003,"totalScore":3003,"finalState":false,"active":false,"unvisitedChildren":347,"miniMaxValue":24105.0}
{"stateId":194,"originShotId":18357,"birdIndex":0,"times":2,"score":31845,"totalScore":34890,"finalState":true,"active":false,"unvisitedChildren":0,"miniMaxValue":31845.0}
{"stateId":78,"originShotId":49,"birdIndex":0,"times":1,"score":4880,"totalScore":4880,"finalState":false,"active":false,"unvisitedChildren":130,"miniMaxValue":0.0}
{"stateId":79,"originShotId":8083,"birdIndex":0,"times":1,"score":3860,"totalScore":8740,"finalState":false,"active":false,"unvisitedChildren":92,"miniMaxValue":0.0}
{"stateId":80,"originShotId":8124,"birdIndex":0,"times":1,"score":4550,"totalScore":13290,"finalState":false,"active":false,"unvisitedChildren":24,"miniMaxValue":0.0}
{"stateId":81,"originShotId":8189,"birdIndex":0,"times":1,"score":0,"totalScore":13290,"finalState":true,"active":false,"unvisitedChildren":0,"miniMaxValue":0.0}
{"stateId":213,"originShotId":57,"birdIndex":0,"times":1,"score":3270,"totalScore":3270,"finalState":false,"active":false,"unvisitedChildren":349,"miniMaxValue":0.0}
{"stateId":214,"originShotId":20120,"birdIndex":0,"times":1,"score":0,"totalScore":3270,"finalState":false,"active":false,"unvisitedChildren":188,"miniMaxValue":0.0}
{"stateId":215,"originShotId":20300,"birdIndex":0,"times":1,"score":3550,"totalScore":6820,"finalState":false,"active":false,"unvisitedChildren":63,"miniMaxValue":0.0}
{"stateId":216,"originShotId":20397,"birdIndex":0,"times":1,"score":0,"totalScore":6820,"finalState":true,"active":false,"unvisitedChildren":0,"miniMaxValue":0.0}
{"stateId":220,"originShotId":124,"birdIndex":0,"times":1,"score":6110,"totalScore":6110,"finalState":false,"active":false,"unvisitedChildren":373,"miniMaxValue":7210.0}
{"stateId":221,"originShotId":20728,"birdIndex":0,"times":1,"score":5590,"totalScore":11700,"finalState":false,"active":false,"unvisitedChildren":194,"miniMaxValue":7210.0}
{"stateId":222,"originShotId":20862,"birdIndex":0,"times":1,"score":3580,"totalScore":15280,"finalState":false,"active":false,"unvisitedChildren":51,"miniMaxValue":7210.0}
{"stateId":223,"originShotId":21034,"birdIndex":0,"times":1,"score":7210,"totalScore":22490,"finalState":true,"active":false,"unvisitedChildren":0,"miniMaxValue":7210.0}
{"stateId":96,"originShotId":110,"birdIndex":0,"times":1,"score":3700,"totalScore":3700,"finalState":false,"active":false,"unvisitedChildren":316,"miniMaxValue":0.0}
{"stateId":97,"originShotId":9604,"birdIndex":0,"times":1,"score":6020,"totalScore":9720,"finalState":false,"active":false,"unvisitedChildren":182,"miniMaxValue":0.0}
{"stateId":98,"originShotId":9744,"birdIndex":0,"times":1,"score":5160,"totalScore":14880,"finalState":false,"active":false,"unvisitedChildren":51,"miniMaxValue":0.0}
{"stateId":99,"originShotId":9786,"birdIndex":0,"times":1,"score":0,"totalScore":14880,"finalState":true,"active":false,"unvisitedChildren":0,"miniMaxValue":0.0}
{"stateId":100,"originShotId":88,"birdIndex":0,"times":1,"score":2990,"totalScore":2990,"finalState":false,"active":false,"unvisitedChildren":403,"miniMaxValue":0.0}
{"stateId":101,"originShotId":10016,"birdIndex":0,"times":1,"score":5370,"totalScore":8360,"finalState":false,"active":false,"unvisitedChildren":179,"miniMaxValue":0.0}
{"stateId":102,"originShotId":10185,"birdIndex":0,"times":1,"score":0,"totalScore":8360,"finalState":true,"active":false,"unvisitedChildren":0,"miniMaxValue":0.0}
{"stateId":106,"originShotId":58,"birdIndex":0,"times":1,"score":4640,"totalScore":4640,"finalState":false,"active":false,"unvisitedChildren":472,"miniMaxValue":22590.0}
{"stateId":107,"originShotId":10873,"birdIndex":0,"times":1,"score":2780,"totalScore":7420,"finalState":false,"active":false,"unvisitedChildren":158,"miniMaxValue":22590.0}
{"stateId":108,"originShotId":11022,"birdIndex":0,"times":1,"score":22590,"totalScore":30010,"finalState":true,"active":false,"unvisitedChildren":0,"miniMaxValue":22590.0}
{"stateId":109,"originShotId":66,"birdIndex":0,"times":1,"score":2220,"totalScore":2220,"finalState":false,"active":false,"unvisitedChildren":274,"miniMaxValue":21860.0}
{"stateId":110,"originShotId":11140,"birdIndex":0,"times":1,"score":2930,"totalScore":5150,"finalState":false,"active":false,"unvisitedChildren":95,"miniMaxValue":21860.0}
{"stateId":111,"originShotId":11310,"birdIndex":0,"times":1,"score":21860,"totalScore":27010,"finalState":true,"active":false,"unvisitedChildren":0,"miniMaxValue":21860.0}
{"stateId":114,"originShotId":90,"birdIndex":0,"times":1,"score":3390,"totalScore":3390,"finalState":false,"active":false,"unvisitedChildren":218,"miniMaxValue":0.0}
{"stateId":115,"originShotId":11513,"birdIndex":0,"times":1,"score":5620,"totalScore":9010,"finalState":false,"active":false,"unvisitedChildren":162,"miniMaxValue":0.0}
{"stateId":116,"originShotId":11591,"birdIndex":0,"times":1,"score":5940,"totalScore":14950,"finalState":false,"active":false,"unvisitedChildren":67,"miniMaxValue":0.0}
{"stateId":117,"originShotId":11725,"birdIndex":0,"times":1,"score":0,"totalScore":14950,"finalState":true,"active":false,"unvisitedChildren":0,"miniMaxValue":0.0}
