{"stateId":1,"originShotId":-1,"birdIndex":0,"times":0,"score":0,"totalScore":0,"finalState":false,"active":false,"unvisitedChildren":1157,"miniMaxValue":0.0}
{"stateId":6,"originShotId":39,"birdIndex":0,"times":1,"score":17120,"totalScore":17120,"finalState":false,"active":false,"unvisitedChildren":34,"miniMaxValue":16830.0}
{"stateId":7,"originShotId":165,"birdIndex":0,"times":1,"score":5040,"totalScore":22160,"finalState":false,"active":false,"unvisitedChildren":16,"miniMaxValue":16830.0}
{"stateId":8,"originShotId":183,"birdIndex":0,"times":1,"score":16830,"totalScore":38990,"finalState":true,"active":false,"unvisitedChildren":0,"miniMaxValue":16830.0}
{"stateId":9,"originShotId":40,"birdIndex":0,"times":1,"score":11130,"totalScore":11130,"finalState":false,"active":false,"unvisitedChildren":48,"miniMaxValue":9950.0}
{"stateId":10,"originShotId":203,"birdIndex":0,"times":1,"score":100,"totalScore":11230,"finalState":false,"active":false,"unvisitedChildren":30,"miniMaxValue":9950.0}
{"stateId":11,"originShotId":220,"birdIndex":0,"times":1,"score":6160,"totalScore":17390,"finalState":false,"active":false,"unvisitedChildren":14,"miniMaxValue":9950.0}
{"stateId":12,"originShotId":236,"birdIndex":0,"times":1,"score":9950,"totalScore":27340,"finalState":true,"active":false,"unvisitedChildren":0,"miniMaxValue":9950.0}
{"stateId":13,"originShotId":41,"birdIndex":0,"times":1,"score":14700,"totalScore":14700,"finalState":false,"active":false,"unvisitedChildren":29,"miniMaxValue":16640.0}
{"stateId":14,"originShotId":249,"birdIndex":0,"times":1,"score":7290,"totalScore":21990,"finalState":false,"active":false,"unvisitedChildren":14,"miniMaxValue":16640.0}
{"stateId":15,"originShotId":265,"birdIndex":0,"times":1,"score":16640,"totalScore":38630,"finalState":true,"active":false,"unvisitedChildren":0,"miniMaxValue":16640.0}
{"stateId":16,"originShotId":29,"birdIndex":0,"times":1,"score":10750,"totalScore":10750,"finalState":false,"active":false,"unvisitedChildren":18,"miniMaxValue":36180.0}
{"stateId":17,"originShotId":279,"birdIndex":0,"times":1,"score":36180,"totalScore":46930,"finalState":true,"active":false,"unvisitedChildren":0,"miniMaxValue":36180.0}
{"stateId":18,"originShotId":30,"birdIndex":0,"times":1,"score":14250,"totalScore":14250,"finalState":false,"active":false,"unvisitedChildren":31,"miniMaxValue":16710.0}
{"stateId":19,"originShotId":302,"birdIndex":0,"times":1,"score":5040,"totalScore":19290,"finalState":false,"active":false,"unvisitedChildren":13,"miniMaxValue":16710.0}
{"stateId":20,"originShotId":318,"birdIndex":0,"times":1,"score":16710,"totalScore":36000,"finalState":true,"active":false,"unvisitedChildren":0,"miniMaxValue":16710.0}
{"stateId":21,"originShotId":6,"birdIndex":0,"times":1,"score":56150,"totalScore":56150,"finalState":true,"active":false,"unvisitedChildren":0,"miniMaxValue":56150.0}
{"stateId":22,"originShotId":7,"birdIndex":0,"times":1,"score":17480,"totalScore":17480,"finalState":false,"active":false,"unvisitedChildren":26,"miniMaxValue":16660.0}
{"stateId":23,"originShotId":333,"birdIndex":0,"times":1,"score":5140,"totalScore":22620,"finalState":false,"active":false,"unvisitedChildren":10,"miniMaxValue":16660.0}
{"stateId":24,"originShotId":346,"birdIndex":0,"times":1,"score":16660,"totalScore":39280,"finalState":true,"active":false,"unvisitedChildren":0,"miniMaxValue":16660.0}
{"stateId":25,"originShotId":27,"birdIndex":0,"times":1,"score":11130,"totalScore":11130,"finalState":false,"active":false,"unvisitedChildren":34,"miniMaxValue":19670.0}
{"stateId":26,"originShotId":363,"birdIndex":0,"times":1,"score":0,"totalScore":11130,"finalState":false,"active":false,"unvisitedChildren":18,"miniMaxValue":19670.0}
{"stateId":27,"originShotId":381,"birdIndex":0,"times":1,"score":19670,"totalScore":37650,"finalState":true,"active":false,"unvisitedChildren":0,"miniMaxValue":19670.0}
{"stateId":28,"originShotId":28,"birdIndex":0,"times":1,"score":6020,"totalScore":6020,"finalState":false,"active":false,"unvisitedChildren":55,"miniMaxValue":0.0}
{"stateId":29,"originShotId":405,"birdIndex":0,"times":1,"score":5040,"totalScore":11060,"finalState":false,"active":false,"unvisitedChildren":31,"miniMaxValue":0.0}
{"stateId":30,"originShotId":428,"birdIndex":0,"times":1,"score":7660,"totalScore":18720,"finalState":false,"active":false,"unvisitedChildren":11,"miniMaxValue":0.0}
{"stateId":31,"originShotId":438,"birdIndex":0,"times":1,"score":0,"totalScore":18720,"finalState":true,"active":false,"unvisitedChildren":0,"miniMaxValue":0.0}
{"stateId":32,"originShotId":25,"birdIndex":0,"times":1,"score":6080,"totalScore":6080,"finalState":false,"active":false,"unvisitedChildren":60,"miniMaxValue":0.0}
{"stateId":33,"originShotId":462,"birdIndex":0,"times":1,"score":5040,"totalScore":11120,"finalState":false,"active":false,"unvisitedChildren":37,"miniMaxValue":0.0}
{"stateId":34,"originShotId":484,"birdIndex":0,"times":1,"score":0,"totalScore":11120,"finalState":false,"active":false,"unvisitedChildren":18,"miniMaxValue":0.0}
{"stateId":35,"originShotId":503,"birdIndex":0,"times":1,"score":0,"totalScore":11120,"finalState":true,"active":false,"unvisitedChildren":0,"miniMaxValue":0.0}
{"stateId":44,"originShotId":21,"birdIndex":0,"times":1,"score":11660,"totalScore":11660,"finalState":false,"active":false,"unvisitedChildren":46,"miniMaxValue":0.0}
{"stateId":45,"originShotId":585,"birdIndex":0,"times":1,"score":160,"totalScore":11820,"finalState":false,"active":false,"unvisitedChildren":29,"miniMaxValue":0.0}
{"stateId":46,"originShotId":603,"birdIndex":0,"times":1,"score":5390,"totalScore":17210,"finalState":false,"active":false,"unvisitedChildren":13,"miniMaxValue":0.0}
{"stateId":47,"originShotId":617,"birdIndex":0,"times":1,"score":0,"totalScore":-1,"finalState":true,"active":false,"unvisitedChildren":0,"miniMaxValue":0.0}
{"stateId":48,"originShotId":22,"birdIndex":0,"times":1,"score":11300,"totalScore":11300,"finalState":false,"active":false,"unvisitedChildren":41,"miniMaxValue":16200.0}
{"stateId":49,"originShotId":638,"birdIndex":0,"times":1,"score":5040,"totalScore":16340,"finalState":false,"active":false,"unvisitedChildren":18,"miniMaxValue":16200.0}
{"stateId":50,"originShotId":659,"birdIndex":0,"times":1,"score":16200,"totalScore":32540,"finalState":true,"active":false,"unvisitedChildren":0,"miniMaxValue":16200.0}
{"stateId":55,"originShotId":24,"birdIndex":0,"times":1,"score":6070,"totalScore":6070,"finalState":false,"active":false,"unvisitedChildren":57,"miniMaxValue":9410.0}
{"stateId":56,"originShotId":747,"birdIndex":0,"times":1,"score":5040,"totalScore":11110,"finalState":false,"active":false,"unvisitedChildren":32,"miniMaxValue":9410.0}
{"stateId":57,"originShotId":769,"birdIndex":0,"times":1,"score":6200,"totalScore":17310,"finalState":false,"active":false,"unvisitedChildren":13,"miniMaxValue":9410.0}
{"stateId":58,"originShotId":778,"birdIndex":0,"times":1,"score":9410,"totalScore":26720,"finalState":true,"active":false,"unvisitedChildren":0,"miniMaxValue":9410.0}
{"stateId":59,"originShotId":19,"birdIndex":0,"times":1,"score":8430,"totalScore":8430,"finalState":false,"active":false,"unvisitedChildren":47,"miniMaxValue":0.0}
{"stateId":60,"originShotId":803,"birdIndex":0,"times":1,"score":5040,"totalScore":13470,"finalState":false,"active":false,"unvisitedChildren":26,"miniMaxValue":0.0}
{"stateId":61,"originShotId":823,"birdIndex":0,"times":1,"score":5810,"totalScore":19280,"finalState":false,"active":false,"unvisitedChildren":10,"miniMaxValue":0.0}
{"stateId":62,"originShotId":833,"birdIndex":0,"times":1,"score":0,"totalScore":19280,"finalState":true,"active":false,"unvisitedChildren":0,"miniMaxValue":0.0}
{"stateId":63,"originShotId":20,"birdIndex":0,"times":1,"score":6080,"totalScore":6080,"finalState":false,"active":false,"unvisitedChildren":46,"miniMaxValue":23130.0}
{"stateId":64,"originShotId":857,"birdIndex":0,"times":1,"score":5040,"totalScore":11120,"finalState":false,"active":false,"unvisitedChildren":21,"miniMaxValue":23130.0}
{"stateId":65,"originShotId":879,"birdIndex":0,"times":1,"score":23130,"totalScore":34250,"finalState":true,"active":false,"unvisitedChildren":0,"miniMaxValue":23130.0}
{"stateId":69,"originShotId":34,"birdIndex":0,"times":1,"score":20370,"totalScore":20370,"finalState":false,"active":false,"unvisitedChildren":13,"miniMaxValue":25540.0}
{"stateId":70,"originShotId":943,"birdIndex":0,"times":1,"score":25540,"totalScore":45910,"finalState":true,"active":false,"unvisitedChildren":0,"miniMaxValue":25540.0}
{"stateId":71,"originShotId":8,"birdIndex":0,"times":1,"score":11330,"totalScore":11330,"finalState":false,"active":false,"unvisitedChildren":54,"miniMaxValue":0.0}
{"stateId":72,"originShotId":965,"birdIndex":0,"times":1,"score":5320,"totalScore":16650,"finalState":false,"active":false,"unvisitedChildren":34,"miniMaxValue":0.0}
{"stateId":73,"originShotId":979,"birdIndex":0,"times":1,"score":0,"totalScore":16650,"finalState":false,"active":false,"unvisitedChildren":18,"miniMaxValue":0.0}
{"stateId":74,"originShotId":1003,"birdIndex":0,"times":1,"score":0,"totalScore":16650,"finalState":true,"active":false,"unvisitedChildren":0,"miniMaxValue":0.0}
{"stateId":75,"originShotId":35,"birdIndex":0,"times":1,"score":20350,"totalScore":20350,"finalState":false,"active":false,"unvisitedChildren":14,"miniMaxValue":25540.0}
{"stateId":76,"originShotId":1015,"birdIndex":0,"times":1,"score":25540,"totalScore":45890,"finalState":true,"active":false,"unvisitedChildren":0,"miniMaxValue":25540.0}
{"stateId":77,"originShotId":18,"birdIndex":0,"times":1,"score":56910,"totalScore":56910,"finalState":true,"active":false,"unvisitedChildren":0,"miniMaxValue":56910.0}
{"stateId":78,"originShotId":16,"birdIndex":0,"times":1,"score":17690,"totalScore":17690,"finalState":false,"active":false,"unvisitedChildren":17,"miniMaxValue":25040.0}
{"stateId":79,"originShotId":1031,"birdIndex":0,"times":1,"score":25040,"totalScore":42730,"finalState":true,"active":false,"unvisitedChildren":0,"miniMaxValue":25040.0}
{"stateId":80,"originShotId":17,"birdIndex":0,"times":1,"score":5940,"totalScore":5940,"finalState":false,"active":false,"unvisitedChildren":53,"miniMaxValue":0.0}
{"stateId":81,"originShotId":1056,"birdIndex":0,"times":1,"score":5040,"totalScore":10980,"finalState":false,"active":false,"unvisitedChildren":30,"miniMaxValue":0.0}
{"stateId":82,"originShotId":1079,"birdIndex":0,"times":1,"score":6290,"totalScore":17270,"finalState":false,"active":false,"unvisitedChildren":12,"miniMaxValue":0.0}
{"stateId":83,"originShotId":1090,"birdIndex":0,"times":1,"score":0,"totalScore":17350,"finalState":true,"active":false,"unvisitedChildren":0,"miniMaxValue":0.0}
{"stateId":88,"originShotId":37,"birdIndex":0,"times":1,"score":6420,"totalScore":6420,"finalState":false,"active":false,"unvisitedChildren":40,"miniMaxValue":26400.0}
{"stateId":89,"originShotId":1183,"birdIndex":0,"times":1,"score":5550,"totalScore":11970,"finalState":false,"active":false,"unvisitedChildren":18,"miniMaxValue":26400.0}
{"stateId":90,"originShotId":1205,"birdIndex":0,"times":1,"score":26400,"totalScore":38370,"finalState":true,"active":false,"unvisitedChildren":0,"miniMaxValue":26400.0}
{"stateId":99,"originShotId":9,"birdIndex":0,"times":1,"score":6030,"totalScore":6030,"finalState":false,"active":false,"unvisitedChildren":58,"miniMaxValue":0.0}
{"stateId":100,"originShotId":1368,"birdIndex":0,"times":1,"score":5040,"totalScore":11070,"finalState":false,"active":false,"unvisitedChildren":34,"miniMaxValue":0.0}
{"stateId":101,"originShotId":1390,"birdIndex":0,"times":1,"score":7600,"totalScore":18670,"finalState":false,"active":false,"unvisitedChildren":14,"miniMaxValue":0.0}
{"stateId":102,"originShotId":1404,"birdIndex":0,"times":1,"score":0,"totalScore":18670,"finalState":true,"active":false,"unvisitedChildren":0,"miniMaxValue":0.0}
{"stateId":115,"originShotId":11,"birdIndex":0,"times":1,"score":12060,"totalScore":12060,"finalState":false,"active":false,"unvisitedChildren":49,"miniMaxValue":0.0}
{"stateId":116,"originShotId":1635,"birdIndex":0,"times":1,"score":830,"totalScore":12890,"finalState":false,"active":false,"unvisitedChildren":32,"miniMaxValue":0.0}
{"stateId":117,"originShotId":1651,"birdIndex":0,"times":1,"score":230,"totalScore":13120,"finalState":false,"active":false,"unvisitedChildren":16,"miniMaxValue":0.0}
{"stateId":118,"originShotId":1662,"birdIndex":0,"times":1,"score":0,"totalScore":13120,"finalState":true,"active":false,"unvisitedChildren":0,"miniMaxValue":0.0}
{"stateId":123,"originShotId":2,"birdIndex":0,"times":1,"score":10800,"totalScore":10800,"finalState":false,"active":false,"unvisitedChildren":54,"miniMaxValue":12750.0}
{"stateId":124,"originShotId":1758,"birdIndex":0,"times":1,"score":830,"totalScore":11630,"finalState":false,"active":false,"unvisitedChildren":34,"miniMaxValue":12750.0}
{"stateId":125,"originShotId":1775,"birdIndex":0,"times":1,"score":270,"totalScore":11900,"finalState":false,"active":false,"unvisitedChildren":17,"miniMaxValue":12750.0}
{"stateId":126,"originShotId":1793,"birdIndex":0,"times":1,"score":12750,"totalScore":24650,"finalState":true,"active":false,"unvisitedChildren":0,"miniMaxValue":12750.0}
{"stateId":127,"originShotId":3,"birdIndex":0,"times":1,"score":5040,"totalScore":5040,"finalState":false,"active":false,"unvisitedChildren":21,"miniMaxValue":36110.0}
{"stateId":128,"originShotId":1813,"birdIndex":0,"times":1,"score":36110,"totalScore":47430,"finalState":true,"active":false,"unvisitedChildren":0,"miniMaxValue":36110.0}
{"stateId":129,"originShotId":4,"birdIndex":0,"times":1,"score":5530,"totalScore":5530,"finalState":false,"active":false,"unvisitedChildren":58,"miniMaxValue":0.0}
{"stateId":130,"originShotId":1835,"birdIndex":0,"times":1,"score":5440,"totalScore":10970,"finalState":false,"active":false,"unvisitedChildren":35,"miniMaxValue":0.0}
{"stateId":131,"originShotId":1852,"birdIndex":0,"times":1,"score":890,"totalScore":11860,"finalState":false,"active":false,"unvisitedChildren":18,"miniMaxValue":0.0}
{"stateId":132,"originShotId":1876,"birdIndex":0,"times":1,"score":0,"totalScore":11860,"finalState":true,"active":false,"unvisitedChildren":0,"miniMaxValue":0.0}
{"stateId":133,"originShotId":5,"birdIndex":0,"times":1,"score":5040,"totalScore":5040,"finalState":false,"active":false,"unvisitedChildren":35,"miniMaxValue":25910.0}
{"stateId":134,"originShotId":1897,"birdIndex":0,"times":1,"score":6290,"totalScore":11330,"finalState":false,"active":false,"unvisitedChildren":14,"miniMaxValue":25910.0}
{"stateId":135,"originShotId":1913,"birdIndex":0,"times":1,"score":25910,"totalScore":37240,"finalState":true,"active":false,"unvisitedChildren":0,"miniMaxValue":25910.0}
{"stateId":136,"originShotId":38,"birdIndex":0,"times":1,"score":38680,"totalScore":57120,"finalState":true,"active":false,"unvisitedChildren":0,"miniMaxValue":38680.0}
{"stateId":141,"originShotId":32,"birdIndex":1,"times":75,"score":59120,"totalScore":59120,"finalState":true,"active":true,"unvisitedChildren":0,"miniMaxValue":59120.0}
{"stateId":142,"originShotId":1933,"birdIndex":0,"times":1,"score":5040,"totalScore":5040,"finalState":false,"active":false,"unvisitedChildren":48,"miniMaxValue":0.0}
{"stateId":143,"originShotId":1955,"birdIndex":0,"times":1,"score":6200,"totalScore":11240,"finalState":false,"active":false,"unvisitedChildren":31,"miniMaxValue":0.0}
{"stateId":144,"originShotId":1966,"birdIndex":0,"times":1,"score":6350,"totalScore":17590,"finalState":false,"active":false,"unvisitedChildren":15,"miniMaxValue":0.0}
{"stateId":145,"originShotId":1982,"birdIndex":0,"times":1,"score":0,"totalScore":17590,"finalState":true,"active":false,"unvisitedChildren":0,"miniMaxValue":0.0}
{"stateId":146,"originShotId":1934,"birdIndex":0,"times":1,"score":5040,"totalScore":5040,"finalState":false,"active":false,"unvisitedChildren":49,"miniMaxValue":13830.0}
{"stateId":147,"originShotId":2007,"birdIndex":0,"times":1,"score":6080,"totalScore":11120,"finalState":false,"active":false,"unvisitedChildren":32,"miniMaxValue":13830.0}
{"stateId":148,"originShotId":2024,"birdIndex":0,"times":1,"score":1190,"totalScore":12310,"finalState":false,"active":false,"unvisitedChildren":16,"miniMaxValue":13830.0}
{"stateId":149,"originShotId":2036,"birdIndex":0,"times":1,"score":13830,"totalScore":26140,"finalState":true,"active":false,"unvisitedChildren":0,"miniMaxValue":13830.0}
