{"stateId":1,"originShotId":-1,"birdIndex":0,"times":0,"score":0,"totalScore":0,"finalState":false,"active":false,"unvisitedChildren":4544,"miniMaxValue":0.0}
{"stateId":2,"originShotId":36,"birdIndex":0,"times":3,"score":6150,"totalScore":6150,"finalState":false,"active":false,"unvisitedChildren":153,"miniMaxValue":16430.0}
{"stateId":3,"originShotId":85,"birdIndex":0,"times":1,"score":6740,"totalScore":12890,"finalState":false,"active":false,"unvisitedChildren":35,"miniMaxValue":16430.0}
{"stateId":4,"originShotId":122,"birdIndex":0,"times":1,"score":16430,"totalScore":29320,"finalState":true,"active":false,"unvisitedChildren":0,"miniMaxValue":16430.0}
{"stateId":5,"originShotId":37,"birdIndex":0,"times":2,"score":6100,"totalScore":6100,"finalState":false,"active":false,"unvisitedChildren":194,"miniMaxValue":0.0}
{"stateId":6,"originShotId":154,"birdIndex":0,"times":1,"score":7580,"totalScore":13680,"finalState":false,"active":false,"unvisitedChildren":83,"miniMaxValue":0.0}
{"stateId":7,"originShotId":191,"birdIndex":0,"times":1,"score":2020,"totalScore":15700,"finalState":false,"active":false,"unvisitedChildren":47,"miniMaxValue":0.0}
{"stateId":8,"originShotId":234,"birdIndex":0,"times":1,"score":0,"totalScore":17340,"finalState":true,"active":false,"unvisitedChildren":0,"miniMaxValue":0.0}
{"stateId":9,"originShotId":38,"birdIndex":0,"times":2,"score":11930,"totalScore":11930,"finalState":false,"active":false,"unvisitedChildren":130,"miniMaxValue":19110.0}
{"stateId":10,"originShotId":283,"birdIndex":0,"times":1,"score":2050,"totalScore":13980,"finalState":false,"active":false,"unvisitedChildren":38,"miniMaxValue":19110.0}
{"stateId":11,"originShotId":325,"birdIndex":0,"times":1,"score":19110,"totalScore":33090,"finalState":true,"active":false,"unvisitedChildren":0,"miniMaxValue":19110.0}
{"stateId":12,"originShotId":39,"birdIndex":0,"times":1,"score":6090,"totalScore":6090,"finalState":false,"active":false,"unvisitedChildren":133,"miniMaxValue":0.0}
{"stateId":13,"originShotId":363,"birdIndex":0,"times":1,"score":1090,"totalScore":7180,"finalState":false,"active":false,"unvisitedChildren":95,"miniMaxValue":0.0}
{"stateId":14,"originShotId":407,"birdIndex":0,"times":1,"score":7300,"totalScore":14480,"finalState":false,"active":false,"unvisitedChildren":43,"miniMaxValue":0.0}
{"stateId":15,"originShotId":453,"birdIndex":0,"times":1,"score":0,"totalScore":17240,"finalState":true,"active":false,"unvisitedChildren":0,"miniMaxValue":0.0}
{"stateId":16,"originShotId":40,"birdIndex":0,"times":1,"score":6220,"totalScore":6220,"finalState":false,"active":false,"unvisitedChildren":129,"miniMaxValue":7440.0}
{"stateId":17,"originShotId":492,"birdIndex":0,"times":1,"score":8070,"totalScore":14290,"finalState":false,"active":false,"unvisitedChildren":88,"miniMaxValue":7440.0}
{"stateId":18,"originShotId":538,"birdIndex":0,"times":1,"score":1390,"totalScore":15680,"finalState":false,"active":false,"unvisitedChildren":45,"miniMaxValue":7440.0}
{"stateId":19,"originShotId":585,"birdIndex":0,"times":1,"score":7440,"totalScore":23120,"finalState":true,"active":false,"unvisitedChildren":0,"miniMaxValue":7440.0}
{"stateId":20,"originShotId":41,"birdIndex":0,"times":1,"score":6070,"totalScore":6070,"finalState":false,"active":false,"unvisitedChildren":119,"miniMaxValue":0.0}
{"stateId":21,"originShotId":627,"birdIndex":0,"times":1,"score":6270,"totalScore":12340,"finalState":false,"active":false,"unvisitedChildren":82,"miniMaxValue":0.0}
{"stateId":22,"originShotId":663,"birdIndex":0,"times":1,"score":1660,"totalScore":14000,"finalState":false,"active":false,"unvisitedChildren":51,"miniMaxValue":0.0}
{"stateId":23,"originShotId":703,"birdIndex":0,"times":1,"score":0,"totalScore":14000,"finalState":true,"active":false,"unvisitedChildren":0,"miniMaxValue":0.0}
{"stateId":24,"originShotId":26,"birdIndex":0,"times":1,"score":6120,"totalScore":6120,"finalState":false,"active":false,"unvisitedChildren":114,"miniMaxValue":0.0}
{"stateId":25,"originShotId":761,"birdIndex":0,"times":1,"score":1200,"totalScore":7320,"finalState":false,"active":false,"unvisitedChildren":76,"miniMaxValue":0.0}
{"stateId":26,"originShotId":798,"birdIndex":0,"times":1,"score":8430,"totalScore":15750,"finalState":false,"active":false,"unvisitedChildren":38,"miniMaxValue":0.0}
{"stateId":27,"originShotId":816,"birdIndex":0,"times":1,"score":0,"totalScore":15750,"finalState":true,"active":false,"unvisitedChildren":0,"miniMaxValue":0.0}
{"stateId":28,"originShotId":27,"birdIndex":0,"times":1,"score":6450,"totalScore":6450,"finalState":false,"active":false,"unvisitedChildren":119,"miniMaxValue":0.0}
{"stateId":29,"originShotId":864,"birdIndex":0,"times":1,"score":1900,"totalScore":8350,"finalState":false,"active":false,"unvisitedChildren":85,"miniMaxValue":0.0}
{"stateId":30,"originShotId":909,"birdIndex":0,"times":1,"score":6950,"totalScore":15300,"finalState":false,"active":false,"unvisitedChildren":43,"miniMaxValue":0.0}
{"stateId":31,"originShotId":953,"birdIndex":0,"times":1,"score":0,"totalScore":15300,"finalState":true,"active":false,"unvisitedChildren":0,"miniMaxValue":0.0}
{"stateId":32,"originShotId":28,"birdIndex":0,"times":1,"score":6180,"totalScore":6180,"finalState":false,"active":false,"unvisitedChildren":124,"miniMaxValue":12450.0}
{"stateId":33,"originShotId":994,"birdIndex":0,"times":1,"score":1170,"totalScore":7350,"finalState":false,"active":false,"unvisitedChildren":88,"miniMaxValue":12450.0}
{"stateId":34,"originShotId":1035,"birdIndex":0,"times":1,"score":4520,"totalScore":11870,"finalState":false,"active":false,"unvisitedChildren":43,"miniMaxValue":12450.0}
{"stateId":35,"originShotId":1068,"birdIndex":0,"times":1,"score":12450,"totalScore":24320,"finalState":true,"active":false,"unvisitedChildren":0,"miniMaxValue":12450.0}
{"stateId":36,"originShotId":6,"birdIndex":0,"times":1,"score":6170,"totalScore":6170,"finalState":false,"active":false,"unvisitedChildren":129,"miniMaxValue":8460.0}
{"stateId":37,"originShotId":1119,"birdIndex":0,"times":1,"score":6280,"totalScore":12450,"finalState":false,"active":false,"unvisitedChildren":91,"miniMaxValue":8460.0}
{"stateId":38,"originShotId":1170,"birdIndex":0,"times":1,"score":3040,"totalScore":15490,"finalState":false,"active":false,"unvisitedChildren":48,"miniMaxValue":8460.0}
{"stateId":39,"originShotId":1194,"birdIndex":0,"times":1,"score":8460,"totalScore":23950,"finalState":true,"active":false,"unvisitedChildren":0,"miniMaxValue":8460.0}
{"stateId":40,"originShotId":25,"birdIndex":0,"times":1,"score":11980,"totalScore":11980,"finalState":false,"active":false,"unvisitedChildren":74,"miniMaxValue":17500.0}
{"stateId":41,"originShotId":1250,"birdIndex":0,"times":1,"score":2960,"totalScore":14940,"finalState":false,"active":false,"unvisitedChildren":38,"miniMaxValue":17500.0}
{"stateId":42,"originShotId":1289,"birdIndex":0,"times":1,"score":17500,"totalScore":32440,"finalState":true,"active":false,"unvisitedChildren":0,"miniMaxValue":17500.0}
{"stateId":43,"originShotId":29,"birdIndex":0,"times":1,"score":6210,"totalScore":6210,"finalState":false,"active":false,"unvisitedChildren":109,"miniMaxValue":13130.0}
{"stateId":44,"originShotId":1336,"birdIndex":0,"times":1,"score":1340,"totalScore":7550,"finalState":false,"active":false,"unvisitedChildren":67,"miniMaxValue":13130.0}
{"stateId":45,"originShotId":1373,"birdIndex":0,"times":1,"score":1420,"totalScore":8970,"finalState":false,"active":false,"unvisitedChildren":31,"miniMaxValue":13130.0}
{"stateId":46,"originShotId":1409,"birdIndex":0,"times":1,"score":13130,"totalScore":22100,"finalState":true,"active":false,"unvisitedChildren":0,"miniMaxValue":13130.0}
{"stateId":47,"originShotId":30,"birdIndex":0,"times":1,"score":6430,"totalScore":6430,"finalState":false,"active":false,"unvisitedChildren":117,"miniMaxValue":0.0}
{"stateId":48,"originShotId":1432,"birdIndex":0,"times":1,"score":6980,"totalScore":13410,"finalState":false,"active":false,"unvisitedChildren":83,"miniMaxValue":0.0}
{"stateId":49,"originShotId":1472,"birdIndex":0,"times":1,"score":1100,"totalScore":14510,"finalState":false,"active":false,"unvisitedChildren":36,"miniMaxValue":0.0}
{"stateId":50,"originShotId":1521,"birdIndex":0,"times":1,"score":0,"totalScore":17750,"finalState":true,"active":false,"unvisitedChildren":0,"miniMaxValue":0.0}
{"stateId":51,"originShotId":23,"birdIndex":0,"times":1,"score":7310,"totalScore":7310,"finalState":false,"active":false,"unvisitedChildren":65,"miniMaxValue":18380.0}
{"stateId":52,"originShotId":1563,"birdIndex":0,"times":1,"score":7250,"totalScore":14560,"finalState":false,"active":false,"unvisitedChildren":27,"miniMaxValue":18380.0}
{"stateId":53,"originShotId":1588,"birdIndex":0,"times":1,"score":18380,"totalScore":32940,"finalState":true,"active":false,"unvisitedChildren":0,"miniMaxValue":18380.0}
{"stateId":54,"originShotId":24,"birdIndex":0,"times":1,"score":6770,"totalScore":6770,"finalState":false,"active":false,"unvisitedChildren":98,"miniMaxValue":0.0}
{"stateId":55,"originShotId":1620,"birdIndex":0,"times":1,"score":1570,"totalScore":8340,"finalState":false,"active":false,"unvisitedChildren":67,"miniMaxValue":0.0}
{"stateId":56,"originShotId":1655,"birdIndex":0,"times":1,"score":1390,"totalScore":9730,"finalState":false,"active":false,"unvisitedChildren":34,"miniMaxValue":0.0}
{"stateId":57,"originShotId":1696,"birdIndex":0,"times":1,"score":0,"totalScore":15850,"finalState":true,"active":false,"unvisitedChildren":0,"miniMaxValue":0.0}
{"stateId":58,"originShotId":21,"birdIndex":0,"times":1,"score":9050,"totalScore":9050,"finalState":false,"active":false,"unvisitedChildren":109,"miniMaxValue":0.0}
{"stateId":59,"originShotId":1738,"birdIndex":0,"times":1,"score":8010,"totalScore":17060,"finalState":false,"active":false,"unvisitedChildren":66,"miniMaxValue":0.0}
{"stateId":60,"originShotId":1771,"birdIndex":0,"times":1,"score":1250,"totalScore":18310,"finalState":false,"active":false,"unvisitedChildren":32,"miniMaxValue":0.0}
{"stateId":61,"originShotId":1804,"birdIndex":0,"times":1,"score":0,"totalScore":18310,"finalState":true,"active":false,"unvisitedChildren":0,"miniMaxValue":0.0}
{"stateId":62,"originShotId":22,"birdIndex":0,"times":1,"score":5570,"totalScore":5570,"finalState":false,"active":false,"unvisitedChildren":108,"miniMaxValue":0.0}
{"stateId":63,"originShotId":1845,"birdIndex":0,"times":1,"score":8410,"totalScore":13980,"finalState":false,"active":false,"unvisitedChildren":70,"miniMaxValue":0.0}
{"stateId":64,"originShotId":1876,"birdIndex":0,"times":1,"score":1250,"totalScore":15230,"finalState":false,"active":false,"unvisitedChildren":34,"miniMaxValue":0.0}
{"stateId":65,"originShotId":1919,"birdIndex":0,"times":1,"score":0,"totalScore":16440,"finalState":true,"active":false,"unvisitedChildren":0,"miniMaxValue":0.0}
{"stateId":66,"originShotId":19,"birdIndex":0,"times":1,"score":8050,"totalScore":8050,"finalState":false,"active":false,"unvisitedChildren":121,"miniMaxValue":6270.0}
{"stateId":67,"originShotId":1964,"birdIndex":0,"times":1,"score":6880,"totalScore":14930,"finalState":false,"active":false,"unvisitedChildren":75,"miniMaxValue":6270.0}
{"stateId":68,"originShotId":2001,"birdIndex":0,"times":1,"score":1280,"totalScore":16210,"finalState":false,"active":false,"unvisitedChildren":37,"miniMaxValue":6270.0}
{"stateId":69,"originShotId":2033,"birdIndex":0,"times":1,"score":6270,"totalScore":22480,"finalState":true,"active":false,"unvisitedChildren":0,"miniMaxValue":6270.0}
{"stateId":70,"originShotId":20,"birdIndex":0,"times":1,"score":12350,"totalScore":12350,"finalState":false,"active":false,"unvisitedChildren":124,"miniMaxValue":6440.0}
{"stateId":71,"originShotId":2081,"birdIndex":0,"times":1,"score":1310,"totalScore":13660,"finalState":false,"active":false,"unvisitedChildren":84,"miniMaxValue":6440.0}
{"stateId":72,"originShotId":2123,"birdIndex":0,"times":1,"score":3900,"totalScore":17560,"finalState":false,"active":false,"unvisitedChildren":39,"miniMaxValue":6440.0}
{"stateId":73,"originShotId":2168,"birdIndex":0,"times":1,"score":6440,"totalScore":24000,"finalState":true,"active":false,"unvisitedChildren":0,"miniMaxValue":6440.0}
{"stateId":74,"originShotId":31,"birdIndex":0,"times":1,"score":6310,"totalScore":6310,"finalState":false,"active":false,"unvisitedChildren":103,"miniMaxValue":0.0}
{"stateId":75,"originShotId":2208,"birdIndex":0,"times":1,"score":1180,"totalScore":7490,"finalState":false,"active":false,"unvisitedChildren":63,"miniMaxValue":0.0}
{"stateId":76,"originShotId":2248,"birdIndex":0,"times":1,"score":6550,"totalScore":14040,"finalState":false,"active":false,"unvisitedChildren":27,"miniMaxValue":0.0}
{"stateId":77,"originShotId":2277,"birdIndex":0,"times":1,"score":0,"totalScore":18210,"finalState":true,"active":false,"unvisitedChildren":0,"miniMaxValue":0.0}
{"stateId":78,"originShotId":32,"birdIndex":0,"times":1,"score":6200,"totalScore":6200,"finalState":false,"active":false,"unvisitedChildren":111,"miniMaxValue":0.0}
{"stateId":79,"originShotId":2315,"birdIndex":0,"times":1,"score":1190,"totalScore":7390,"finalState":false,"active":false,"unvisitedChildren":74,"miniMaxValue":0.0}
{"stateId":80,"originShotId":2343,"birdIndex":0,"times":1,"score":1660,"totalScore":9050,"finalState":false,"active":false,"unvisitedChildren":39,"miniMaxValue":0.0}
{"stateId":81,"originShotId":2390,"birdIndex":0,"times":1,"score":0,"totalScore":9050,"finalState":true,"active":false,"unvisitedChildren":0,"miniMaxValue":0.0}
{"stateId":82,"originShotId":33,"birdIndex":0,"times":1,"score":6200,"totalScore":6200,"finalState":false,"active":false,"unvisitedChildren":114,"miniMaxValue":13990.0}
{"stateId":83,"originShotId":2431,"birdIndex":0,"times":1,"score":1290,"totalScore":7490,"finalState":false,"active":false,"unvisitedChildren":75,"miniMaxValue":13990.0}
{"stateId":84,"originShotId":2470,"birdIndex":0,"times":1,"score":1670,"totalScore":9160,"finalState":false,"active":false,"unvisitedChildren":36,"miniMaxValue":13990.0}
{"stateId":85,"originShotId":2508,"birdIndex":0,"times":1,"score":13990,"totalScore":23150,"finalState":true,"active":false,"unvisitedChildren":0,"miniMaxValue":13990.0}
{"stateId":86,"originShotId":7,"birdIndex":0,"times":1,"score":6170,"totalScore":6170,"finalState":false,"active":false,"unvisitedChildren":114,"miniMaxValue":7230.0}
{"stateId":87,"originShotId":2537,"birdIndex":0,"times":1,"score":6440,"totalScore":12610,"finalState":false,"active":false,"unvisitedChildren":75,"miniMaxValue":7230.0}
{"stateId":88,"originShotId":2585,"birdIndex":0,"times":1,"score":1270,"totalScore":13880,"finalState":false,"active":false,"unvisitedChildren":31,"miniMaxValue":7230.0}
{"stateId":89,"originShotId":2622,"birdIndex":0,"times":1,"score":7230,"totalScore":21110,"finalState":true,"active":false,"unvisitedChildren":0,"miniMaxValue":7230.0}
{"stateId":90,"originShotId":17,"birdIndex":0,"times":1,"score":7170,"totalScore":7170,"finalState":false,"active":false,"unvisitedChildren":109,"miniMaxValue":0.0}
{"stateId":91,"originShotId":2661,"birdIndex":0,"times":1,"score":6220,"totalScore":13390,"finalState":false,"active":false,"unvisitedChildren":72,"miniMaxValue":0.0}
{"stateId":92,"originShotId":2691,"birdIndex":0,"times":1,"score":1200,"totalScore":14590,"finalState":false,"active":false,"unvisitedChildren":36,"miniMaxValue":0.0}
{"stateId":93,"originShotId":2729,"birdIndex":0,"times":1,"score":0,"totalScore":18330,"finalState":true,"active":false,"unvisitedChildren":0,"miniMaxValue":0.0}
{"stateId":94,"originShotId":14,"birdIndex":0,"times":1,"score":7560,"totalScore":7560,"finalState":false,"active":false,"unvisitedChildren":95,"miniMaxValue":0.0}
{"stateId":95,"originShotId":2776,"birdIndex":0,"times":1,"score":6270,"totalScore":13830,"finalState":false,"active":false,"unvisitedChildren":54,"miniMaxValue":0.0}
{"stateId":96,"originShotId":2800,"birdIndex":0,"times":1,"score":1180,"totalScore":15010,"finalState":false,"active":false,"unvisitedChildren":26,"miniMaxValue":0.0}
{"stateId":97,"originShotId":2834,"birdIndex":0,"times":1,"score":0,"totalScore":15010,"finalState":true,"active":false,"unvisitedChildren":0,"miniMaxValue":0.0}
{"stateId":98,"originShotId":15,"birdIndex":0,"times":1,"score":7860,"totalScore":7860,"finalState":false,"active":false,"unvisitedChildren":111,"miniMaxValue":0.0}
{"stateId":99,"originShotId":2873,"birdIndex":0,"times":1,"score":6190,"totalScore":14050,"finalState":false,"active":false,"unvisitedChildren":73,"miniMaxValue":0.0}
{"stateId":100,"originShotId":2908,"birdIndex":0,"times":1,"score":1150,"totalScore":15200,"finalState":false,"active":false,"unvisitedChildren":33,"miniMaxValue":0.0}
{"stateId":101,"originShotId":2941,"birdIndex":0,"times":1,"score":0,"totalScore":15200,"finalState":true,"active":false,"unvisitedChildren":0,"miniMaxValue":0.0}
{"stateId":102,"originShotId":34,"birdIndex":0,"times":1,"score":6140,"totalScore":6140,"finalState":false,"active":false,"unvisitedChildren":106,"miniMaxValue":9710.0}
{"stateId":103,"originShotId":2979,"birdIndex":0,"times":1,"score":1140,"totalScore":7280,"finalState":false,"active":false,"unvisitedChildren":72,"miniMaxValue":9710.0}
{"stateId":104,"originShotId":3022,"birdIndex":0,"times":1,"score":6370,"totalScore":13650,"finalState":false,"active":false,"unvisitedChildren":35,"miniMaxValue":9710.0}
{"stateId":105,"originShotId":3055,"birdIndex":0,"times":1,"score":9710,"totalScore":23360,"finalState":true,"active":false,"unvisitedChildren":0,"miniMaxValue":9710.0}
{"stateId":106,"originShotId":35,"birdIndex":0,"times":1,"score":6650,"totalScore":6650,"finalState":false,"active":false,"unvisitedChildren":38,"miniMaxValue":25040.0}
{"stateId":107,"originShotId":3094,"birdIndex":0,"times":1,"score":25040,"totalScore":38680,"finalState":true,"active":false,"unvisitedChildren":0,"miniMaxValue":25040.0}
{"stateId":108,"originShotId":18,"birdIndex":0,"times":1,"score":7050,"totalScore":7050,"finalState":false,"active":false,"unvisitedChildren":118,"miniMaxValue":0.0}
{"stateId":109,"originShotId":3138,"birdIndex":0,"times":1,"score":6570,"totalScore":13620,"finalState":false,"active":false,"unvisitedChildren":77,"miniMaxValue":0.0}
{"stateId":110,"originShotId":3172,"birdIndex":0,"times":1,"score":1780,"totalScore":15400,"finalState":false,"active":false,"unvisitedChildren":35,"miniMaxValue":0.0}
{"stateId":111,"originShotId":3217,"birdIndex":0,"times":1,"score":0,"totalScore":15400,"finalState":true,"active":false,"unvisitedChildren":0,"miniMaxValue":0.0}
{"stateId":112,"originShotId":12,"birdIndex":0,"times":1,"score":6990,"totalScore":6990,"finalState":false,"active":false,"unvisitedChildren":112,"miniMaxValue":0.0}
{"stateId":113,"originShotId":3251,"birdIndex":0,"times":1,"score":6240,"totalScore":13230,"finalState":false,"active":false,"unvisitedChildren":78,"miniMaxValue":0.0}
{"stateId":114,"originShotId":3286,"birdIndex":0,"times":1,"score":1140,"totalScore":14370,"finalState":false,"active":false,"unvisitedChildren":35,"miniMaxValue":0.0}
{"stateId":115,"originShotId":3324,"birdIndex":0,"times":1,"score":0,"totalScore":14370,"finalState":true,"active":false,"unvisitedChildren":0,"miniMaxValue":0.0}
{"stateId":116,"originShotId":13,"birdIndex":0,"times":1,"score":1890,"totalScore":1890,"finalState":false,"active":false,"unvisitedChildren":110,"miniMaxValue":0.0}
{"stateId":117,"originShotId":3363,"birdIndex":0,"times":1,"score":6190,"totalScore":8080,"finalState":false,"active":false,"unvisitedChildren":78,"miniMaxValue":0.0}
{"stateId":118,"originShotId":3403,"birdIndex":0,"times":1,"score":2800,"totalScore":10880,"finalState":false,"active":false,"unvisitedChildren":40,"miniMaxValue":0.0}
{"stateId":119,"originShotId":3445,"birdIndex":0,"times":1,"score":0,"totalScore":17430,"finalState":true,"active":false,"unvisitedChildren":0,"miniMaxValue":0.0}
{"stateId":120,"originShotId":8,"birdIndex":0,"times":1,"score":12010,"totalScore":12010,"finalState":false,"active":false,"unvisitedChildren":63,"miniMaxValue":17580.0}
{"stateId":121,"originShotId":3470,"birdIndex":0,"times":1,"score":1930,"totalScore":13940,"finalState":false,"active":false,"unvisitedChildren":31,"miniMaxValue":17580.0}
{"stateId":122,"originShotId":3502,"birdIndex":0,"times":1,"score":17580,"totalScore":31520,"finalState":true,"active":false,"unvisitedChildren":0,"miniMaxValue":17580.0}
{"stateId":123,"originShotId":9,"birdIndex":0,"times":1,"score":6940,"totalScore":6940,"finalState":false,"active":false,"unvisitedChildren":97,"miniMaxValue":0.0}
{"stateId":124,"originShotId":3545,"birdIndex":0,"times":1,"score":7500,"totalScore":14440,"finalState":false,"active":false,"unvisitedChildren":63,"miniMaxValue":0.0}
{"stateId":125,"originShotId":3573,"birdIndex":0,"times":1,"score":3050,"totalScore":17490,"finalState":false,"active":false,"unvisitedChildren":34,"miniMaxValue":0.0}
{"stateId":126,"originShotId":3599,"birdIndex":0,"times":1,"score":0,"totalScore":17490,"finalState":true,"active":false,"unvisitedChildren":0,"miniMaxValue":0.0}
{"stateId":127,"originShotId":16,"birdIndex":0,"times":1,"score":1550,"totalScore":1550,"finalState":false,"active":false,"unvisitedChildren":109,"miniMaxValue":0.0}
{"stateId":128,"originShotId":3651,"birdIndex":0,"times":1,"score":6100,"totalScore":7650,"finalState":false,"active":false,"unvisitedChildren":67,"miniMaxValue":0.0}
{"stateId":129,"originShotId":3681,"birdIndex":0,"times":1,"score":1370,"totalScore":9020,"finalState":false,"active":false,"unvisitedChildren":29,"miniMaxValue":0.0}
{"stateId":130,"originShotId":3723,"birdIndex":0,"times":1,"score":0,"totalScore":15220,"finalState":true,"active":false,"unvisitedChildren":0,"miniMaxValue":0.0}
{"stateId":131,"originShotId":10,"birdIndex":0,"times":1,"score":45860,"totalScore":45860,"finalState":true,"active":false,"unvisitedChildren":0,"miniMaxValue":45860.0}
{"stateId":132,"originShotId":11,"birdIndex":0,"times":1,"score":6160,"totalScore":6160,"finalState":false,"active":false,"unvisitedChildren":121,"miniMaxValue":11610.0}
{"stateId":133,"originShotId":3759,"birdIndex":0,"times":1,"score":1170,"totalScore":7330,"finalState":false,"active":false,"unvisitedChildren":82,"miniMaxValue":11610.0}
{"stateId":134,"originShotId":3804,"birdIndex":0,"times":1,"score":5780,"totalScore":13110,"finalState":false,"active":false,"unvisitedChildren":42,"miniMaxValue":11610.0}
{"stateId":135,"originShotId":3816,"birdIndex":0,"times":1,"score":11610,"totalScore":24720,"finalState":true,"active":false,"unvisitedChildren":0,"miniMaxValue":11610.0}
{"stateId":137,"originShotId":2,"birdIndex":0,"times":1,"score":5630,"totalScore":5630,"finalState":false,"active":false,"unvisitedChildren":42,"miniMaxValue":25040.0}
{"stateId":138,"originShotId":3888,"birdIndex":0,"times":1,"score":25040,"totalScore":37660,"finalState":true,"active":false,"unvisitedChildren":0,"miniMaxValue":25040.0}
{"stateId":139,"originShotId":3,"birdIndex":0,"times":1,"score":10560,"totalScore":10560,"finalState":false,"active":false,"unvisitedChildren":106,"miniMaxValue":0.0}
{"stateId":140,"originShotId":3917,"birdIndex":0,"times":1,"score":1140,"totalScore":11700,"finalState":false,"active":false,"unvisitedChildren":70,"miniMaxValue":0.0}
{"stateId":141,"originShotId":3957,"birdIndex":0,"times":1,"score":1160,"totalScore":12860,"finalState":false,"active":false,"unvisitedChildren":41,"miniMaxValue":0.0}
{"stateId":142,"originShotId":3989,"birdIndex":0,"times":1,"score":0,"totalScore":16110,"finalState":true,"active":false,"unvisitedChildren":0,"miniMaxValue":0.0}
{"stateId":151,"originShotId":84,"birdIndex":0,"times":1,"score":1040,"totalScore":7190,"finalState":false,"active":false,"unvisitedChildren":73,"miniMaxValue":0.0}
{"stateId":152,"originShotId":4258,"birdIndex":0,"times":1,"score":1190,"totalScore":8380,"finalState":false,"active":false,"unvisitedChildren":31,"miniMaxValue":0.0}
{"stateId":153,"originShotId":4293,"birdIndex":0,"times":1,"score":0,"totalScore":8380,"finalState":true,"active":false,"unvisitedChildren":0,"miniMaxValue":0.0}
{"stateId":158,"originShotId":1,"birdIndex":0,"times":48,"score":45880,"totalScore":45880,"finalState":true,"active":true,"unvisitedChildren":0,"miniMaxValue":45880.0}
{"stateId":159,"originShotId":4297,"birdIndex":0,"times":1,"score":9290,"totalScore":9290,"finalState":false,"active":false,"unvisitedChildren":93,"miniMaxValue":0.0}
{"stateId":160,"originShotId":4325,"birdIndex":0,"times":1,"score":6220,"totalScore":15510,"finalState":false,"active":false,"unvisitedChildren":63,"miniMaxValue":0.0}
{"stateId":161,"originShotId":4354,"birdIndex":0,"times":1,"score":1130,"totalScore":16640,"finalState":false,"active":false,"unvisitedChildren":28,"miniMaxValue":0.0}
{"stateId":162,"originShotId":4386,"birdIndex":0,"times":1,"score":0,"totalScore":16640,"finalState":true,"active":false,"unvisitedChildren":0,"miniMaxValue":0.0}
{"stateId":163,"originShotId":4295,"birdIndex":0,"times":1,"score":8010,"totalScore":8010,"finalState":false,"active":false,"unvisitedChildren":101,"miniMaxValue":0.0}
{"stateId":164,"originShotId":4432,"birdIndex":0,"times":1,"score":6140,"totalScore":14150,"finalState":false,"active":false,"unvisitedChildren":61,"miniMaxValue":0.0}
{"stateId":165,"originShotId":4464,"birdIndex":0,"times":1,"score":1110,"totalScore":15260,"finalState":false,"active":false,"unvisitedChildren":27,"miniMaxValue":0.0}
{"stateId":166,"originShotId":4491,"birdIndex":0,"times":1,"score":0,"totalScore":15260,"finalState":true,"active":false,"unvisitedChildren":0,"miniMaxValue":0.0}
{"stateId":167,"originShotId":4296,"birdIndex":0,"times":1,"score":6660,"totalScore":6660,"finalState":false,"active":false,"unvisitedChildren":97,"miniMaxValue":0.0}
{"stateId":168,"originShotId":4525,"birdIndex":0,"times":1,"score":6150,"totalScore":12810,"finalState":false,"active":false,"unvisitedChildren":69,"miniMaxValue":0.0}
{"stateId":169,"originShotId":4560,"birdIndex":0,"times":1,"score":1300,"totalScore":14110,"finalState":false,"active":false,"unvisitedChildren":33,"miniMaxValue":0.0}
{"stateId":170,"originShotId":4592,"birdIndex":0,"times":1,"score":0,"totalScore":14110,"finalState":true,"active":false,"unvisitedChildren":0,"miniMaxValue":0.0}
{"stateId":171,"originShotId":4394,"birdIndex":0,"times":1,"score":12010,"totalScore":12010,"finalState":false,"active":false,"unvisitedChildren":98,"miniMaxValue":0.0}
{"stateId":172,"originShotId":4628,"birdIndex":0,"times":1,"score":2440,"totalScore":14450,"finalState":false,"active":false,"unvisitedChildren":63,"miniMaxValue":0.0}
{"stateId":173,"originShotId":4663,"birdIndex":0,"times":1,"score":1450,"totalScore":15900,"finalState":false,"active":false,"unvisitedChildren":27,"miniMaxValue":0.0}
{"stateId":174,"originShotId":4693,"birdIndex":0,"times":1,"score":0,"totalScore":15900,"finalState":true,"active":false,"unvisitedChildren":0,"miniMaxValue":0.0}
{"stateId":175,"originShotId":4294,"birdIndex":0,"times":1,"score":5320,"totalScore":5320,"finalState":false,"active":false,"unvisitedChildren":107,"miniMaxValue":0.0}
{"stateId":176,"originShotId":4728,"birdIndex":0,"times":1,"score":1170,"totalScore":6490,"finalState":false,"active":false,"unvisitedChildren":73,"miniMaxValue":0.0}
{"stateId":177,"originShotId":4770,"birdIndex":0,"times":1,"score":6270,"totalScore":12760,"finalState":false,"active":false,"unvisitedChildren":33,"miniMaxValue":0.0}
{"stateId":178,"originShotId":4801,"birdIndex":0,"times":1,"score":0,"totalScore":12760,"finalState":true,"active":false,"unvisitedChildren":0,"miniMaxValue":0.0}
{"stateId":179,"originShotId":153,"birdIndex":0,"times":1,"score":6460,"totalScore":12560,"finalState":false,"active":false,"unvisitedChildren":72,"miniMaxValue":0.0}
{"stateId":180,"originShotId":4839,"birdIndex":0,"times":1,"score":980,"totalScore":13540,"finalState":false,"active":false,"unvisitedChildren":38,"miniMaxValue":0.0}
{"stateId":181,"originShotId":4883,"birdIndex":0,"times":1,"score":0,"totalScore":13540,"finalState":true,"active":false,"unvisitedChildren":0,"miniMaxValue":0.0}
{"stateId":182,"originShotId":4890,"birdIndex":0,"times":1,"score":1960,"totalScore":13890,"finalState":false,"active":false,"unvisitedChildren":37,"miniMaxValue":18900.0}
{"stateId":183,"originShotId":4926,"birdIndex":0,"times":1,"score":18900,"totalScore":32790,"finalState":true,"active":false,"unvisitedChildren":0,"miniMaxValue":18900.0}
