{"stateId":1,"originShotId":-1,"birdIndex":0,"times":0,"score":0,"totalScore":0,"finalState":false,"active":false,"unvisitedChildren":15009,"miniMaxValue":0.0}
{"stateId":2,"originShotId":81,"birdIndex":0,"times":1,"score":17830,"totalScore":17830,"finalState":false,"active":false,"unvisitedChildren":206,"miniMaxValue":10560.0}
{"stateId":3,"originShotId":272,"birdIndex":0,"times":1,"score":13070,"totalScore":30900,"finalState":false,"active":false,"unvisitedChildren":57,"miniMaxValue":10560.0}
{"stateId":4,"originShotId":320,"birdIndex":0,"times":1,"score":10560,"totalScore":41460,"finalState":true,"active":false,"unvisitedChildren":0,"miniMaxValue":10560.0}
{"stateId":5,"originShotId":54,"birdIndex":0,"times":1,"score":12140,"totalScore":12140,"finalState":false,"active":false,"unvisitedChildren":301,"miniMaxValue":0.0}
{"stateId":6,"originShotId":518,"birdIndex":0,"times":1,"score":5340,"totalScore":17480,"finalState":false,"active":false,"unvisitedChildren":140,"miniMaxValue":0.0}
{"stateId":7,"originShotId":526,"birdIndex":0,"times":1,"score":0,"totalScore":17480,"finalState":true,"active":false,"unvisitedChildren":0,"miniMaxValue":0.0}
{"stateId":8,"originShotId":148,"birdIndex":0,"times":1,"score":3400,"totalScore":3400,"finalState":false,"active":false,"unvisitedChildren":176,"miniMaxValue":0.0}
{"stateId":9,"originShotId":792,"birdIndex":0,"times":1,"score":6170,"totalScore":9570,"finalState":false,"active":false,"unvisitedChildren":45,"miniMaxValue":0.0}
{"stateId":10,"originShotId":796,"birdIndex":0,"times":1,"score":0,"totalScore":9570,"finalState":true,"active":false,"unvisitedChildren":0,"miniMaxValue":0.0}
{"stateId":11,"originShotId":53,"birdIndex":0,"times":1,"score":3470,"totalScore":3470,"finalState":false,"active":false,"unvisitedChildren":301,"miniMaxValue":0.0}
{"stateId":12,"originShotId":882,"birdIndex":0,"times":1,"score":0,"totalScore":3470,"finalState":false,"active":false,"unvisitedChildren":152,"miniMaxValue":0.0}
{"stateId":13,"originShotId":1029,"birdIndex":0,"times":1,"score":0,"totalScore":3470,"finalState":true,"active":false,"unvisitedChildren":0,"miniMaxValue":0.0}
{"stateId":14,"originShotId":98,"birdIndex":0,"times":19,"score":11760,"totalScore":11760,"finalState":false,"active":false,"unvisitedChildren":643,"miniMaxValue":13300.842}
{"stateId":15,"originShotId":1282,"birdIndex":0,"times":13,"score":10918,"totalScore":22568,"finalState":false,"active":false,"unvisitedChildren":139,"miniMaxValue":15572.77}
{"stateId":16,"originShotId":1396,"birdIndex":0,"times":1,"score":19860,"totalScore":42930,"finalState":true,"active":false,"unvisitedChildren":0,"miniMaxValue":19860.0}
{"stateId":20,"originShotId":150,"birdIndex":0,"times":2,"score":11715,"totalScore":11715,"finalState":false,"active":false,"unvisitedChildren":339,"miniMaxValue":0.0}
{"stateId":21,"originShotId":1723,"birdIndex":0,"times":1,"score":6540,"totalScore":18450,"finalState":false,"active":false,"unvisitedChildren":54,"miniMaxValue":0.0}
{"stateId":22,"originShotId":1773,"birdIndex":0,"times":1,"score":0,"totalScore":18450,"finalState":true,"active":false,"unvisitedChildren":0,"miniMaxValue":0.0}
{"stateId":23,"originShotId":73,"birdIndex":0,"times":1,"score":3420,"totalScore":3420,"finalState":false,"active":false,"unvisitedChildren":180,"miniMaxValue":0.0}
{"stateId":24,"originShotId":1871,"birdIndex":0,"times":1,"score":0,"totalScore":3420,"finalState":false,"active":false,"unvisitedChildren":46,"miniMaxValue":0.0}
{"stateId":25,"originShotId":1984,"birdIndex":0,"times":1,"score":0,"totalScore":5270,"finalState":true,"active":false,"unvisitedChildren":0,"miniMaxValue":0.0}
{"stateId":32,"originShotId":80,"birdIndex":0,"times":2,"score":11200,"totalScore":11200,"finalState":false,"active":false,"unvisitedChildren":294,"miniMaxValue":13275.0}
{"stateId":33,"originShotId":2583,"birdIndex":0,"times":1,"score":15470,"totalScore":26670,"finalState":false,"active":false,"unvisitedChildren":60,"miniMaxValue":13750.0}
{"stateId":34,"originShotId":2629,"birdIndex":0,"times":1,"score":13750,"totalScore":40420,"finalState":true,"active":false,"unvisitedChildren":0,"miniMaxValue":13750.0}
{"stateId":35,"originShotId":150,"birdIndex":0,"times":1,"score":14300,"totalScore":14300,"finalState":false,"active":false,"unvisitedChildren":222,"miniMaxValue":14130.0}
{"stateId":36,"originShotId":2794,"birdIndex":0,"times":1,"score":14170,"totalScore":28470,"finalState":false,"active":false,"unvisitedChildren":70,"miniMaxValue":14130.0}
{"stateId":37,"originShotId":2871,"birdIndex":0,"times":1,"score":14130,"totalScore":42600,"finalState":true,"active":false,"unvisitedChildren":0,"miniMaxValue":14130.0}
{"stateId":38,"originShotId":47,"birdIndex":0,"times":1,"score":3420,"totalScore":3420,"finalState":false,"active":false,"unvisitedChildren":188,"miniMaxValue":0.0}
{"stateId":39,"originShotId":2943,"birdIndex":0,"times":1,"score":0,"totalScore":3420,"finalState":false,"active":false,"unvisitedChildren":48,"miniMaxValue":0.0}
{"stateId":40,"originShotId":3043,"birdIndex":0,"times":1,"score":0,"totalScore":3420,"finalState":true,"active":false,"unvisitedChildren":0,"miniMaxValue":0.0}
{"stateId":41,"originShotId":83,"birdIndex":0,"times":1,"score":11440,"totalScore":11440,"finalState":false,"active":false,"unvisitedChildren":337,"miniMaxValue":0.0}
{"stateId":42,"originShotId":3215,"birdIndex":0,"times":1,"score":14580,"totalScore":26020,"finalState":false,"active":false,"unvisitedChildren":188,"miniMaxValue":0.0}
{"stateId":43,"originShotId":3289,"birdIndex":0,"times":1,"score":0,"totalScore":26020,"finalState":true,"active":false,"unvisitedChildren":0,"miniMaxValue":0.0}
{"stateId":44,"originShotId":86,"birdIndex":0,"times":1,"score":12320,"totalScore":12320,"finalState":false,"active":false,"unvisitedChildren":219,"miniMaxValue":0.0}
{"stateId":45,"originShotId":3566,"birdIndex":0,"times":1,"score":12060,"totalScore":24380,"finalState":false,"active":false,"unvisitedChildren":61,"miniMaxValue":0.0}
{"stateId":46,"originShotId":3614,"birdIndex":0,"times":1,"score":0,"totalScore":24380,"finalState":true,"active":false,"unvisitedChildren":0,"miniMaxValue":0.0}
{"stateId":47,"originShotId":77,"birdIndex":0,"times":1,"score":13490,"totalScore":13490,"finalState":false,"active":false,"unvisitedChildren":224,"miniMaxValue":0.0}
{"stateId":48,"originShotId":3637,"birdIndex":0,"times":1,"score":1740,"totalScore":15230,"finalState":false,"active":false,"unvisitedChildren":51,"miniMaxValue":0.0}
{"stateId":49,"originShotId":3811,"birdIndex":0,"times":1,"score":0,"totalScore":15710,"finalState":true,"active":false,"unvisitedChildren":0,"miniMaxValue":0.0}
{"stateId":50,"originShotId":63,"birdIndex":0,"times":3,"score":11182,"totalScore":11182,"finalState":false,"active":false,"unvisitedChildren":3644,"miniMaxValue":0.0}
{"stateId":51,"originShotId":4008,"birdIndex":0,"times":1,"score":0,"totalScore":11230,"finalState":false,"active":false,"unvisitedChildren":3339,"miniMaxValue":0.0}
{"stateId":52,"originShotId":4173,"birdIndex":0,"times":1,"score":0,"totalScore":11230,"finalState":false,"active":false,"unvisitedChildren":3172,"miniMaxValue":0.0}
{"stateId":53,"originShotId":4362,"birdIndex":0,"times":1,"score":0,"totalScore":11230,"finalState":false,"active":false,"unvisitedChildren":2987,"miniMaxValue":0.0}
{"stateId":54,"originShotId":4532,"birdIndex":0,"times":1,"score":0,"totalScore":11230,"finalState":false,"active":false,"unvisitedChildren":2820,"miniMaxValue":0.0}
{"stateId":55,"originShotId":4695,"birdIndex":0,"times":1,"score":0,"totalScore":11230,"finalState":false,"active":false,"unvisitedChildren":2617,"miniMaxValue":0.0}
{"stateId":56,"originShotId":4840,"birdIndex":0,"times":1,"score":0,"totalScore":11230,"finalState":false,"active":false,"unvisitedChildren":2450,"miniMaxValue":0.0}
{"stateId":57,"originShotId":5103,"birdIndex":0,"times":1,"score":0,"totalScore":11230,"finalState":false,"active":false,"unvisitedChildren":2268,"miniMaxValue":0.0}
{"stateId":58,"originShotId":5266,"birdIndex":0,"times":1,"score":0,"totalScore":11230,"finalState":false,"active":false,"unvisitedChildren":2101,"miniMaxValue":0.0}
{"stateId":59,"originShotId":5426,"birdIndex":0,"times":1,"score":0,"totalScore":11230,"finalState":false,"active":false,"unvisitedChildren":1934,"miniMaxValue":0.0}
{"stateId":60,"originShotId":5576,"birdIndex":0,"times":1,"score":0,"totalScore":11230,"finalState":false,"active":false,"unvisitedChildren":1767,"miniMaxValue":0.0}
{"stateId":61,"originShotId":5745,"birdIndex":0,"times":1,"score":0,"totalScore":11230,"finalState":false,"active":false,"unvisitedChildren":1582,"miniMaxValue":0.0}
{"stateId":62,"originShotId":5957,"birdIndex":0,"times":1,"score":0,"totalScore":11230,"finalState":false,"active":false,"unvisitedChildren":1415,"miniMaxValue":0.0}
{"stateId":63,"originShotId":6113,"birdIndex":0,"times":1,"score":0,"totalScore":11230,"finalState":false,"active":false,"unvisitedChildren":1248,"miniMaxValue":0.0}
{"stateId":64,"originShotId":6137,"birdIndex":0,"times":1,"score":0,"totalScore":11230,"finalState":false,"active":false,"unvisitedChildren":1042,"miniMaxValue":0.0}
{"stateId":65,"originShotId":6479,"birdIndex":0,"times":1,"score":0,"totalScore":11230,"finalState":false,"active":false,"unvisitedChildren":836,"miniMaxValue":0.0}
{"stateId":66,"originShotId":6553,"birdIndex":0,"times":1,"score":0,"totalScore":11230,"finalState":false,"active":false,"unvisitedChildren":669,"miniMaxValue":0.0}
{"stateId":67,"originShotId":6871,"birdIndex":0,"times":1,"score":0,"totalScore":11230,"finalState":false,"active":false,"unvisitedChildren":502,"miniMaxValue":0.0}
{"stateId":68,"originShotId":7033,"birdIndex":0,"times":1,"score":0,"totalScore":11230,"finalState":false,"active":false,"unvisitedChildren":335,"miniMaxValue":0.0}
{"stateId":69,"originShotId":7212,"birdIndex":0,"times":1,"score":0,"totalScore":11230,"finalState":false,"active":false,"unvisitedChildren":168,"miniMaxValue":0.0}
{"stateId":70,"originShotId":7353,"birdIndex":0,"times":1,"score":0,"totalScore":11230,"finalState":false,"active":false,"unvisitedChildren":0,"miniMaxValue":0.0}
{"stateId":71,"originShotId":71,"birdIndex":0,"times":1,"score":12420,"totalScore":12420,"finalState":false,"active":false,"unvisitedChildren":258,"miniMaxValue":10950.0}
{"stateId":72,"originShotId":7570,"birdIndex":0,"times":1,"score":14480,"totalScore":26900,"finalState":false,"active":false,"unvisitedChildren":58,"miniMaxValue":10950.0}
{"stateId":73,"originShotId":7627,"birdIndex":0,"times":1,"score":10950,"totalScore":37850,"finalState":true,"active":false,"unvisitedChildren":0,"miniMaxValue":10950.0}
{"stateId":74,"originShotId":57,"birdIndex":0,"times":2,"score":11080,"totalScore":11080,"finalState":false,"active":false,"unvisitedChildren":266,"miniMaxValue":6490.0}
{"stateId":75,"originShotId":7778,"birdIndex":0,"times":1,"score":16730,"totalScore":27950,"finalState":false,"active":false,"unvisitedChildren":63,"miniMaxValue":12980.0}
{"stateId":76,"originShotId":7822,"birdIndex":0,"times":1,"score":12980,"totalScore":40930,"finalState":true,"active":false,"unvisitedChildren":0,"miniMaxValue":12980.0}
{"stateId":77,"originShotId":60,"birdIndex":0,"times":1,"score":11350,"totalScore":11350,"finalState":false,"active":false,"unvisitedChildren":229,"miniMaxValue":0.0}
{"stateId":78,"originShotId":7995,"birdIndex":0,"times":1,"score":15070,"totalScore":26420,"finalState":false,"active":false,"unvisitedChildren":65,"miniMaxValue":0.0}
{"stateId":79,"originShotId":8065,"birdIndex":0,"times":1,"score":0,"totalScore":26420,"finalState":true,"active":false,"unvisitedChildren":0,"miniMaxValue":0.0}
{"stateId":80,"originShotId":149,"birdIndex":0,"times":2,"score":11570,"totalScore":11570,"finalState":false,"active":false,"unvisitedChildren":267,"miniMaxValue":0.0}
{"stateId":81,"originShotId":8192,"birdIndex":0,"times":1,"score":16710,"totalScore":28280,"finalState":false,"active":false,"unvisitedChildren":50,"miniMaxValue":0.0}
{"stateId":82,"originShotId":8227,"birdIndex":0,"times":1,"score":0,"totalScore":28280,"finalState":true,"active":false,"unvisitedChildren":0,"miniMaxValue":0.0}
{"stateId":89,"originShotId":44,"birdIndex":0,"times":1,"score":3400,"totalScore":3400,"finalState":false,"active":false,"unvisitedChildren":186,"miniMaxValue":0.0}
{"stateId":90,"originShotId":8828,"birdIndex":0,"times":1,"score":10860,"totalScore":14260,"finalState":false,"active":false,"unvisitedChildren":49,"miniMaxValue":0.0}
{"stateId":91,"originShotId":8934,"birdIndex":0,"times":1,"score":0,"totalScore":21010,"finalState":true,"active":false,"unvisitedChildren":0,"miniMaxValue":0.0}
{"stateId":95,"originShotId":64,"birdIndex":0,"times":1,"score":5040,"totalScore":5040,"finalState":false,"active":false,"unvisitedChildren":204,"miniMaxValue":0.0}
{"stateId":96,"originShotId":9383,"birdIndex":0,"times":1,"score":10200,"totalScore":15240,"finalState":false,"active":false,"unvisitedChildren":52,"miniMaxValue":0.0}
{"stateId":97,"originShotId":9387,"birdIndex":0,"times":1,"score":0,"totalScore":15240,"finalState":true,"active":false,"unvisitedChildren":0,"miniMaxValue":0.0}
{"stateId":98,"originShotId":1631,"birdIndex":0,"times":1,"score":1900,"totalScore":13420,"finalState":false,"active":false,"unvisitedChildren":146,"miniMaxValue":0.0}
{"stateId":99,"originShotId":9574,"birdIndex":0,"times":1,"score":0,"totalScore":13420,"finalState":true,"active":false,"unvisitedChildren":0,"miniMaxValue":0.0}
{"stateId":100,"originShotId":42,"birdIndex":0,"times":1,"score":6020,"totalScore":6020,"finalState":false,"active":false,"unvisitedChildren":197,"miniMaxValue":0.0}
{"stateId":101,"originShotId":9639,"birdIndex":0,"times":1,"score":8320,"totalScore":14340,"finalState":false,"active":false,"unvisitedChildren":60,"miniMaxValue":0.0}
{"stateId":102,"originShotId":9775,"birdIndex":0,"times":1,"score":0,"totalScore":14340,"finalState":true,"active":false,"unvisitedChildren":0,"miniMaxValue":0.0}
{"stateId":105,"originShotId":84,"birdIndex":0,"times":1,"score":11730,"totalScore":11730,"finalState":false,"active":false,"unvisitedChildren":328,"miniMaxValue":18350.0}
{"stateId":106,"originShotId":10116,"birdIndex":0,"times":1,"score":13620,"totalScore":25350,"finalState":false,"active":false,"unvisitedChildren":179,"miniMaxValue":18350.0}
{"stateId":107,"originShotId":10278,"birdIndex":0,"times":1,"score":18350,"totalScore":43700,"finalState":true,"active":false,"unvisitedChildren":0,"miniMaxValue":18350.0}
{"stateId":108,"originShotId":1396,"birdIndex":0,"times":6,"score":16996,"totalScore":39681,"finalState":true,"active":false,"unvisitedChildren":0,"miniMaxValue":16996.0}
{"stateId":109,"originShotId":1282,"birdIndex":0,"times":5,"score":10200,"totalScore":22123,"finalState":false,"active":false,"unvisitedChildren":107,"miniMaxValue":10054.0}
{"stateId":110,"originShotId":10380,"birdIndex":0,"times":2,"score":0,"totalScore":22185,"finalState":true,"active":false,"unvisitedChildren":0,"miniMaxValue":0.0}
{"stateId":111,"originShotId":84,"birdIndex":0,"times":1,"score":13710,"totalScore":13710,"finalState":false,"active":false,"unvisitedChildren":170,"miniMaxValue":0.0}
{"stateId":112,"originShotId":10416,"birdIndex":0,"times":1,"score":1740,"totalScore":15450,"finalState":false,"active":false,"unvisitedChildren":39,"miniMaxValue":0.0}
{"stateId":113,"originShotId":10583,"birdIndex":0,"times":1,"score":0,"totalScore":15450,"finalState":true,"active":false,"unvisitedChildren":0,"miniMaxValue":0.0}
{"stateId":114,"originShotId":2583,"birdIndex":0,"times":1,"score":16430,"totalScore":27630,"finalState":false,"active":false,"unvisitedChildren":55,"miniMaxValue":12800.0}
{"stateId":115,"originShotId":10619,"birdIndex":0,"times":1,"score":12800,"totalScore":40430,"finalState":true,"active":false,"unvisitedChildren":0,"miniMaxValue":12800.0}
{"stateId":116,"originShotId":80,"birdIndex":0,"times":1,"score":5980,"totalScore":5980,"finalState":false,"active":false,"unvisitedChildren":202,"miniMaxValue":0.0}
{"stateId":117,"originShotId":10779,"birdIndex":0,"times":1,"score":8250,"totalScore":14230,"finalState":false,"active":false,"unvisitedChildren":56,"miniMaxValue":0.0}
{"stateId":118,"originShotId":10841,"birdIndex":0,"times":1,"score":0,"totalScore":14230,"finalState":true,"active":false,"unvisitedChildren":0,"miniMaxValue":0.0}
{"stateId":119,"originShotId":7778,"birdIndex":0,"times":1,"score":11600,"totalScore":22540,"finalState":false,"active":false,"unvisitedChildren":66,"miniMaxValue":0.0}
{"stateId":120,"originShotId":10873,"birdIndex":0,"times":1,"score":0,"totalScore":22540,"finalState":true,"active":false,"unvisitedChildren":0,"miniMaxValue":0.0}
{"stateId":121,"originShotId":10380,"birdIndex":0,"times":1,"score":17080,"totalScore":39330,"finalState":true,"active":false,"unvisitedChildren":0,"miniMaxValue":17080.0}
{"stateId":122,"originShotId":1396,"birdIndex":0,"times":1,"score":18690,"totalScore":41310,"finalState":true,"active":false,"unvisitedChildren":0,"miniMaxValue":18690.0}
{"stateId":123,"originShotId":1396,"birdIndex":0,"times":4,"score":15480,"totalScore":38118,"finalState":true,"active":false,"unvisitedChildren":0,"miniMaxValue":15480.0}
{"stateId":124,"originShotId":1396,"birdIndex":0,"times":1,"score":0,"totalScore":22530,"finalState":true,"active":false,"unvisitedChildren":0,"miniMaxValue":0.0}
{"stateId":125,"originShotId":1282,"birdIndex":0,"times":1,"score":11660,"totalScore":22820,"finalState":false,"active":false,"unvisitedChildren":53,"miniMaxValue":0.0}
{"stateId":126,"originShotId":10960,"birdIndex":0,"times":1,"score":0,"totalScore":22820,"finalState":true,"active":false,"unvisitedChildren":0,"miniMaxValue":0.0}
{"stateId":127,"originShotId":10380,"birdIndex":0,"times":1,"score":15110,"totalScore":37020,"finalState":true,"active":false,"unvisitedChildren":0,"miniMaxValue":15110.0}
{"stateId":128,"originShotId":10380,"birdIndex":0,"times":1,"score":18080,"totalScore":40290,"finalState":true,"active":false,"unvisitedChildren":0,"miniMaxValue":18080.0}
{"stateId":129,"originShotId":81,"birdIndex":0,"times":4,"score":16706,"totalScore":16706,"finalState":false,"active":false,"unvisitedChildren":280,"miniMaxValue":20315.0}
{"stateId":130,"originShotId":11445,"birdIndex":0,"times":1,"score":12270,"totalScore":28820,"finalState":false,"active":false,"unvisitedChildren":53,"miniMaxValue":10020.0}
{"stateId":131,"originShotId":11512,"birdIndex":0,"times":1,"score":10020,"totalScore":38840,"finalState":true,"active":false,"unvisitedChildren":0,"miniMaxValue":10020.0}
{"stateId":132,"originShotId":11445,"birdIndex":0,"times":1,"score":28570,"totalScore":45090,"finalState":true,"active":false,"unvisitedChildren":0,"miniMaxValue":28570.0}
{"stateId":133,"originShotId":11445,"birdIndex":0,"times":1,"score":30760,"totalScore":47750,"finalState":true,"active":false,"unvisitedChildren":0,"miniMaxValue":30760.0}
{"stateId":134,"originShotId":11445,"birdIndex":0,"times":1,"score":10660,"totalScore":27310,"finalState":false,"active":false,"unvisitedChildren":57,"miniMaxValue":11910.0}
{"stateId":135,"originShotId":11576,"birdIndex":0,"times":1,"score":11910,"totalScore":39220,"finalState":true,"active":false,"unvisitedChildren":0,"miniMaxValue":11910.0}
{"stateId":136,"originShotId":81,"birdIndex":0,"times":1,"score":15040,"totalScore":15040,"finalState":false,"active":false,"unvisitedChildren":0,"miniMaxValue":0.0}
{"stateId":137,"originShotId":11007,"birdIndex":0,"times":1,"score":7420,"totalScore":7420,"finalState":false,"active":false,"unvisitedChildren":192,"miniMaxValue":0.0}
{"stateId":138,"originShotId":11741,"birdIndex":0,"times":1,"score":4000,"totalScore":11420,"finalState":false,"active":false,"unvisitedChildren":43,"miniMaxValue":0.0}
{"stateId":139,"originShotId":11766,"birdIndex":0,"times":1,"score":0,"totalScore":11420,"finalState":true,"active":false,"unvisitedChildren":0,"miniMaxValue":0.0}
{"stateId":140,"originShotId":11042,"birdIndex":0,"times":3,"score":11150,"totalScore":11150,"finalState":false,"active":true,"unvisitedChildren":540,"miniMaxValue":15595.0}
{"stateId":141,"originShotId":11940,"birdIndex":0,"times":1,"score":10200,"totalScore":21380,"finalState":false,"active":false,"unvisitedChildren":191,"miniMaxValue":16210.0}
{"stateId":142,"originShotId":12049,"birdIndex":0,"times":1,"score":16210,"totalScore":37590,"finalState":true,"active":false,"unvisitedChildren":0,"miniMaxValue":16210.0}
{"stateId":143,"originShotId":11112,"birdIndex":0,"times":1,"score":11730,"totalScore":11730,"finalState":false,"active":false,"unvisitedChildren":205,"miniMaxValue":7880.0}
{"stateId":144,"originShotId":12283,"birdIndex":0,"times":1,"score":22640,"totalScore":34370,"finalState":false,"active":false,"unvisitedChildren":65,"miniMaxValue":7880.0}
{"stateId":145,"originShotId":12317,"birdIndex":0,"times":1,"score":7880,"totalScore":42250,"finalState":true,"active":false,"unvisitedChildren":0,"miniMaxValue":7880.0}
{"stateId":146,"originShotId":11112,"birdIndex":0,"times":1,"score":14370,"totalScore":14370,"finalState":false,"active":false,"unvisitedChildren":228,"miniMaxValue":0.0}
{"stateId":147,"originShotId":12525,"birdIndex":0,"times":1,"score":12160,"totalScore":26530,"finalState":false,"active":false,"unvisitedChildren":58,"miniMaxValue":0.0}
{"stateId":148,"originShotId":12554,"birdIndex":0,"times":1,"score":0,"totalScore":26530,"finalState":true,"active":false,"unvisitedChildren":0,"miniMaxValue":0.0}
{"stateId":149,"originShotId":150,"birdIndex":0,"times":2,"score":12580,"totalScore":12580,"finalState":false,"active":false,"unvisitedChildren":383,"miniMaxValue":21240.0}
{"stateId":150,"originShotId":12693,"birdIndex":0,"times":1,"score":16410,"totalScore":28990,"finalState":false,"active":false,"unvisitedChildren":59,"miniMaxValue":13680.0}
{"stateId":151,"originShotId":12760,"birdIndex":0,"times":1,"score":13680,"totalScore":42670,"finalState":true,"active":false,"unvisitedChildren":0,"miniMaxValue":13680.0}
{"stateId":152,"originShotId":11040,"birdIndex":0,"times":2,"score":11840,"totalScore":11840,"finalState":false,"active":false,"unvisitedChildren":361,"miniMaxValue":8780.0}
{"stateId":153,"originShotId":12897,"birdIndex":0,"times":1,"score":13390,"totalScore":25400,"finalState":false,"active":false,"unvisitedChildren":161,"miniMaxValue":17560.0}
{"stateId":154,"originShotId":13048,"birdIndex":0,"times":1,"score":17560,"totalScore":42960,"finalState":true,"active":false,"unvisitedChildren":0,"miniMaxValue":17560.0}
{"stateId":155,"originShotId":4008,"birdIndex":0,"times":1,"score":14040,"totalScore":25080,"finalState":false,"active":false,"unvisitedChildren":75,"miniMaxValue":0.0}
{"stateId":156,"originShotId":13133,"birdIndex":0,"times":1,"score":0,"totalScore":25080,"finalState":true,"active":false,"unvisitedChildren":0,"miniMaxValue":0.0}
{"stateId":157,"originShotId":11046,"birdIndex":0,"times":1,"score":2080,"totalScore":2080,"finalState":false,"active":false,"unvisitedChildren":310,"miniMaxValue":0.0}
{"stateId":158,"originShotId":13230,"birdIndex":0,"times":1,"score":7370,"totalScore":9450,"finalState":false,"active":false,"unvisitedChildren":152,"miniMaxValue":0.0}
{"stateId":159,"originShotId":13436,"birdIndex":0,"times":1,"score":0,"totalScore":9450,"finalState":true,"active":false,"unvisitedChildren":0,"miniMaxValue":0.0}
{"stateId":160,"originShotId":60,"birdIndex":0,"times":1,"score":12390,"totalScore":12390,"finalState":false,"active":false,"unvisitedChildren":204,"miniMaxValue":16820.0}
{"stateId":161,"originShotId":13483,"birdIndex":0,"times":1,"score":18050,"totalScore":30440,"finalState":false,"active":false,"unvisitedChildren":58,"miniMaxValue":16820.0}
{"stateId":162,"originShotId":13674,"birdIndex":0,"times":1,"score":16820,"totalScore":47260,"finalState":true,"active":false,"unvisitedChildren":0,"miniMaxValue":16820.0}
{"stateId":163,"originShotId":11020,"birdIndex":0,"times":1,"score":6100,"totalScore":6100,"finalState":false,"active":false,"unvisitedChildren":200,"miniMaxValue":0.0}
{"stateId":164,"originShotId":13834,"birdIndex":0,"times":1,"score":11710,"totalScore":17810,"finalState":false,"active":false,"unvisitedChildren":42,"miniMaxValue":0.0}
{"stateId":165,"originShotId":13873,"birdIndex":0,"times":1,"score":0,"totalScore":17810,"finalState":true,"active":false,"unvisitedChildren":0,"miniMaxValue":0.0}
{"stateId":166,"originShotId":11045,"birdIndex":0,"times":2,"score":11715,"totalScore":11715,"finalState":false,"active":false,"unvisitedChildren":440,"miniMaxValue":0.0}
{"stateId":167,"originShotId":14029,"birdIndex":0,"times":1,"score":15570,"totalScore":27090,"finalState":false,"active":false,"unvisitedChildren":59,"miniMaxValue":0.0}
{"stateId":168,"originShotId":14069,"birdIndex":0,"times":1,"score":0,"totalScore":27090,"finalState":true,"active":false,"unvisitedChildren":0,"miniMaxValue":0.0}
{"stateId":169,"originShotId":8202,"birdIndex":0,"times":1,"score":12420,"totalScore":23990,"finalState":false,"active":false,"unvisitedChildren":78,"miniMaxValue":0.0}
{"stateId":170,"originShotId":14149,"birdIndex":0,"times":1,"score":0,"totalScore":23990,"finalState":true,"active":false,"unvisitedChildren":0,"miniMaxValue":0.0}
{"stateId":171,"originShotId":11052,"birdIndex":0,"times":1,"score":25460,"totalScore":25460,"finalState":false,"active":false,"unvisitedChildren":343,"miniMaxValue":0.0}
{"stateId":172,"originShotId":14211,"birdIndex":0,"times":1,"score":5630,"totalScore":31090,"finalState":false,"active":false,"unvisitedChildren":155,"miniMaxValue":0.0}
{"stateId":173,"originShotId":14423,"birdIndex":0,"times":1,"score":0,"totalScore":31090,"finalState":true,"active":false,"unvisitedChildren":0,"miniMaxValue":0.0}
{"stateId":174,"originShotId":10999,"birdIndex":0,"times":1,"score":0,"totalScore":0,"finalState":false,"active":false,"unvisitedChildren":201,"miniMaxValue":0.0}
{"stateId":175,"originShotId":14615,"birdIndex":0,"times":1,"score":10540,"totalScore":10540,"finalState":false,"active":false,"unvisitedChildren":49,"miniMaxValue":0.0}
{"stateId":176,"originShotId":14730,"birdIndex":0,"times":1,"score":0,"totalScore":10540,"finalState":true,"active":false,"unvisitedChildren":0,"miniMaxValue":0.0}
{"stateId":177,"originShotId":11110,"birdIndex":0,"times":1,"score":9970,"totalScore":9970,"finalState":false,"active":false,"unvisitedChildren":193,"miniMaxValue":0.0}
{"stateId":178,"originShotId":14737,"birdIndex":0,"times":1,"score":1230,"totalScore":11200,"finalState":false,"active":false,"unvisitedChildren":47,"miniMaxValue":0.0}
{"stateId":179,"originShotId":14922,"birdIndex":0,"times":1,"score":0,"totalScore":11200,"finalState":true,"active":false,"unvisitedChildren":0,"miniMaxValue":0.0}
{"stateId":180,"originShotId":12712,"birdIndex":0,"times":1,"score":9530,"totalScore":22110,"finalState":false,"active":false,"unvisitedChildren":200,"miniMaxValue":21240.0}
{"stateId":181,"originShotId":15058,"birdIndex":0,"times":1,"score":21240,"totalScore":43350,"finalState":true,"active":false,"unvisitedChildren":0,"miniMaxValue":21240.0}
{"stateId":182,"originShotId":11013,"birdIndex":0,"times":1,"score":11000,"totalScore":11000,"finalState":false,"active":false,"unvisitedChildren":167,"miniMaxValue":0.0}
{"stateId":183,"originShotId":15145,"birdIndex":0,"times":1,"score":1730,"totalScore":12730,"finalState":false,"active":false,"unvisitedChildren":39,"miniMaxValue":0.0}
{"stateId":184,"originShotId":15300,"birdIndex":0,"times":1,"score":0,"totalScore":12730,"finalState":true,"active":false,"unvisitedChildren":0,"miniMaxValue":0.0}
{"stateId":185,"originShotId":11023,"birdIndex":0,"times":1,"score":3420,"totalScore":3420,"finalState":false,"active":false,"unvisitedChildren":194,"miniMaxValue":0.0}
{"stateId":186,"originShotId":15360,"birdIndex":0,"times":1,"score":13400,"totalScore":16820,"finalState":false,"active":false,"unvisitedChildren":48,"miniMaxValue":0.0}
{"stateId":187,"originShotId":15491,"birdIndex":0,"times":1,"score":0,"totalScore":16820,"finalState":true,"active":false,"unvisitedChildren":0,"miniMaxValue":0.0}
{"stateId":188,"originShotId":11016,"birdIndex":0,"times":1,"score":11420,"totalScore":11420,"finalState":false,"active":false,"unvisitedChildren":226,"miniMaxValue":0.0}
{"stateId":189,"originShotId":15641,"birdIndex":0,"times":1,"score":15960,"totalScore":27380,"finalState":false,"active":false,"unvisitedChildren":80,"miniMaxValue":0.0}
{"stateId":190,"originShotId":15685,"birdIndex":0,"times":1,"score":0,"totalScore":27380,"finalState":true,"active":false,"unvisitedChildren":0,"miniMaxValue":0.0}
{"stateId":191,"originShotId":13894,"birdIndex":0,"times":1,"score":8950,"totalScore":20860,"finalState":false,"active":false,"unvisitedChildren":215,"miniMaxValue":0.0}
{"stateId":192,"originShotId":15933,"birdIndex":0,"times":1,"score":0,"totalScore":20860,"finalState":true,"active":false,"unvisitedChildren":0,"miniMaxValue":0.0}
{"stateId":193,"originShotId":3873,"birdIndex":0,"times":1,"score":7910,"totalScore":19140,"finalState":false,"active":false,"unvisitedChildren":61,"miniMaxValue":0.0}
{"stateId":194,"originShotId":15987,"birdIndex":0,"times":1,"score":0,"totalScore":19140,"finalState":true,"active":false,"unvisitedChildren":0,"miniMaxValue":0.0}
{"stateId":195,"originShotId":148,"birdIndex":0,"times":1,"score":4500,"totalScore":4500,"finalState":false,"active":false,"unvisitedChildren":196,"miniMaxValue":0.0}
{"stateId":196,"originShotId":16045,"birdIndex":0,"times":1,"score":0,"totalScore":4500,"finalState":false,"active":false,"unvisitedChildren":50,"miniMaxValue":0.0}
{"stateId":197,"originShotId":16160,"birdIndex":0,"times":1,"score":0,"totalScore":4500,"finalState":true,"active":false,"unvisitedChildren":0,"miniMaxValue":0.0}
{"stateId":198,"originShotId":11005,"birdIndex":0,"times":1,"score":2200,"totalScore":2200,"finalState":false,"active":false,"unvisitedChildren":208,"miniMaxValue":0.0}
{"stateId":199,"originShotId":16280,"birdIndex":0,"times":1,"score":11710,"totalScore":13910,"finalState":false,"active":false,"unvisitedChildren":62,"miniMaxValue":0.0}
{"stateId":200,"originShotId":16373,"birdIndex":0,"times":1,"score":0,"totalScore":13910,"finalState":true,"active":false,"unvisitedChildren":0,"miniMaxValue":0.0}
{"stateId":201,"originShotId":11047,"birdIndex":0,"times":1,"score":11480,"totalScore":11480,"finalState":false,"active":false,"unvisitedChildren":221,"miniMaxValue":0.0}
{"stateId":202,"originShotId":16572,"birdIndex":0,"times":1,"score":1670,"totalScore":13150,"finalState":false,"active":false,"unvisitedChildren":54,"miniMaxValue":0.0}
{"stateId":203,"originShotId":16628,"birdIndex":0,"times":1,"score":0,"totalScore":13150,"finalState":true,"active":false,"unvisitedChildren":0,"miniMaxValue":0.0}
{"stateId":204,"originShotId":12897,"birdIndex":0,"times":1,"score":12210,"totalScore":23880,"finalState":false,"active":false,"unvisitedChildren":54,"miniMaxValue":0.0}
{"stateId":205,"originShotId":16670,"birdIndex":0,"times":1,"score":0,"totalScore":23880,"finalState":true,"active":false,"unvisitedChildren":0,"miniMaxValue":0.0}
{"stateId":206,"originShotId":11940,"birdIndex":0,"times":2,"score":11820,"totalScore":22940,"finalState":false,"active":true,"unvisitedChildren":182,"miniMaxValue":14980.0}
{"stateId":207,"originShotId":16797,"birdIndex":0,"times":1,"score":14980,"totalScore":37950,"finalState":true,"active":false,"unvisitedChildren":0,"miniMaxValue":14980.0}
{"stateId":208,"originShotId":16797,"birdIndex":0,"times":1,"score":12560,"totalScore":35470,"finalState":true,"active":true,"unvisitedChildren":0,"miniMaxValue":0.0}
