{"stateId":1,"originShotId":-1,"birdIndex":0,"times":0,"score":0,"totalScore":0,"finalState":false,"active":false,"unvisitedChildren":3882,"miniMaxValue":0.0}
{"stateId":2,"originShotId":59,"birdIndex":0,"times":3,"score":62860,"totalScore":62860,"finalState":true,"active":false,"unvisitedChildren":0,"miniMaxValue":62860.0}
{"stateId":3,"originShotId":60,"birdIndex":0,"times":1,"score":63560,"totalScore":63560,"finalState":true,"active":false,"unvisitedChildren":0,"miniMaxValue":63560.0}
{"stateId":4,"originShotId":52,"birdIndex":0,"times":1,"score":65010,"totalScore":65010,"finalState":true,"active":false,"unvisitedChildren":0,"miniMaxValue":65010.0}
{"stateId":9,"originShotId":57,"birdIndex":0,"times":1,"score":20020,"totalScore":20020,"finalState":false,"active":false,"unvisitedChildren":153,"miniMaxValue":21690.0}
{"stateId":10,"originShotId":344,"birdIndex":0,"times":1,"score":1560,"totalScore":21580,"finalState":false,"active":false,"unvisitedChildren":76,"miniMaxValue":21690.0}
{"stateId":11,"originShotId":416,"birdIndex":0,"times":1,"score":21690,"totalScore":44670,"finalState":true,"active":false,"unvisitedChildren":0,"miniMaxValue":21690.0}
{"stateId":12,"originShotId":58,"birdIndex":0,"times":1,"score":22420,"totalScore":22420,"finalState":false,"active":false,"unvisitedChildren":184,"miniMaxValue":0.0}
{"stateId":13,"originShotId":467,"birdIndex":0,"times":1,"score":3430,"totalScore":25850,"finalState":false,"active":false,"unvisitedChildren":134,"miniMaxValue":0.0}
{"stateId":14,"originShotId":541,"birdIndex":0,"times":1,"score":1650,"totalScore":27500,"finalState":false,"active":false,"unvisitedChildren":65,"miniMaxValue":0.0}
{"stateId":270,"originShotId":4648,"birdIndex":0,"times":1,"score":64420,"totalScore":64420,"finalState":true,"active":false,"unvisitedChildren":0,"miniMaxValue":64420.0}
{"stateId":15,"originShotId":599,"birdIndex":0,"times":1,"score":0,"totalScore":32540,"finalState":true,"active":false,"unvisitedChildren":0,"miniMaxValue":0.0}
{"stateId":16,"originShotId":5,"birdIndex":0,"times":1,"score":21140,"totalScore":21140,"finalState":false,"active":false,"unvisitedChildren":175,"miniMaxValue":0.0}
{"stateId":17,"originShotId":677,"birdIndex":0,"times":1,"score":3560,"totalScore":24700,"finalState":false,"active":false,"unvisitedChildren":109,"miniMaxValue":0.0}
{"stateId":18,"originShotId":743,"birdIndex":0,"times":1,"score":1250,"totalScore":25950,"finalState":false,"active":false,"unvisitedChildren":40,"miniMaxValue":0.0}
{"stateId":19,"originShotId":783,"birdIndex":0,"times":1,"score":0,"totalScore":25950,"finalState":true,"active":false,"unvisitedChildren":0,"miniMaxValue":0.0}
{"stateId":20,"originShotId":6,"birdIndex":0,"times":1,"score":41250,"totalScore":64030,"finalState":true,"active":false,"unvisitedChildren":0,"miniMaxValue":41250.0}
{"stateId":21,"originShotId":7,"birdIndex":0,"times":1,"score":16000,"totalScore":16000,"finalState":false,"active":false,"unvisitedChildren":181,"miniMaxValue":0.0}
{"stateId":22,"originShotId":844,"birdIndex":0,"times":1,"score":8940,"totalScore":24940,"finalState":false,"active":false,"unvisitedChildren":126,"miniMaxValue":0.0}
{"stateId":23,"originShotId":900,"birdIndex":0,"times":1,"score":1630,"totalScore":26570,"finalState":false,"active":false,"unvisitedChildren":64,"miniMaxValue":0.0}
{"stateId":24,"originShotId":966,"birdIndex":0,"times":1,"score":0,"totalScore":29760,"finalState":true,"active":false,"unvisitedChildren":0,"miniMaxValue":0.0}
{"stateId":25,"originShotId":8,"birdIndex":0,"times":1,"score":62490,"totalScore":62490,"finalState":true,"active":false,"unvisitedChildren":0,"miniMaxValue":62490.0}
{"stateId":26,"originShotId":50,"birdIndex":0,"times":1,"score":16750,"totalScore":16750,"finalState":false,"active":false,"unvisitedChildren":59,"miniMaxValue":41560.0}
{"stateId":27,"originShotId":1033,"birdIndex":0,"times":1,"score":41560,"totalScore":58310,"finalState":true,"active":false,"unvisitedChildren":0,"miniMaxValue":41560.0}
{"stateId":28,"originShotId":51,"birdIndex":0,"times":1,"score":1690,"totalScore":1690,"finalState":false,"active":false,"unvisitedChildren":193,"miniMaxValue":0.0}
{"stateId":29,"originShotId":1096,"birdIndex":0,"times":1,"score":18850,"totalScore":20540,"finalState":false,"active":false,"unvisitedChildren":131,"miniMaxValue":0.0}
{"stateId":285,"originShotId":44,"birdIndex":1,"times":2,"score":69190,"totalScore":69190,"finalState":true,"active":true,"unvisitedChildren":0,"miniMaxValue":69190.0}
{"stateId":30,"originShotId":1163,"birdIndex":0,"times":1,"score":1550,"totalScore":22090,"finalState":false,"active":false,"unvisitedChildren":65,"miniMaxValue":0.0}
{"stateId":31,"originShotId":1229,"birdIndex":0,"times":1,"score":0,"totalScore":22090,"finalState":true,"active":false,"unvisitedChildren":0,"miniMaxValue":0.0}
{"stateId":57,"originShotId":4,"birdIndex":0,"times":1,"score":64710,"totalScore":64710,"finalState":true,"active":false,"unvisitedChildren":0,"miniMaxValue":64710.0}
{"stateId":58,"originShotId":55,"birdIndex":0,"times":1,"score":29620,"totalScore":29620,"finalState":false,"active":false,"unvisitedChildren":184,"miniMaxValue":0.0}
{"stateId":59,"originShotId":1306,"birdIndex":0,"times":1,"score":1890,"totalScore":31510,"finalState":false,"active":false,"unvisitedChildren":108,"miniMaxValue":0.0}
{"stateId":60,"originShotId":1355,"birdIndex":0,"times":1,"score":1660,"totalScore":33170,"finalState":false,"active":false,"unvisitedChildren":51,"miniMaxValue":0.0}
{"stateId":61,"originShotId":1410,"birdIndex":0,"times":1,"score":0,"totalScore":-1,"finalState":true,"active":false,"unvisitedChildren":0,"miniMaxValue":0.0}
{"stateId":62,"originShotId":56,"birdIndex":0,"times":1,"score":25920,"totalScore":25920,"finalState":false,"active":false,"unvisitedChildren":150,"miniMaxValue":0.0}
{"stateId":63,"originShotId":1445,"birdIndex":0,"times":1,"score":5170,"totalScore":31090,"finalState":false,"active":false,"unvisitedChildren":101,"miniMaxValue":0.0}
{"stateId":64,"originShotId":1494,"birdIndex":0,"times":1,"score":2120,"totalScore":33210,"finalState":false,"active":false,"unvisitedChildren":52,"miniMaxValue":0.0}
{"stateId":65,"originShotId":1556,"birdIndex":0,"times":1,"score":0,"totalScore":33790,"finalState":true,"active":false,"unvisitedChildren":0,"miniMaxValue":0.0}
{"stateId":66,"originShotId":54,"birdIndex":0,"times":25,"score":67715,"totalScore":67715,"finalState":true,"active":false,"unvisitedChildren":0,"miniMaxValue":67715.0}
{"stateId":67,"originShotId":48,"birdIndex":0,"times":1,"score":66300,"totalScore":66300,"finalState":true,"active":false,"unvisitedChildren":0,"miniMaxValue":66300.0}
{"stateId":68,"originShotId":49,"birdIndex":0,"times":1,"score":3200,"totalScore":3200,"finalState":false,"active":false,"unvisitedChildren":53,"miniMaxValue":54460.0}
{"stateId":69,"originShotId":1619,"birdIndex":0,"times":1,"score":54460,"totalScore":57660,"finalState":true,"active":false,"unvisitedChildren":0,"miniMaxValue":54460.0}
{"stateId":70,"originShotId":9,"birdIndex":0,"times":1,"score":30870,"totalScore":30870,"finalState":false,"active":false,"unvisitedChildren":152,"miniMaxValue":0.0}
{"stateId":71,"originShotId":1675,"birdIndex":0,"times":1,"score":280,"totalScore":31150,"finalState":false,"active":false,"unvisitedChildren":101,"miniMaxValue":0.0}
{"stateId":72,"originShotId":1721,"birdIndex":0,"times":1,"score":0,"totalScore":31150,"finalState":false,"active":false,"unvisitedChildren":51,"miniMaxValue":0.0}
{"stateId":90,"originShotId":28,"birdIndex":0,"times":1,"score":17270,"totalScore":17270,"finalState":false,"active":false,"unvisitedChildren":39,"miniMaxValue":37750.0}
{"stateId":91,"originShotId":2623,"birdIndex":0,"times":1,"score":37750,"totalScore":55020,"finalState":true,"active":false,"unvisitedChildren":0,"miniMaxValue":37750.0}
{"stateId":92,"originShotId":35,"birdIndex":0,"times":1,"score":1720,"totalScore":1720,"finalState":false,"active":false,"unvisitedChildren":102,"miniMaxValue":44230.0}
{"stateId":93,"originShotId":2683,"birdIndex":0,"times":1,"score":1570,"totalScore":3290,"finalState":false,"active":false,"unvisitedChildren":53,"miniMaxValue":44230.0}
{"stateId":94,"originShotId":2734,"birdIndex":0,"times":1,"score":44230,"totalScore":47520,"finalState":true,"active":false,"unvisitedChildren":0,"miniMaxValue":44230.0}
{"stateId":100,"originShotId":31,"birdIndex":0,"times":1,"score":48780,"totalScore":66700,"finalState":true,"active":false,"unvisitedChildren":0,"miniMaxValue":48780.0}
{"stateId":103,"originShotId":1,"birdIndex":0,"times":1,"score":65060,"totalScore":65060,"finalState":true,"active":false,"unvisitedChildren":0,"miniMaxValue":65060.0}
{"stateId":104,"originShotId":2,"birdIndex":0,"times":1,"score":63350,"totalScore":63350,"finalState":true,"active":false,"unvisitedChildren":0,"miniMaxValue":63350.0}
{"stateId":105,"originShotId":46,"birdIndex":0,"times":1,"score":3120,"totalScore":3120,"finalState":false,"active":false,"unvisitedChildren":52,"miniMaxValue":52280.0}
{"stateId":106,"originShotId":3000,"birdIndex":0,"times":1,"score":52280,"totalScore":55400,"finalState":true,"active":false,"unvisitedChildren":0,"miniMaxValue":52280.0}
{"stateId":107,"originShotId":47,"birdIndex":0,"times":1,"score":2210,"totalScore":2210,"finalState":false,"active":false,"unvisitedChildren":48,"miniMaxValue":52870.0}
{"stateId":108,"originShotId":3049,"birdIndex":0,"times":1,"score":52870,"totalScore":55080,"finalState":true,"active":false,"unvisitedChildren":0,"miniMaxValue":52870.0}
{"stateId":109,"originShotId":39,"birdIndex":0,"times":1,"score":17470,"totalScore":17470,"finalState":false,"active":false,"unvisitedChildren":48,"miniMaxValue":28610.0}
{"stateId":110,"originShotId":3095,"birdIndex":0,"times":1,"score":28610,"totalScore":59240,"finalState":true,"active":false,"unvisitedChildren":0,"miniMaxValue":28610.0}
{"stateId":111,"originShotId":38,"birdIndex":0,"times":1,"score":3920,"totalScore":3920,"finalState":false,"active":false,"unvisitedChildren":117,"miniMaxValue":18930.0}
{"stateId":112,"originShotId":3148,"birdIndex":0,"times":1,"score":28850,"totalScore":32770,"finalState":false,"active":false,"unvisitedChildren":63,"miniMaxValue":18930.0}
{"stateId":113,"originShotId":3215,"birdIndex":0,"times":1,"score":18930,"totalScore":51700,"finalState":true,"active":false,"unvisitedChildren":0,"miniMaxValue":18930.0}
{"stateId":114,"originShotId":26,"birdIndex":0,"times":1,"score":64530,"totalScore":64530,"finalState":true,"active":false,"unvisitedChildren":0,"miniMaxValue":64530.0}
{"stateId":117,"originShotId":33,"birdIndex":0,"times":1,"score":2630,"totalScore":2630,"finalState":false,"active":false,"unvisitedChildren":49,"miniMaxValue":56520.0}
{"stateId":118,"originShotId":3323,"birdIndex":0,"times":1,"score":56520,"totalScore":59150,"finalState":true,"active":false,"unvisitedChildren":0,"miniMaxValue":56520.0}
{"stateId":119,"originShotId":34,"birdIndex":0,"times":1,"score":2120,"totalScore":2120,"finalState":false,"active":false,"unvisitedChildren":143,"miniMaxValue":15890.0}
{"stateId":120,"originShotId":3374,"birdIndex":0,"times":1,"score":19860,"totalScore":21980,"finalState":false,"active":false,"unvisitedChildren":90,"miniMaxValue":15890.0}
{"stateId":121,"originShotId":3418,"birdIndex":0,"times":1,"score":1490,"totalScore":23470,"finalState":false,"active":false,"unvisitedChildren":44,"miniMaxValue":15890.0}
{"stateId":122,"originShotId":3466,"birdIndex":0,"times":1,"score":15890,"totalScore":39360,"finalState":true,"active":false,"unvisitedChildren":0,"miniMaxValue":15890.0}
{"stateId":123,"originShotId":40,"birdIndex":0,"times":1,"score":2630,"totalScore":2630,"finalState":false,"active":false,"unvisitedChildren":50,"miniMaxValue":52840.0}
{"stateId":124,"originShotId":3520,"birdIndex":0,"times":1,"score":52840,"totalScore":55470,"finalState":true,"active":false,"unvisitedChildren":0,"miniMaxValue":52840.0}
{"stateId":125,"originShotId":41,"birdIndex":0,"times":1,"score":2140,"totalScore":2140,"finalState":false,"active":false,"unvisitedChildren":51,"miniMaxValue":54760.0}
{"stateId":126,"originShotId":3569,"birdIndex":0,"times":1,"score":54760,"totalScore":56900,"finalState":true,"active":false,"unvisitedChildren":0,"miniMaxValue":54760.0}
{"stateId":127,"originShotId":36,"birdIndex":0,"times":1,"score":4110,"totalScore":4110,"finalState":false,"active":false,"unvisitedChildren":58,"miniMaxValue":56020.0}
{"stateId":128,"originShotId":3627,"birdIndex":0,"times":1,"score":56020,"totalScore":60130,"finalState":true,"active":false,"unvisitedChildren":0,"miniMaxValue":56020.0}
{"stateId":131,"originShotId":29,"birdIndex":0,"times":1,"score":5470,"totalScore":5470,"finalState":false,"active":false,"unvisitedChildren":42,"miniMaxValue":51920.0}
{"stateId":132,"originShotId":3729,"birdIndex":0,"times":1,"score":51920,"totalScore":57390,"finalState":true,"active":false,"unvisitedChildren":0,"miniMaxValue":51920.0}
{"stateId":133,"originShotId":30,"birdIndex":0,"times":1,"score":64540,"totalScore":64540,"finalState":true,"active":false,"unvisitedChildren":0,"miniMaxValue":64540.0}
{"stateId":134,"originShotId":42,"birdIndex":0,"times":1,"score":1790,"totalScore":1790,"finalState":false,"active":false,"unvisitedChildren":52,"miniMaxValue":51900.0}
{"stateId":135,"originShotId":3787,"birdIndex":0,"times":1,"score":51900,"totalScore":53690,"finalState":true,"active":false,"unvisitedChildren":0,"miniMaxValue":51900.0}
{"stateId":136,"originShotId":43,"birdIndex":0,"times":1,"score":3170,"totalScore":3170,"finalState":false,"active":false,"unvisitedChildren":50,"miniMaxValue":52510.0}
{"stateId":137,"originShotId":3838,"birdIndex":0,"times":1,"score":52510,"totalScore":55680,"finalState":true,"active":false,"unvisitedChildren":0,"miniMaxValue":52510.0}
{"stateId":138,"originShotId":10,"birdIndex":0,"times":1,"score":22400,"totalScore":22400,"finalState":false,"active":false,"unvisitedChildren":139,"miniMaxValue":0.0}
{"stateId":139,"originShotId":3884,"birdIndex":0,"times":1,"score":1500,"totalScore":23900,"finalState":false,"active":false,"unvisitedChildren":86,"miniMaxValue":0.0}
{"stateId":140,"originShotId":3937,"birdIndex":0,"times":1,"score":2610,"totalScore":26510,"finalState":false,"active":false,"unvisitedChildren":41,"miniMaxValue":0.0}
{"stateId":141,"originShotId":3981,"birdIndex":0,"times":1,"score":0,"totalScore":34980,"finalState":true,"active":false,"unvisitedChildren":0,"miniMaxValue":0.0}
{"stateId":142,"originShotId":11,"birdIndex":0,"times":1,"score":22550,"totalScore":22550,"finalState":false,"active":false,"unvisitedChildren":166,"miniMaxValue":0.0}
{"stateId":143,"originShotId":4029,"birdIndex":0,"times":1,"score":7070,"totalScore":29620,"finalState":false,"active":false,"unvisitedChildren":112,"miniMaxValue":0.0}
{"stateId":144,"originShotId":4084,"birdIndex":0,"times":1,"score":1690,"totalScore":31310,"finalState":false,"active":false,"unvisitedChildren":56,"miniMaxValue":0.0}
{"stateId":145,"originShotId":4138,"birdIndex":0,"times":1,"score":0,"totalScore":31310,"finalState":true,"active":false,"unvisitedChildren":0,"miniMaxValue":0.0}
{"stateId":146,"originShotId":19,"birdIndex":0,"times":1,"score":21980,"totalScore":21980,"finalState":false,"active":false,"unvisitedChildren":162,"miniMaxValue":12780.0}
{"stateId":147,"originShotId":4197,"birdIndex":0,"times":1,"score":1120,"totalScore":23100,"finalState":false,"active":false,"unvisitedChildren":106,"miniMaxValue":12780.0}
{"stateId":148,"originShotId":4261,"birdIndex":0,"times":1,"score":1090,"totalScore":24190,"finalState":false,"active":false,"unvisitedChildren":47,"miniMaxValue":12780.0}
{"stateId":149,"originShotId":4308,"birdIndex":0,"times":1,"score":12780,"totalScore":36970,"finalState":true,"active":false,"unvisitedChildren":0,"miniMaxValue":12780.0}
{"stateId":150,"originShotId":12,"birdIndex":0,"times":1,"score":21970,"totalScore":21970,"finalState":false,"active":false,"unvisitedChildren":145,"miniMaxValue":0.0}
{"stateId":151,"originShotId":4360,"birdIndex":0,"times":1,"score":1300,"totalScore":23270,"finalState":false,"active":false,"unvisitedChildren":93,"miniMaxValue":0.0}
{"stateId":152,"originShotId":4414,"birdIndex":0,"times":1,"score":1180,"totalScore":24450,"finalState":false,"active":false,"unvisitedChildren":44,"miniMaxValue":0.0}
{"stateId":153,"originShotId":4434,"birdIndex":0,"times":1,"score":0,"totalScore":26120,"finalState":true,"active":false,"unvisitedChildren":0,"miniMaxValue":0.0}
{"stateId":199,"originShotId":44,"birdIndex":1,"times":7,"score":65645,"totalScore":65645,"finalState":true,"active":false,"unvisitedChildren":0,"miniMaxValue":65645.0}
{"stateId":200,"originShotId":44,"birdIndex":1,"times":16,"score":67440,"totalScore":67440,"finalState":true,"active":false,"unvisitedChildren":0,"miniMaxValue":67440.0}
{"stateId":201,"originShotId":54,"birdIndex":0,"times":4,"score":68927,"totalScore":68927,"finalState":true,"active":false,"unvisitedChildren":0,"miniMaxValue":68927.0}
{"stateId":202,"originShotId":54,"birdIndex":0,"times":9,"score":66424,"totalScore":66424,"finalState":true,"active":false,"unvisitedChildren":0,"miniMaxValue":66424.0}
{"stateId":203,"originShotId":54,"birdIndex":0,"times":1,"score":67120,"totalScore":67120,"finalState":true,"active":false,"unvisitedChildren":0,"miniMaxValue":67120.0}
{"stateId":204,"originShotId":4476,"birdIndex":0,"times":1,"score":19690,"totalScore":19690,"finalState":false,"active":false,"unvisitedChildren":167,"miniMaxValue":0.0}
{"stateId":205,"originShotId":4518,"birdIndex":0,"times":1,"score":1630,"totalScore":21320,"finalState":false,"active":false,"unvisitedChildren":118,"miniMaxValue":0.0}
{"stateId":206,"originShotId":4575,"birdIndex":0,"times":1,"score":1710,"totalScore":23030,"finalState":false,"active":false,"unvisitedChildren":57,"miniMaxValue":0.0}
{"stateId":207,"originShotId":4640,"birdIndex":0,"times":1,"score":0,"totalScore":23030,"finalState":true,"active":false,"unvisitedChildren":0,"miniMaxValue":0.0}
{"stateId":208,"originShotId":4651,"birdIndex":0,"times":1,"score":1740,"totalScore":1740,"finalState":false,"active":false,"unvisitedChildren":97,"miniMaxValue":18190.0}
{"stateId":209,"originShotId":4700,"birdIndex":0,"times":1,"score":26200,"totalScore":27940,"finalState":false,"active":false,"unvisitedChildren":49,"miniMaxValue":18190.0}
{"stateId":210,"originShotId":4743,"birdIndex":0,"times":1,"score":18190,"totalScore":46130,"finalState":true,"active":false,"unvisitedChildren":0,"miniMaxValue":18190.0}
{"stateId":212,"originShotId":54,"birdIndex":0,"times":1,"score":19330,"totalScore":19330,"finalState":false,"active":false,"unvisitedChildren":156,"miniMaxValue":0.0}
{"stateId":213,"originShotId":4798,"birdIndex":0,"times":1,"score":1380,"totalScore":20710,"finalState":false,"active":false,"unvisitedChildren":104,"miniMaxValue":0.0}
{"stateId":214,"originShotId":4821,"birdIndex":0,"times":1,"score":700,"totalScore":21410,"finalState":false,"active":false,"unvisitedChildren":52,"miniMaxValue":0.0}
{"stateId":215,"originShotId":4897,"birdIndex":0,"times":1,"score":0,"totalScore":21410,"finalState":true,"active":false,"unvisitedChildren":0,"miniMaxValue":0.0}
{"stateId":216,"originShotId":44,"birdIndex":0,"times":2,"score":66390,"totalScore":66390,"finalState":true,"active":false,"unvisitedChildren":0,"miniMaxValue":66390.0}
{"stateId":217,"originShotId":32,"birdIndex":0,"times":1,"score":6740,"totalScore":6740,"finalState":false,"active":false,"unvisitedChildren":157,"miniMaxValue":0.0}
{"stateId":218,"originShotId":4959,"birdIndex":0,"times":1,"score":18270,"totalScore":25010,"finalState":false,"active":false,"unvisitedChildren":108,"miniMaxValue":0.0}
{"stateId":219,"originShotId":5004,"birdIndex":0,"times":1,"score":1570,"totalScore":26580,"finalState":false,"active":false,"unvisitedChildren":63,"miniMaxValue":0.0}
{"stateId":220,"originShotId":5069,"birdIndex":0,"times":1,"score":0,"totalScore":26580,"finalState":true,"active":false,"unvisitedChildren":0,"miniMaxValue":0.0}
{"stateId":221,"originShotId":45,"birdIndex":0,"times":1,"score":1710,"totalScore":1710,"finalState":false,"active":false,"unvisitedChildren":48,"miniMaxValue":55930.0}
{"stateId":222,"originShotId":5118,"birdIndex":0,"times":1,"score":55930,"totalScore":57640,"finalState":true,"active":false,"unvisitedChildren":0,"miniMaxValue":55930.0}
{"stateId":223,"originShotId":37,"birdIndex":0,"times":1,"score":1260,"totalScore":1260,"finalState":false,"active":false,"unvisitedChildren":48,"miniMaxValue":57330.0}
{"stateId":224,"originShotId":5167,"birdIndex":0,"times":1,"score":57330,"totalScore":58590,"finalState":true,"active":false,"unvisitedChildren":0,"miniMaxValue":57330.0}
{"stateId":225,"originShotId":4650,"birdIndex":0,"times":1,"score":65110,"totalScore":65110,"finalState":true,"active":false,"unvisitedChildren":0,"miniMaxValue":65110.0}
{"stateId":226,"originShotId":4649,"birdIndex":0,"times":1,"score":22350,"totalScore":22350,"finalState":false,"active":false,"unvisitedChildren":101,"miniMaxValue":22620.0}
{"stateId":227,"originShotId":5215,"birdIndex":0,"times":1,"score":1840,"totalScore":24190,"finalState":false,"active":false,"unvisitedChildren":47,"miniMaxValue":22620.0}
{"stateId":228,"originShotId":5261,"birdIndex":0,"times":1,"score":22620,"totalScore":46810,"finalState":true,"active":false,"unvisitedChildren":0,"miniMaxValue":22620.0}
{"stateId":236,"originShotId":4647,"birdIndex":0,"times":1,"score":22610,"totalScore":22610,"finalState":false,"active":false,"unvisitedChildren":106,"miniMaxValue":26240.0}
{"stateId":237,"originShotId":5591,"birdIndex":0,"times":1,"score":3090,"totalScore":25700,"finalState":false,"active":false,"unvisitedChildren":52,"miniMaxValue":26240.0}
{"stateId":238,"originShotId":5636,"birdIndex":0,"times":1,"score":26240,"totalScore":51940,"finalState":true,"active":false,"unvisitedChildren":0,"miniMaxValue":26240.0}
