{"stateId":1,"originShotId":-1,"birdIndex":0,"times":0,"score":0,"totalScore":0,"finalState":false,"active":false,"unvisitedChildren":892,"miniMaxValue":0.0}
{"stateId":2,"originShotId":20,"birdIndex":0,"times":6,"score":40470,"totalScore":40470,"finalState":true,"active":false,"unvisitedChildren":0,"miniMaxValue":40470.0}
{"stateId":3,"originShotId":21,"birdIndex":0,"times":5,"score":40745,"totalScore":40745,"finalState":true,"active":false,"unvisitedChildren":0,"miniMaxValue":40745.0}
{"stateId":4,"originShotId":22,"birdIndex":0,"times":5,"score":40750,"totalScore":40750,"finalState":true,"active":false,"unvisitedChildren":0,"miniMaxValue":40750.0}
{"stateId":6,"originShotId":25,"birdIndex":0,"times":4,"score":40750,"totalScore":40750,"finalState":true,"active":false,"unvisitedChildren":0,"miniMaxValue":40750.0}
{"stateId":7,"originShotId":23,"birdIndex":0,"times":4,"score":5500,"totalScore":5500,"finalState":false,"active":false,"unvisitedChildren":22,"miniMaxValue":26830.0}
{"stateId":8,"originShotId":50,"birdIndex":0,"times":1,"score":25180,"totalScore":30680,"finalState":true,"active":false,"unvisitedChildren":0,"miniMaxValue":25180.0}
{"stateId":9,"originShotId":3,"birdIndex":0,"times":4,"score":41240,"totalScore":41240,"finalState":true,"active":false,"unvisitedChildren":0,"miniMaxValue":41240.0}
{"stateId":10,"originShotId":4,"birdIndex":0,"times":4,"score":5660,"totalScore":5660,"finalState":false,"active":false,"unvisitedChildren":48,"miniMaxValue":26220.0}
{"stateId":11,"originShotId":77,"birdIndex":0,"times":1,"score":26220,"totalScore":31880,"finalState":true,"active":false,"unvisitedChildren":0,"miniMaxValue":26220.0}
{"stateId":12,"originShotId":2,"birdIndex":0,"times":4,"score":5780,"totalScore":5780,"finalState":false,"active":false,"unvisitedChildren":94,"miniMaxValue":26170.0}
{"stateId":13,"originShotId":103,"birdIndex":0,"times":1,"score":2620,"totalScore":8400,"finalState":false,"active":false,"unvisitedChildren":47,"miniMaxValue":0.0}
{"stateId":14,"originShotId":126,"birdIndex":0,"times":1,"score":1800,"totalScore":10200,"finalState":false,"active":false,"unvisitedChildren":23,"miniMaxValue":0.0}
{"stateId":15,"originShotId":150,"birdIndex":0,"times":1,"score":0,"totalScore":10200,"finalState":true,"active":false,"unvisitedChildren":0,"miniMaxValue":0.0}
{"stateId":17,"originShotId":186,"birdIndex":0,"times":1,"score":25240,"totalScore":31810,"finalState":true,"active":false,"unvisitedChildren":0,"miniMaxValue":25240.0}
{"stateId":16,"originShotId":1,"birdIndex":0,"times":4,"score":6570,"totalScore":6570,"finalState":false,"active":false,"unvisitedChildren":60,"miniMaxValue":25670.0}
{"stateId":19,"originShotId":11,"birdIndex":0,"times":4,"score":5770,"totalScore":5770,"finalState":false,"active":false,"unvisitedChildren":119,"miniMaxValue":17810.0}
{"stateId":18,"originShotId":10,"birdIndex":0,"times":4,"score":41810,"totalScore":41810,"finalState":true,"active":false,"unvisitedChildren":0,"miniMaxValue":41810.0}
{"stateId":21,"originShotId":237,"birdIndex":0,"times":1,"score":15020,"totalScore":22530,"finalState":true,"active":false,"unvisitedChildren":0,"miniMaxValue":15020.0}
{"stateId":20,"originShotId":212,"birdIndex":0,"times":1,"score":1740,"totalScore":7510,"finalState":false,"active":false,"unvisitedChildren":25,"miniMaxValue":15020.0}
{"stateId":25,"originShotId":303,"birdIndex":0,"times":1,"score":25040,"totalScore":30930,"finalState":true,"active":false,"unvisitedChildren":0,"miniMaxValue":25040.0}
{"stateId":24,"originShotId":13,"birdIndex":0,"times":4,"score":5890,"totalScore":5890,"finalState":false,"active":false,"unvisitedChildren":45,"miniMaxValue":25590.0}
{"stateId":27,"originShotId":322,"birdIndex":0,"times":1,"score":6940,"totalScore":9320,"finalState":false,"active":false,"unvisitedChildren":12,"miniMaxValue":16230.0}
{"stateId":26,"originShotId":14,"birdIndex":0,"times":4,"score":2380,"totalScore":2380,"finalState":false,"active":false,"unvisitedChildren":103,"miniMaxValue":16230.0}
{"stateId":29,"originShotId":15,"birdIndex":0,"times":4,"score":3440,"totalScore":3440,"finalState":false,"active":false,"unvisitedChildren":80,"miniMaxValue":30490.0}
{"stateId":28,"originShotId":338,"birdIndex":0,"times":1,"score":16230,"totalScore":25550,"finalState":true,"active":false,"unvisitedChildren":0,"miniMaxValue":16230.0}
{"stateId":31,"originShotId":377,"birdIndex":0,"times":1,"score":15250,"totalScore":23730,"finalState":true,"active":false,"unvisitedChildren":0,"miniMaxValue":15250.0}
{"stateId":30,"originShotId":354,"birdIndex":0,"times":1,"score":5040,"totalScore":8480,"finalState":false,"active":false,"unvisitedChildren":19,"miniMaxValue":15250.0}
{"stateId":34,"originShotId":436,"birdIndex":0,"times":1,"score":15040,"totalScore":23440,"finalState":true,"active":false,"unvisitedChildren":0,"miniMaxValue":15040.0}
{"stateId":35,"originShotId":17,"birdIndex":0,"times":4,"score":2140,"totalScore":2140,"finalState":false,"active":false,"unvisitedChildren":62,"miniMaxValue":32020.0}
{"stateId":32,"originShotId":16,"birdIndex":0,"times":4,"score":2430,"totalScore":2430,"finalState":false,"active":false,"unvisitedChildren":54,"miniMaxValue":31800.0}
{"stateId":33,"originShotId":411,"birdIndex":0,"times":1,"score":5970,"totalScore":8400,"finalState":false,"active":false,"unvisitedChildren":22,"miniMaxValue":15040.0}
{"stateId":38,"originShotId":503,"birdIndex":0,"times":1,"score":5040,"totalScore":6770,"finalState":false,"active":false,"unvisitedChildren":31,"miniMaxValue":15320.0}
{"stateId":39,"originShotId":539,"birdIndex":0,"times":1,"score":15320,"totalScore":22090,"finalState":true,"active":false,"unvisitedChildren":0,"miniMaxValue":15320.0}
{"stateId":36,"originShotId":468,"birdIndex":0,"times":1,"score":32020,"totalScore":34160,"finalState":true,"active":false,"unvisitedChildren":0,"miniMaxValue":32020.0}
{"stateId":37,"originShotId":18,"birdIndex":0,"times":4,"score":1730,"totalScore":1730,"finalState":false,"active":false,"unvisitedChildren":116,"miniMaxValue":30190.0}
{"stateId":42,"originShotId":7,"birdIndex":0,"times":4,"score":41440,"totalScore":41440,"finalState":true,"active":false,"unvisitedChildren":0,"miniMaxValue":41440.0}
{"stateId":43,"originShotId":8,"birdIndex":0,"times":4,"score":42040,"totalScore":42040,"finalState":true,"active":false,"unvisitedChildren":0,"miniMaxValue":42040.0}
{"stateId":40,"originShotId":19,"birdIndex":0,"times":4,"score":1770,"totalScore":1770,"finalState":false,"active":false,"unvisitedChildren":88,"miniMaxValue":30590.0}
{"stateId":41,"originShotId":561,"birdIndex":0,"times":1,"score":30170,"totalScore":31940,"finalState":true,"active":false,"unvisitedChildren":0,"miniMaxValue":30170.0}
{"stateId":46,"originShotId":6,"birdIndex":0,"times":4,"score":41320,"totalScore":41320,"finalState":true,"active":false,"unvisitedChildren":0,"miniMaxValue":41320.0}
{"stateId":47,"originShotId":51,"birdIndex":0,"times":1,"score":26830,"totalScore":32330,"finalState":true,"active":false,"unvisitedChildren":0,"miniMaxValue":26830.0}
{"stateId":44,"originShotId":9,"birdIndex":0,"times":4,"score":41220,"totalScore":41220,"finalState":true,"active":false,"unvisitedChildren":0,"miniMaxValue":41220.0}
{"stateId":45,"originShotId":5,"birdIndex":0,"times":4,"score":41840,"totalScore":41840,"finalState":true,"active":false,"unvisitedChildren":0,"miniMaxValue":41840.0}
{"stateId":51,"originShotId":213,"birdIndex":0,"times":1,"score":1840,"totalScore":7610,"finalState":false,"active":false,"unvisitedChildren":22,"miniMaxValue":15020.0}
{"stateId":50,"originShotId":187,"birdIndex":0,"times":1,"score":25370,"totalScore":31940,"finalState":true,"active":false,"unvisitedChildren":0,"miniMaxValue":25370.0}
{"stateId":49,"originShotId":104,"birdIndex":0,"times":1,"score":26170,"totalScore":31950,"finalState":true,"active":false,"unvisitedChildren":0,"miniMaxValue":26170.0}
{"stateId":48,"originShotId":78,"birdIndex":0,"times":1,"score":26190,"totalScore":31850,"finalState":true,"active":false,"unvisitedChildren":0,"miniMaxValue":26190.0}
{"stateId":55,"originShotId":323,"birdIndex":0,"times":1,"score":6050,"totalScore":8430,"finalState":false,"active":false,"unvisitedChildren":24,"miniMaxValue":15040.0}
{"stateId":54,"originShotId":304,"birdIndex":0,"times":1,"score":25040,"totalScore":30930,"finalState":true,"active":false,"unvisitedChildren":0,"miniMaxValue":25040.0}
{"stateId":52,"originShotId":587,"birdIndex":0,"times":1,"score":15020,"totalScore":22630,"finalState":true,"active":false,"unvisitedChildren":0,"miniMaxValue":15020.0}
{"stateId":59,"originShotId":469,"birdIndex":0,"times":1,"score":6090,"totalScore":8240,"finalState":false,"active":false,"unvisitedChildren":31,"miniMaxValue":15580.0}
{"stateId":58,"originShotId":412,"birdIndex":0,"times":1,"score":30080,"totalScore":32510,"finalState":true,"active":false,"unvisitedChildren":0,"miniMaxValue":30080.0}
{"stateId":57,"originShotId":355,"birdIndex":0,"times":1,"score":30490,"totalScore":33930,"finalState":true,"active":false,"unvisitedChildren":0,"miniMaxValue":30490.0}
{"stateId":56,"originShotId":612,"birdIndex":0,"times":1,"score":15040,"totalScore":23470,"finalState":true,"active":false,"unvisitedChildren":0,"miniMaxValue":15040.0}
{"stateId":63,"originShotId":28,"birdIndex":0,"times":1,"score":26660,"totalScore":32160,"finalState":true,"active":false,"unvisitedChildren":0,"miniMaxValue":26660.0}
{"stateId":62,"originShotId":562,"birdIndex":0,"times":1,"score":30270,"totalScore":32040,"finalState":true,"active":false,"unvisitedChildren":0,"miniMaxValue":30270.0}
{"stateId":61,"originShotId":504,"birdIndex":0,"times":1,"score":30190,"totalScore":31960,"finalState":true,"active":false,"unvisitedChildren":0,"miniMaxValue":30190.0}
{"stateId":60,"originShotId":644,"birdIndex":0,"times":1,"score":15580,"totalScore":23820,"finalState":true,"active":false,"unvisitedChildren":0,"miniMaxValue":15580.0}
{"stateId":68,"originShotId":188,"birdIndex":0,"times":1,"score":1080,"totalScore":6850,"finalState":false,"active":false,"unvisitedChildren":26,"miniMaxValue":17810.0}
{"stateId":69,"originShotId":703,"birdIndex":0,"times":1,"score":17810,"totalScore":24660,"finalState":true,"active":false,"unvisitedChildren":0,"miniMaxValue":17810.0}
{"stateId":64,"originShotId":79,"birdIndex":0,"times":1,"score":26190,"totalScore":31850,"finalState":true,"active":false,"unvisitedChildren":0,"miniMaxValue":26190.0}
{"stateId":65,"originShotId":105,"birdIndex":0,"times":1,"score":26170,"totalScore":31950,"finalState":true,"active":false,"unvisitedChildren":0,"miniMaxValue":26170.0}
{"stateId":66,"originShotId":155,"birdIndex":0,"times":1,"score":500,"totalScore":7070,"finalState":false,"active":false,"unvisitedChildren":31,"miniMaxValue":15240.0}
{"stateId":67,"originShotId":676,"birdIndex":0,"times":1,"score":15240,"totalScore":22310,"finalState":true,"active":false,"unvisitedChildren":0,"miniMaxValue":15240.0}
{"stateId":76,"originShotId":356,"birdIndex":0,"times":1,"score":30200,"totalScore":33640,"finalState":true,"active":false,"unvisitedChildren":0,"miniMaxValue":30200.0}
{"stateId":77,"originShotId":413,"birdIndex":0,"times":1,"score":30100,"totalScore":32510,"finalState":true,"active":false,"unvisitedChildren":0,"miniMaxValue":30100.0}
{"stateId":78,"originShotId":470,"birdIndex":0,"times":1,"score":30080,"totalScore":32230,"finalState":true,"active":false,"unvisitedChildren":0,"miniMaxValue":30080.0}
{"stateId":79,"originShotId":505,"birdIndex":0,"times":1,"score":30190,"totalScore":31920,"finalState":true,"active":false,"unvisitedChildren":0,"miniMaxValue":30190.0}
{"stateId":72,"originShotId":280,"birdIndex":0,"times":1,"score":2460,"totalScore":8350,"finalState":false,"active":false,"unvisitedChildren":22,"miniMaxValue":15040.0}
{"stateId":73,"originShotId":754,"birdIndex":0,"times":1,"score":15040,"totalScore":23390,"finalState":true,"active":false,"unvisitedChildren":0,"miniMaxValue":15040.0}
{"stateId":74,"originShotId":324,"birdIndex":0,"times":1,"score":5040,"totalScore":7420,"finalState":false,"active":false,"unvisitedChildren":25,"miniMaxValue":15040.0}
{"stateId":75,"originShotId":780,"birdIndex":0,"times":1,"score":15040,"totalScore":22460,"finalState":true,"active":false,"unvisitedChildren":0,"miniMaxValue":15040.0}
{"stateId":85,"originShotId":831,"birdIndex":0,"times":1,"score":16340,"totalScore":23440,"finalState":true,"active":false,"unvisitedChildren":0,"miniMaxValue":16340.0}
{"stateId":84,"originShotId":81,"birdIndex":0,"times":1,"score":1320,"totalScore":7100,"finalState":false,"active":false,"unvisitedChildren":25,"miniMaxValue":16340.0}
{"stateId":87,"originShotId":189,"birdIndex":0,"times":1,"score":1670,"totalScore":7440,"finalState":false,"active":false,"unvisitedChildren":24,"miniMaxValue":15770.0}
{"stateId":86,"originShotId":156,"birdIndex":0,"times":1,"score":25670,"totalScore":32240,"finalState":true,"active":false,"unvisitedChildren":0,"miniMaxValue":25670.0}
{"stateId":81,"originShotId":29,"birdIndex":0,"times":1,"score":25850,"totalScore":31350,"finalState":true,"active":false,"unvisitedChildren":0,"miniMaxValue":25850.0}
{"stateId":80,"originShotId":563,"birdIndex":0,"times":1,"score":30590,"totalScore":32360,"finalState":true,"active":false,"unvisitedChildren":0,"miniMaxValue":30590.0}
{"stateId":83,"originShotId":806,"birdIndex":0,"times":1,"score":15030,"totalScore":22720,"finalState":true,"active":false,"unvisitedChildren":0,"miniMaxValue":15030.0}
{"stateId":82,"originShotId":55,"birdIndex":0,"times":1,"score":2030,"totalScore":7690,"finalState":false,"active":false,"unvisitedChildren":24,"miniMaxValue":15030.0}
{"stateId":93,"originShotId":919,"birdIndex":0,"times":1,"score":15040,"totalScore":22460,"finalState":true,"active":false,"unvisitedChildren":0,"miniMaxValue":15040.0}
{"stateId":92,"originShotId":325,"birdIndex":0,"times":1,"score":5040,"totalScore":7420,"finalState":false,"active":false,"unvisitedChildren":25,"miniMaxValue":15040.0}
{"stateId":95,"originShotId":940,"birdIndex":0,"times":1,"score":570,"totalScore":11110,"finalState":false,"active":false,"unvisitedChildren":23,"miniMaxValue":0.0}
{"stateId":94,"originShotId":358,"birdIndex":0,"times":1,"score":7100,"totalScore":10540,"finalState":false,"active":false,"unvisitedChildren":44,"miniMaxValue":0.0}
{"stateId":88,"originShotId":855,"birdIndex":0,"times":1,"score":15770,"totalScore":23210,"finalState":true,"active":false,"unvisitedChildren":0,"miniMaxValue":15770.0}
{"stateId":91,"originShotId":281,"birdIndex":0,"times":1,"score":25590,"totalScore":31480,"finalState":true,"active":false,"unvisitedChildren":0,"miniMaxValue":25590.0}
{"stateId":102,"originShotId":565,"birdIndex":0,"times":1,"score":7200,"totalScore":8970,"finalState":false,"active":false,"unvisitedChildren":66,"miniMaxValue":0.0}
{"stateId":103,"originShotId":1053,"birdIndex":0,"times":1,"score":310,"totalScore":9280,"finalState":false,"active":false,"unvisitedChildren":33,"miniMaxValue":0.0}
{"stateId":100,"originShotId":992,"birdIndex":0,"times":1,"score":860,"totalScore":10380,"finalState":false,"active":false,"unvisitedChildren":26,"miniMaxValue":0.0}
{"stateId":101,"originShotId":1019,"birdIndex":0,"times":1,"score":0,"totalScore":10380,"finalState":true,"active":false,"unvisitedChildren":0,"miniMaxValue":0.0}
{"stateId":98,"originShotId":471,"birdIndex":0,"times":1,"score":30080,"totalScore":32220,"finalState":true,"active":false,"unvisitedChildren":0,"miniMaxValue":30080.0}
{"stateId":99,"originShotId":507,"birdIndex":0,"times":1,"score":7790,"totalScore":9520,"finalState":false,"active":false,"unvisitedChildren":54,"miniMaxValue":0.0}
{"stateId":96,"originShotId":963,"birdIndex":0,"times":1,"score":0,"totalScore":11110,"finalState":true,"active":false,"unvisitedChildren":0,"miniMaxValue":0.0}
{"stateId":97,"originShotId":415,"birdIndex":0,"times":1,"score":31800,"totalScore":34230,"finalState":true,"active":false,"unvisitedChildren":0,"miniMaxValue":31800.0}
{"stateId":111,"originShotId":24,"birdIndex":1,"times":85,"score":43101,"totalScore":43101,"finalState":true,"active":false,"unvisitedChildren":0,"miniMaxValue":43101.0}
{"stateId":104,"originShotId":1087,"birdIndex":0,"times":1,"score":0,"totalScore":9280,"finalState":true,"active":false,"unvisitedChildren":0,"miniMaxValue":0.0}
{"stateId":113,"originShotId":24,"birdIndex":1,"times":15,"score":42440,"totalScore":42440,"finalState":true,"active":false,"unvisitedChildren":0,"miniMaxValue":42440.0}
{"stateId":112,"originShotId":24,"birdIndex":1,"times":3,"score":43537,"totalScore":43537,"finalState":true,"active":true,"unvisitedChildren":0,"miniMaxValue":43595.0}
