{"stateId":1,"originShotId":-1,"birdIndex":0,"times":6,"score":0,"totalScore":0,"finalState":false,"active":false,"unvisitedChildren":4468,"miniMaxValue":0.0}
{"stateId":2,"originShotId":34,"birdIndex":0,"times":4,"score":11080,"totalScore":11080,"finalState":false,"active":false,"unvisitedChildren":62,"miniMaxValue":42780.0}
{"stateId":3,"originShotId":82,"birdIndex":0,"times":1,"score":42780,"totalScore":53860,"finalState":true,"active":false,"unvisitedChildren":0,"miniMaxValue":42780.0}
{"stateId":5,"originShotId":36,"birdIndex":0,"times":5,"score":6040,"totalScore":6040,"finalState":false,"active":false,"unvisitedChildren":121,"miniMaxValue":31200.0}
{"stateId":6,"originShotId":114,"birdIndex":0,"times":1,"score":11250,"totalScore":17290,"finalState":false,"active":false,"unvisitedChildren":27,"miniMaxValue":25360.0}
{"stateId":7,"originShotId":148,"birdIndex":0,"times":1,"score":25360,"totalScore":42650,"finalState":true,"active":false,"unvisitedChildren":0,"miniMaxValue":25360.0}
{"stateId":8,"originShotId":37,"birdIndex":0,"times":6,"score":6060,"totalScore":6060,"finalState":false,"active":false,"unvisitedChildren":170,"miniMaxValue":32020.0}
{"stateId":9,"originShotId":183,"birdIndex":0,"times":1,"score":11250,"totalScore":17290,"finalState":false,"active":false,"unvisitedChildren":29,"miniMaxValue":26250.0}
{"stateId":10,"originShotId":217,"birdIndex":0,"times":1,"score":26250,"totalScore":43540,"finalState":true,"active":false,"unvisitedChildren":0,"miniMaxValue":26250.0}
{"stateId":11,"originShotId":18,"birdIndex":0,"times":5,"score":11100,"totalScore":11100,"finalState":false,"active":false,"unvisitedChildren":56,"miniMaxValue":42790.0}
{"stateId":12,"originShotId":246,"birdIndex":0,"times":1,"score":41170,"totalScore":52280,"finalState":true,"active":false,"unvisitedChildren":0,"miniMaxValue":41170.0}
{"stateId":13,"originShotId":38,"birdIndex":0,"times":6,"score":11250,"totalScore":11250,"finalState":false,"active":false,"unvisitedChildren":101,"miniMaxValue":41540.0}
{"stateId":14,"originShotId":272,"birdIndex":0,"times":1,"score":6080,"totalScore":17340,"finalState":false,"active":false,"unvisitedChildren":21,"miniMaxValue":26040.0}
{"stateId":15,"originShotId":292,"birdIndex":0,"times":1,"score":26040,"totalScore":43380,"finalState":true,"active":false,"unvisitedChildren":0,"miniMaxValue":26040.0}
{"stateId":16,"originShotId":39,"birdIndex":0,"times":6,"score":6040,"totalScore":6040,"finalState":false,"active":false,"unvisitedChildren":135,"miniMaxValue":46350.0}
{"stateId":17,"originShotId":326,"birdIndex":0,"times":1,"score":46350,"totalScore":52390,"finalState":true,"active":false,"unvisitedChildren":0,"miniMaxValue":46350.0}
{"stateId":18,"originShotId":42,"birdIndex":0,"times":5,"score":11080,"totalScore":11080,"finalState":false,"active":false,"unvisitedChildren":57,"miniMaxValue":42020.0}
{"stateId":19,"originShotId":365,"birdIndex":0,"times":1,"score":42020,"totalScore":53100,"finalState":true,"active":false,"unvisitedChildren":0,"miniMaxValue":42020.0}
{"stateId":20,"originShotId":43,"birdIndex":0,"times":4,"score":6040,"totalScore":6040,"finalState":false,"active":false,"unvisitedChildren":96,"miniMaxValue":46350.0}
{"stateId":21,"originShotId":400,"birdIndex":0,"times":1,"score":46350,"totalScore":52390,"finalState":true,"active":false,"unvisitedChildren":0,"miniMaxValue":46350.0}
{"stateId":22,"originShotId":40,"birdIndex":0,"times":4,"score":16930,"totalScore":16930,"finalState":false,"active":false,"unvisitedChildren":22,"miniMaxValue":36090.0}
{"stateId":23,"originShotId":430,"birdIndex":0,"times":1,"score":36040,"totalScore":53100,"finalState":true,"active":false,"unvisitedChildren":0,"miniMaxValue":36040.0}
{"stateId":24,"originShotId":41,"birdIndex":0,"times":4,"score":6040,"totalScore":6040,"finalState":false,"active":false,"unvisitedChildren":99,"miniMaxValue":47440.0}
{"stateId":25,"originShotId":466,"birdIndex":0,"times":1,"score":6080,"totalScore":12120,"finalState":false,"active":false,"unvisitedChildren":34,"miniMaxValue":31170.0}
{"stateId":26,"originShotId":504,"birdIndex":0,"times":1,"score":31170,"totalScore":43290,"finalState":true,"active":false,"unvisitedChildren":0,"miniMaxValue":31170.0}
{"stateId":27,"originShotId":17,"birdIndex":0,"times":4,"score":6040,"totalScore":6040,"finalState":false,"active":false,"unvisitedChildren":135,"miniMaxValue":32780.0}
{"stateId":28,"originShotId":541,"birdIndex":0,"times":1,"score":11250,"totalScore":17290,"finalState":false,"active":false,"unvisitedChildren":31,"miniMaxValue":26040.0}
{"stateId":29,"originShotId":577,"birdIndex":0,"times":1,"score":26040,"totalScore":43330,"finalState":true,"active":false,"unvisitedChildren":0,"miniMaxValue":26040.0}
{"stateId":30,"originShotId":8,"birdIndex":0,"times":4,"score":6050,"totalScore":6050,"finalState":false,"active":false,"unvisitedChildren":139,"miniMaxValue":32020.0}
{"stateId":31,"originShotId":615,"birdIndex":0,"times":1,"score":11250,"totalScore":17290,"finalState":false,"active":false,"unvisitedChildren":32,"miniMaxValue":26040.0}
{"stateId":32,"originShotId":652,"birdIndex":0,"times":1,"score":26040,"totalScore":43330,"finalState":true,"active":false,"unvisitedChildren":0,"miniMaxValue":26040.0}
{"stateId":33,"originShotId":19,"birdIndex":0,"times":3,"score":17250,"totalScore":17250,"finalState":false,"active":false,"unvisitedChildren":31,"miniMaxValue":36230.0}
{"stateId":34,"originShotId":685,"birdIndex":0,"times":1,"score":36040,"totalScore":53290,"finalState":true,"active":false,"unvisitedChildren":0,"miniMaxValue":36040.0}
{"stateId":35,"originShotId":20,"birdIndex":0,"times":4,"score":6040,"totalScore":6040,"finalState":false,"active":false,"unvisitedChildren":118,"miniMaxValue":31170.0}
{"stateId":36,"originShotId":718,"birdIndex":0,"times":1,"score":11250,"totalScore":17290,"finalState":false,"active":false,"unvisitedChildren":22,"miniMaxValue":26040.0}
{"stateId":37,"originShotId":746,"birdIndex":0,"times":1,"score":26040,"totalScore":43330,"finalState":true,"active":false,"unvisitedChildren":0,"miniMaxValue":26040.0}
{"stateId":38,"originShotId":44,"birdIndex":0,"times":4,"score":12780,"totalScore":12780,"finalState":false,"active":false,"unvisitedChildren":19,"miniMaxValue":41180.0}
{"stateId":39,"originShotId":764,"birdIndex":0,"times":1,"score":41080,"totalScore":53860,"finalState":true,"active":false,"unvisitedChildren":0,"miniMaxValue":41080.0}
{"stateId":40,"originShotId":45,"birdIndex":0,"times":4,"score":6040,"totalScore":6040,"finalState":false,"active":false,"unvisitedChildren":150,"miniMaxValue":26210.0}
{"stateId":41,"originShotId":803,"birdIndex":0,"times":1,"score":11220,"totalScore":17260,"finalState":false,"active":false,"unvisitedChildren":32,"miniMaxValue":26210.0}
{"stateId":42,"originShotId":838,"birdIndex":0,"times":1,"score":26210,"totalScore":43470,"finalState":true,"active":false,"unvisitedChildren":0,"miniMaxValue":26210.0}
{"stateId":43,"originShotId":47,"birdIndex":0,"times":4,"score":6040,"totalScore":6040,"finalState":false,"active":false,"unvisitedChildren":138,"miniMaxValue":26210.0}
{"stateId":44,"originShotId":872,"birdIndex":0,"times":1,"score":11080,"totalScore":17120,"finalState":false,"active":false,"unvisitedChildren":25,"miniMaxValue":26210.0}
{"stateId":45,"originShotId":901,"birdIndex":0,"times":1,"score":26210,"totalScore":43330,"finalState":true,"active":false,"unvisitedChildren":0,"miniMaxValue":26210.0}
{"stateId":46,"originShotId":46,"birdIndex":0,"times":3,"score":11010,"totalScore":11010,"finalState":false,"active":false,"unvisitedChildren":21,"miniMaxValue":41270.0}
{"stateId":47,"originShotId":924,"birdIndex":0,"times":1,"score":41270,"totalScore":52280,"finalState":true,"active":false,"unvisitedChildren":0,"miniMaxValue":41270.0}
{"stateId":48,"originShotId":9,"birdIndex":0,"times":2,"score":16040,"totalScore":16040,"finalState":false,"active":false,"unvisitedChildren":20,"miniMaxValue":36250.0}
{"stateId":49,"originShotId":950,"birdIndex":0,"times":1,"score":36250,"totalScore":52410,"finalState":true,"active":false,"unvisitedChildren":0,"miniMaxValue":36250.0}
{"stateId":50,"originShotId":21,"birdIndex":0,"times":3,"score":6070,"totalScore":6070,"finalState":false,"active":false,"unvisitedChildren":40,"miniMaxValue":46830.0}
{"stateId":51,"originShotId":983,"birdIndex":0,"times":1,"score":45920,"totalScore":51990,"finalState":true,"active":false,"unvisitedChildren":0,"miniMaxValue":45920.0}
{"stateId":52,"originShotId":30,"birdIndex":0,"times":3,"score":6040,"totalScore":6040,"finalState":false,"active":false,"unvisitedChildren":73,"miniMaxValue":26140.0}
{"stateId":53,"originShotId":1013,"birdIndex":0,"times":1,"score":11290,"totalScore":17330,"finalState":false,"active":false,"unvisitedChildren":17,"miniMaxValue":26140.0}
{"stateId":54,"originShotId":1036,"birdIndex":0,"times":1,"score":26140,"totalScore":43470,"finalState":true,"active":false,"unvisitedChildren":0,"miniMaxValue":26140.0}
{"stateId":55,"originShotId":31,"birdIndex":0,"times":3,"score":6450,"totalScore":6450,"finalState":false,"active":false,"unvisitedChildren":87,"miniMaxValue":26040.0}
{"stateId":56,"originShotId":1065,"birdIndex":0,"times":1,"score":11080,"totalScore":17530,"finalState":false,"active":false,"unvisitedChildren":28,"miniMaxValue":26040.0}
{"stateId":57,"originShotId":1100,"birdIndex":0,"times":1,"score":26040,"totalScore":43570,"finalState":true,"active":false,"unvisitedChildren":0,"miniMaxValue":26040.0}
{"stateId":58,"originShotId":33,"birdIndex":0,"times":4,"score":6040,"totalScore":6040,"finalState":false,"active":false,"unvisitedChildren":106,"miniMaxValue":31160.0}
{"stateId":59,"originShotId":1126,"birdIndex":0,"times":1,"score":11080,"totalScore":17120,"finalState":false,"active":false,"unvisitedChildren":22,"miniMaxValue":26040.0}
{"stateId":60,"originShotId":1156,"birdIndex":0,"times":1,"score":26040,"totalScore":43160,"finalState":true,"active":false,"unvisitedChildren":0,"miniMaxValue":26040.0}
{"stateId":61,"originShotId":10,"birdIndex":0,"times":4,"score":6040,"totalScore":6040,"finalState":false,"active":false,"unvisitedChildren":69,"miniMaxValue":46420.0}
{"stateId":62,"originShotId":1190,"birdIndex":0,"times":1,"score":46130,"totalScore":52170,"finalState":true,"active":false,"unvisitedChildren":0,"miniMaxValue":46130.0}
{"stateId":63,"originShotId":22,"birdIndex":0,"times":4,"score":11080,"totalScore":11080,"finalState":false,"active":false,"unvisitedChildren":58,"miniMaxValue":42780.0}
{"stateId":64,"originShotId":1229,"birdIndex":0,"times":1,"score":42020,"totalScore":53100,"finalState":true,"active":false,"unvisitedChildren":0,"miniMaxValue":42020.0}
{"stateId":65,"originShotId":23,"birdIndex":0,"times":4,"score":6040,"totalScore":6040,"finalState":false,"active":false,"unvisitedChildren":74,"miniMaxValue":46710.0}
{"stateId":66,"originShotId":1266,"birdIndex":0,"times":1,"score":45900,"totalScore":51940,"finalState":true,"active":false,"unvisitedChildren":0,"miniMaxValue":45900.0}
{"stateId":67,"originShotId":24,"birdIndex":0,"times":1,"score":10670,"totalScore":10670,"finalState":false,"active":false,"unvisitedChildren":27,"miniMaxValue":41880.0}
{"stateId":68,"originShotId":1300,"birdIndex":0,"times":1,"score":41880,"totalScore":52550,"finalState":true,"active":false,"unvisitedChildren":0,"miniMaxValue":41880.0}
{"stateId":69,"originShotId":25,"birdIndex":0,"times":4,"score":11250,"totalScore":11250,"finalState":false,"active":false,"unvisitedChildren":57,"miniMaxValue":41500.0}
{"stateId":70,"originShotId":1333,"birdIndex":0,"times":1,"score":40980,"totalScore":52210,"finalState":true,"active":false,"unvisitedChildren":0,"miniMaxValue":40980.0}
{"stateId":71,"originShotId":26,"birdIndex":0,"times":4,"score":6040,"totalScore":6040,"finalState":false,"active":false,"unvisitedChildren":147,"miniMaxValue":26210.0}
{"stateId":72,"originShotId":1367,"birdIndex":0,"times":1,"score":11080,"totalScore":17130,"finalState":false,"active":false,"unvisitedChildren":28,"miniMaxValue":26210.0}
{"stateId":73,"originShotId":1399,"birdIndex":0,"times":1,"score":26210,"totalScore":43340,"finalState":true,"active":false,"unvisitedChildren":0,"miniMaxValue":26210.0}
{"stateId":74,"originShotId":11,"birdIndex":0,"times":3,"score":61410,"totalScore":61410,"finalState":true,"active":false,"unvisitedChildren":0,"miniMaxValue":61410.0}
{"stateId":75,"originShotId":27,"birdIndex":0,"times":4,"score":16930,"totalScore":16930,"finalState":false,"active":false,"unvisitedChildren":18,"miniMaxValue":36210.0}
{"stateId":76,"originShotId":1423,"birdIndex":0,"times":1,"score":36210,"totalScore":53270,"finalState":true,"active":false,"unvisitedChildren":0,"miniMaxValue":36210.0}
{"stateId":77,"originShotId":28,"birdIndex":0,"times":4,"score":6040,"totalScore":6040,"finalState":false,"active":false,"unvisitedChildren":142,"miniMaxValue":25040.0}
{"stateId":78,"originShotId":1453,"birdIndex":0,"times":1,"score":11080,"totalScore":17120,"finalState":false,"active":false,"unvisitedChildren":26,"miniMaxValue":25040.0}
{"stateId":79,"originShotId":1485,"birdIndex":0,"times":1,"score":25040,"totalScore":42160,"finalState":true,"active":false,"unvisitedChildren":0,"miniMaxValue":25040.0}
{"stateId":80,"originShotId":13,"birdIndex":0,"times":4,"score":6040,"totalScore":6040,"finalState":false,"active":false,"unvisitedChildren":145,"miniMaxValue":26310.0}
{"stateId":81,"originShotId":1517,"birdIndex":0,"times":1,"score":11080,"totalScore":17120,"finalState":false,"active":false,"unvisitedChildren":27,"miniMaxValue":26310.0}
{"stateId":82,"originShotId":1548,"birdIndex":0,"times":1,"score":26310,"totalScore":43430,"finalState":true,"active":false,"unvisitedChildren":0,"miniMaxValue":26310.0}
{"stateId":83,"originShotId":29,"birdIndex":0,"times":3,"score":16380,"totalScore":16380,"finalState":false,"active":false,"unvisitedChildren":18,"miniMaxValue":36240.0}
{"stateId":84,"originShotId":1571,"birdIndex":0,"times":1,"score":36240,"totalScore":52620,"finalState":true,"active":false,"unvisitedChildren":0,"miniMaxValue":36240.0}
{"stateId":85,"originShotId":14,"birdIndex":0,"times":2,"score":6210,"totalScore":6210,"finalState":false,"active":false,"unvisitedChildren":42,"miniMaxValue":46290.0}
{"stateId":86,"originShotId":1591,"birdIndex":0,"times":1,"score":46290,"totalScore":52600,"finalState":true,"active":false,"unvisitedChildren":0,"miniMaxValue":46290.0}
{"stateId":87,"originShotId":15,"birdIndex":0,"times":3,"score":6550,"totalScore":6550,"finalState":false,"active":false,"unvisitedChildren":75,"miniMaxValue":26040.0}
{"stateId":88,"originShotId":1618,"birdIndex":0,"times":1,"score":11080,"totalScore":17630,"finalState":false,"active":false,"unvisitedChildren":22,"miniMaxValue":26040.0}
{"stateId":89,"originShotId":1648,"birdIndex":0,"times":1,"score":26040,"totalScore":43670,"finalState":true,"active":false,"unvisitedChildren":0,"miniMaxValue":26040.0}
{"stateId":90,"originShotId":1,"birdIndex":0,"times":4,"score":6130,"totalScore":6130,"finalState":false,"active":false,"unvisitedChildren":108,"miniMaxValue":46180.0}
{"stateId":91,"originShotId":1683,"birdIndex":0,"times":1,"score":11080,"totalScore":17340,"finalState":false,"active":false,"unvisitedChildren":34,"miniMaxValue":25580.0}
{"stateId":92,"originShotId":1726,"birdIndex":0,"times":1,"score":25580,"totalScore":42920,"finalState":true,"active":false,"unvisitedChildren":0,"miniMaxValue":25580.0}
{"stateId":93,"originShotId":2,"birdIndex":0,"times":3,"score":6550,"totalScore":6550,"finalState":false,"active":false,"unvisitedChildren":55,"miniMaxValue":26040.0}
{"stateId":94,"originShotId":1754,"birdIndex":0,"times":1,"score":25800,"totalScore":43430,"finalState":true,"active":false,"unvisitedChildren":0,"miniMaxValue":25800.0}
{"stateId":150,"originShotId":4,"birdIndex":0,"times":4,"score":6150,"totalScore":6150,"finalState":false,"active":false,"unvisitedChildren":108,"miniMaxValue":31240.0}
{"stateId":151,"originShotId":5800,"birdIndex":0,"times":1,"score":11080,"totalScore":17160,"finalState":false,"active":false,"unvisitedChildren":23,"miniMaxValue":26180.0}
{"stateId":152,"originShotId":5832,"birdIndex":0,"times":1,"score":26180,"totalScore":43340,"finalState":true,"active":false,"unvisitedChildren":0,"miniMaxValue":26180.0}
{"stateId":153,"originShotId":5,"birdIndex":0,"times":3,"score":12260,"totalScore":12260,"finalState":false,"active":false,"unvisitedChildren":22,"miniMaxValue":41080.0}
{"stateId":154,"originShotId":5853,"birdIndex":0,"times":1,"score":41080,"totalScore":53340,"finalState":true,"active":false,"unvisitedChildren":0,"miniMaxValue":41080.0}
{"stateId":155,"originShotId":6,"birdIndex":0,"times":4,"score":6110,"totalScore":6110,"finalState":false,"active":false,"unvisitedChildren":118,"miniMaxValue":31240.0}
{"stateId":156,"originShotId":5885,"birdIndex":0,"times":1,"score":11080,"totalScore":17190,"finalState":false,"active":false,"unvisitedChildren":27,"miniMaxValue":26160.0}
{"stateId":157,"originShotId":5921,"birdIndex":0,"times":1,"score":26160,"totalScore":43350,"finalState":true,"active":false,"unvisitedChildren":0,"miniMaxValue":26160.0}
{"stateId":158,"originShotId":7,"birdIndex":0,"times":1,"score":45070,"totalScore":61020,"finalState":true,"active":false,"unvisitedChildren":0,"miniMaxValue":45070.0}
{"stateId":159,"originShotId":16,"birdIndex":0,"times":4,"score":6040,"totalScore":6040,"finalState":false,"active":false,"unvisitedChildren":99,"miniMaxValue":47170.0}
{"stateId":160,"originShotId":5952,"birdIndex":0,"times":1,"score":11080,"totalScore":17120,"finalState":false,"active":false,"unvisitedChildren":29,"miniMaxValue":25990.0}
{"stateId":161,"originShotId":5992,"birdIndex":0,"times":1,"score":25990,"totalScore":43110,"finalState":true,"active":false,"unvisitedChildren":0,"miniMaxValue":25990.0}
{"stateId":162,"originShotId":83,"birdIndex":0,"times":1,"score":6040,"totalScore":17120,"finalState":false,"active":false,"unvisitedChildren":26,"miniMaxValue":26210.0}
{"stateId":163,"originShotId":6020,"birdIndex":0,"times":1,"score":26210,"totalScore":43330,"finalState":true,"active":false,"unvisitedChildren":0,"miniMaxValue":26210.0}
{"stateId":164,"originShotId":115,"birdIndex":0,"times":1,"score":6040,"totalScore":12080,"finalState":false,"active":false,"unvisitedChildren":36,"miniMaxValue":31200.0}
{"stateId":165,"originShotId":6056,"birdIndex":0,"times":1,"score":31200,"totalScore":43280,"finalState":true,"active":false,"unvisitedChildren":0,"miniMaxValue":31200.0}
{"stateId":166,"originShotId":184,"birdIndex":0,"times":1,"score":6040,"totalScore":12080,"finalState":false,"active":false,"unvisitedChildren":40,"miniMaxValue":32020.0}
{"stateId":167,"originShotId":6098,"birdIndex":0,"times":1,"score":32020,"totalScore":44100,"finalState":true,"active":false,"unvisitedChildren":0,"miniMaxValue":32020.0}
{"stateId":168,"originShotId":247,"birdIndex":0,"times":1,"score":42790,"totalScore":53890,"finalState":true,"active":false,"unvisitedChildren":0,"miniMaxValue":42790.0}
{"stateId":169,"originShotId":273,"birdIndex":0,"times":1,"score":41540,"totalScore":52800,"finalState":true,"active":false,"unvisitedChildren":0,"miniMaxValue":41540.0}
{"stateId":170,"originShotId":327,"birdIndex":0,"times":1,"score":11570,"totalScore":17610,"finalState":false,"active":false,"unvisitedChildren":28,"miniMaxValue":25220.0}
{"stateId":171,"originShotId":6129,"birdIndex":0,"times":1,"score":25220,"totalScore":42830,"finalState":true,"active":false,"unvisitedChildren":0,"miniMaxValue":25220.0}
{"stateId":172,"originShotId":366,"birdIndex":0,"times":1,"score":6040,"totalScore":17120,"finalState":false,"active":false,"unvisitedChildren":25,"miniMaxValue":25220.0}
{"stateId":173,"originShotId":6155,"birdIndex":0,"times":1,"score":25220,"totalScore":42340,"finalState":true,"active":false,"unvisitedChildren":0,"miniMaxValue":25220.0}
{"stateId":174,"originShotId":401,"birdIndex":0,"times":1,"score":11570,"totalScore":17610,"finalState":false,"active":false,"unvisitedChildren":28,"miniMaxValue":25220.0}
{"stateId":175,"originShotId":6184,"birdIndex":0,"times":1,"score":25220,"totalScore":42830,"finalState":true,"active":false,"unvisitedChildren":0,"miniMaxValue":25220.0}
{"stateId":176,"originShotId":431,"birdIndex":0,"times":1,"score":36090,"totalScore":53150,"finalState":true,"active":false,"unvisitedChildren":0,"miniMaxValue":36090.0}
{"stateId":177,"originShotId":467,"birdIndex":0,"times":1,"score":47440,"totalScore":53480,"finalState":true,"active":false,"unvisitedChildren":0,"miniMaxValue":47440.0}
{"stateId":178,"originShotId":542,"birdIndex":0,"times":1,"score":6040,"totalScore":12080,"finalState":false,"active":false,"unvisitedChildren":37,"miniMaxValue":32780.0}
{"stateId":179,"originShotId":6223,"birdIndex":0,"times":1,"score":32780,"totalScore":44860,"finalState":true,"active":false,"unvisitedChildren":0,"miniMaxValue":32780.0}
{"stateId":180,"originShotId":616,"birdIndex":0,"times":1,"score":6040,"totalScore":12080,"finalState":false,"active":false,"unvisitedChildren":39,"miniMaxValue":32020.0}
{"stateId":181,"originShotId":6260,"birdIndex":0,"times":1,"score":32020,"totalScore":44100,"finalState":true,"active":false,"unvisitedChildren":0,"miniMaxValue":32020.0}
{"stateId":182,"originShotId":686,"birdIndex":0,"times":1,"score":36230,"totalScore":53480,"finalState":true,"active":false,"unvisitedChildren":0,"miniMaxValue":36230.0}
{"stateId":183,"originShotId":719,"birdIndex":0,"times":1,"score":6040,"totalScore":12080,"finalState":false,"active":false,"unvisitedChildren":37,"miniMaxValue":31170.0}
{"stateId":184,"originShotId":6297,"birdIndex":0,"times":1,"score":31170,"totalScore":43250,"finalState":true,"active":false,"unvisitedChildren":0,"miniMaxValue":31170.0}
{"stateId":185,"originShotId":765,"birdIndex":0,"times":1,"score":41180,"totalScore":53960,"finalState":true,"active":false,"unvisitedChildren":0,"miniMaxValue":41180.0}
{"stateId":186,"originShotId":804,"birdIndex":0,"times":1,"score":11080,"totalScore":17120,"finalState":false,"active":false,"unvisitedChildren":26,"miniMaxValue":25040.0}
{"stateId":187,"originShotId":6327,"birdIndex":0,"times":1,"score":25040,"totalScore":42160,"finalState":true,"active":false,"unvisitedChildren":0,"miniMaxValue":25040.0}
{"stateId":188,"originShotId":873,"birdIndex":0,"times":1,"score":11080,"totalScore":17120,"finalState":false,"active":false,"unvisitedChildren":25,"miniMaxValue":25220.0}
{"stateId":189,"originShotId":6353,"birdIndex":0,"times":1,"score":25220,"totalScore":42340,"finalState":true,"active":false,"unvisitedChildren":0,"miniMaxValue":25220.0}
{"stateId":190,"originShotId":925,"birdIndex":0,"times":1,"score":41080,"totalScore":52090,"finalState":true,"active":false,"unvisitedChildren":0,"miniMaxValue":41080.0}
{"stateId":191,"originShotId":984,"birdIndex":0,"times":1,"score":46830,"totalScore":52900,"finalState":true,"active":false,"unvisitedChildren":0,"miniMaxValue":46830.0}
{"stateId":192,"originShotId":1014,"birdIndex":0,"times":1,"score":11080,"totalScore":17120,"finalState":false,"active":false,"unvisitedChildren":31,"miniMaxValue":26050.0}
{"stateId":193,"originShotId":6383,"birdIndex":0,"times":1,"score":26050,"totalScore":43170,"finalState":true,"active":false,"unvisitedChildren":0,"miniMaxValue":26050.0}
{"stateId":194,"originShotId":1066,"birdIndex":0,"times":1,"score":11080,"totalScore":17530,"finalState":false,"active":false,"unvisitedChildren":23,"miniMaxValue":26040.0}
{"stateId":195,"originShotId":6407,"birdIndex":0,"times":1,"score":26040,"totalScore":43570,"finalState":true,"active":false,"unvisitedChildren":0,"miniMaxValue":26040.0}
{"stateId":196,"originShotId":32,"birdIndex":0,"times":1,"score":60410,"totalScore":60410,"finalState":true,"active":false,"unvisitedChildren":0,"miniMaxValue":60410.0}
{"stateId":197,"originShotId":1127,"birdIndex":0,"times":1,"score":11080,"totalScore":17120,"finalState":false,"active":false,"unvisitedChildren":23,"miniMaxValue":26040.0}
{"stateId":198,"originShotId":6432,"birdIndex":0,"times":1,"score":26040,"totalScore":43160,"finalState":true,"active":false,"unvisitedChildren":0,"miniMaxValue":26040.0}
{"stateId":199,"originShotId":1191,"birdIndex":0,"times":1,"score":46420,"totalScore":52460,"finalState":true,"active":false,"unvisitedChildren":0,"miniMaxValue":46420.0}
{"stateId":200,"originShotId":1230,"birdIndex":0,"times":1,"score":6040,"totalScore":17120,"finalState":false,"active":false,"unvisitedChildren":26,"miniMaxValue":25220.0}
{"stateId":201,"originShotId":6460,"birdIndex":0,"times":1,"score":25220,"totalScore":42340,"finalState":true,"active":false,"unvisitedChildren":0,"miniMaxValue":25220.0}
{"stateId":202,"originShotId":1267,"birdIndex":0,"times":1,"score":46710,"totalScore":52750,"finalState":true,"active":false,"unvisitedChildren":0,"miniMaxValue":46710.0}
{"stateId":203,"originShotId":1334,"birdIndex":0,"times":1,"score":41500,"totalScore":52730,"finalState":true,"active":false,"unvisitedChildren":0,"miniMaxValue":41500.0}
{"stateId":204,"originShotId":1368,"birdIndex":0,"times":1,"score":11080,"totalScore":17130,"finalState":false,"active":false,"unvisitedChildren":27,"miniMaxValue":25220.0}
{"stateId":205,"originShotId":6488,"birdIndex":0,"times":1,"score":25220,"totalScore":42350,"finalState":true,"active":false,"unvisitedChildren":0,"miniMaxValue":25220.0}
{"stateId":206,"originShotId":12,"birdIndex":0,"times":2,"score":6040,"totalScore":6040,"finalState":false,"active":false,"unvisitedChildren":91,"miniMaxValue":25040.0}
{"stateId":207,"originShotId":6523,"birdIndex":0,"times":1,"score":11080,"totalScore":17120,"finalState":false,"active":false,"unvisitedChildren":27,"miniMaxValue":25040.0}
{"stateId":208,"originShotId":6556,"birdIndex":0,"times":1,"score":25040,"totalScore":42160,"finalState":true,"active":false,"unvisitedChildren":0,"miniMaxValue":25040.0}
{"stateId":209,"originShotId":1424,"birdIndex":0,"times":1,"score":36050,"totalScore":53110,"finalState":true,"active":false,"unvisitedChildren":0,"miniMaxValue":36050.0}
{"stateId":210,"originShotId":1454,"birdIndex":0,"times":1,"score":11080,"totalScore":17120,"finalState":false,"active":false,"unvisitedChildren":26,"miniMaxValue":25040.0}
{"stateId":211,"originShotId":6583,"birdIndex":0,"times":1,"score":25040,"totalScore":42160,"finalState":true,"active":false,"unvisitedChildren":0,"miniMaxValue":25040.0}
{"stateId":212,"originShotId":1518,"birdIndex":0,"times":1,"score":11080,"totalScore":17120,"finalState":false,"active":false,"unvisitedChildren":26,"miniMaxValue":25220.0}
{"stateId":213,"originShotId":6610,"birdIndex":0,"times":1,"score":25220,"totalScore":42340,"finalState":true,"active":false,"unvisitedChildren":0,"miniMaxValue":25220.0}
{"stateId":214,"originShotId":1572,"birdIndex":0,"times":1,"score":36050,"totalScore":52430,"finalState":true,"active":false,"unvisitedChildren":0,"miniMaxValue":36050.0}
{"stateId":215,"originShotId":1619,"birdIndex":0,"times":1,"score":11080,"totalScore":17630,"finalState":false,"active":false,"unvisitedChildren":22,"miniMaxValue":26040.0}
{"stateId":216,"originShotId":6631,"birdIndex":0,"times":1,"score":26040,"totalScore":43670,"finalState":true,"active":false,"unvisitedChildren":0,"miniMaxValue":26040.0}
{"stateId":217,"originShotId":1684,"birdIndex":0,"times":1,"score":46180,"totalScore":52440,"finalState":true,"active":false,"unvisitedChildren":0,"miniMaxValue":46180.0}
{"stateId":218,"originShotId":1755,"birdIndex":0,"times":1,"score":11080,"totalScore":17630,"finalState":false,"active":false,"unvisitedChildren":22,"miniMaxValue":26040.0}
{"stateId":219,"originShotId":6654,"birdIndex":0,"times":1,"score":26040,"totalScore":43670,"finalState":true,"active":false,"unvisitedChildren":0,"miniMaxValue":26040.0}
{"stateId":220,"originShotId":5801,"birdIndex":0,"times":1,"score":11080,"totalScore":17160,"finalState":false,"active":false,"unvisitedChildren":23,"miniMaxValue":26130.0}
{"stateId":221,"originShotId":6678,"birdIndex":0,"times":1,"score":26130,"totalScore":43290,"finalState":true,"active":false,"unvisitedChildren":0,"miniMaxValue":26130.0}
{"stateId":222,"originShotId":5854,"birdIndex":0,"times":1,"score":41080,"totalScore":53340,"finalState":true,"active":false,"unvisitedChildren":0,"miniMaxValue":41080.0}
{"stateId":223,"originShotId":5886,"birdIndex":0,"times":1,"score":11080,"totalScore":17190,"finalState":false,"active":false,"unvisitedChildren":24,"miniMaxValue":25980.0}
{"stateId":224,"originShotId":6703,"birdIndex":0,"times":1,"score":25980,"totalScore":43170,"finalState":true,"active":false,"unvisitedChildren":0,"miniMaxValue":25980.0}
{"stateId":225,"originShotId":7,"birdIndex":0,"times":1,"score":15980,"totalScore":15980,"finalState":false,"active":false,"unvisitedChildren":25,"miniMaxValue":36150.0}
{"stateId":226,"originShotId":6731,"birdIndex":0,"times":1,"score":36150,"totalScore":52130,"finalState":true,"active":false,"unvisitedChildren":0,"miniMaxValue":36150.0}
{"stateId":227,"originShotId":5953,"birdIndex":0,"times":1,"score":47170,"totalScore":53210,"finalState":true,"active":false,"unvisitedChildren":0,"miniMaxValue":47170.0}
{"stateId":228,"originShotId":116,"birdIndex":0,"times":1,"score":11080,"totalScore":17120,"finalState":false,"active":false,"unvisitedChildren":25,"miniMaxValue":25220.0}
{"stateId":229,"originShotId":6757,"birdIndex":0,"times":1,"score":25220,"totalScore":42340,"finalState":true,"active":false,"unvisitedChildren":0,"miniMaxValue":25220.0}
{"stateId":230,"originShotId":185,"birdIndex":0,"times":1,"score":11080,"totalScore":17120,"finalState":false,"active":false,"unvisitedChildren":35,"miniMaxValue":25980.0}
{"stateId":231,"originShotId":6792,"birdIndex":0,"times":1,"score":25980,"totalScore":43100,"finalState":true,"active":false,"unvisitedChildren":0,"miniMaxValue":25980.0}
{"stateId":232,"originShotId":241,"birdIndex":0,"times":1,"score":6050,"totalScore":17150,"finalState":false,"active":false,"unvisitedChildren":33,"miniMaxValue":25620.0}
{"stateId":233,"originShotId":6826,"birdIndex":0,"times":1,"score":25620,"totalScore":42770,"finalState":true,"active":false,"unvisitedChildren":0,"miniMaxValue":25620.0}
{"stateId":234,"originShotId":265,"birdIndex":0,"times":1,"score":6040,"totalScore":17300,"finalState":false,"active":false,"unvisitedChildren":31,"miniMaxValue":25350.0}
{"stateId":235,"originShotId":6859,"birdIndex":0,"times":1,"score":25350,"totalScore":42650,"finalState":true,"active":false,"unvisitedChildren":0,"miniMaxValue":25350.0}
{"stateId":236,"originShotId":328,"birdIndex":0,"times":1,"score":6040,"totalScore":12080,"finalState":false,"active":false,"unvisitedChildren":35,"miniMaxValue":32020.0}
{"stateId":237,"originShotId":6893,"birdIndex":0,"times":1,"score":32020,"totalScore":44100,"finalState":true,"active":false,"unvisitedChildren":0,"miniMaxValue":32020.0}
{"stateId":238,"originShotId":367,"birdIndex":0,"times":1,"score":41120,"totalScore":52200,"finalState":true,"active":false,"unvisitedChildren":0,"miniMaxValue":41120.0}
{"stateId":239,"originShotId":402,"birdIndex":0,"times":1,"score":6040,"totalScore":12080,"finalState":false,"active":false,"unvisitedChildren":32,"miniMaxValue":31170.0}
{"stateId":240,"originShotId":6926,"birdIndex":0,"times":1,"score":31170,"totalScore":43250,"finalState":true,"active":false,"unvisitedChildren":0,"miniMaxValue":31170.0}
{"stateId":241,"originShotId":432,"birdIndex":0,"times":1,"score":36040,"totalScore":52970,"finalState":true,"active":false,"unvisitedChildren":0,"miniMaxValue":36040.0}
{"stateId":242,"originShotId":468,"birdIndex":0,"times":1,"score":11100,"totalScore":17140,"finalState":false,"active":false,"unvisitedChildren":28,"miniMaxValue":25390.0}
{"stateId":243,"originShotId":6957,"birdIndex":0,"times":1,"score":25390,"totalScore":42530,"finalState":true,"active":false,"unvisitedChildren":0,"miniMaxValue":25390.0}
{"stateId":244,"originShotId":543,"birdIndex":0,"times":1,"score":11080,"totalScore":17120,"finalState":false,"active":false,"unvisitedChildren":29,"miniMaxValue":25880.0}
{"stateId":245,"originShotId":6987,"birdIndex":0,"times":1,"score":25880,"totalScore":43000,"finalState":true,"active":false,"unvisitedChildren":0,"miniMaxValue":25880.0}
{"stateId":246,"originShotId":617,"birdIndex":0,"times":1,"score":11080,"totalScore":17130,"finalState":false,"active":false,"unvisitedChildren":29,"miniMaxValue":25220.0}
{"stateId":247,"originShotId":7017,"birdIndex":0,"times":1,"score":25220,"totalScore":42350,"finalState":true,"active":false,"unvisitedChildren":0,"miniMaxValue":25220.0}
{"stateId":248,"originShotId":19,"birdIndex":0,"times":1,"score":12260,"totalScore":12260,"finalState":false,"active":false,"unvisitedChildren":38,"miniMaxValue":42780.0}
{"stateId":249,"originShotId":7053,"birdIndex":0,"times":1,"score":42780,"totalScore":55040,"finalState":true,"active":false,"unvisitedChildren":0,"miniMaxValue":42780.0}
{"stateId":250,"originShotId":720,"birdIndex":0,"times":1,"score":11080,"totalScore":17120,"finalState":false,"active":false,"unvisitedChildren":25,"miniMaxValue":25220.0}
{"stateId":251,"originShotId":7082,"birdIndex":0,"times":1,"score":25220,"totalScore":42340,"finalState":true,"active":false,"unvisitedChildren":0,"miniMaxValue":25220.0}
{"stateId":252,"originShotId":766,"birdIndex":0,"times":1,"score":35060,"totalScore":53880,"finalState":true,"active":false,"unvisitedChildren":0,"miniMaxValue":35060.0}
{"stateId":253,"originShotId":805,"birdIndex":0,"times":1,"score":6040,"totalScore":12080,"finalState":false,"active":false,"unvisitedChildren":57,"miniMaxValue":15220.0}
{"stateId":254,"originShotId":7113,"birdIndex":0,"times":1,"score":6100,"totalScore":18180,"finalState":false,"active":false,"unvisitedChildren":26,"miniMaxValue":15220.0}
{"stateId":255,"originShotId":7141,"birdIndex":0,"times":1,"score":15220,"totalScore":33400,"finalState":true,"active":false,"unvisitedChildren":0,"miniMaxValue":15220.0}
{"stateId":256,"originShotId":874,"birdIndex":0,"times":1,"score":6040,"totalScore":12080,"finalState":false,"active":false,"unvisitedChildren":54,"miniMaxValue":15220.0}
{"stateId":257,"originShotId":7171,"birdIndex":0,"times":1,"score":6120,"totalScore":18200,"finalState":false,"active":false,"unvisitedChildren":24,"miniMaxValue":15220.0}
{"stateId":258,"originShotId":7197,"birdIndex":0,"times":1,"score":15220,"totalScore":33420,"finalState":true,"active":false,"unvisitedChildren":0,"miniMaxValue":15220.0}
{"stateId":259,"originShotId":46,"birdIndex":0,"times":1,"score":11300,"totalScore":11300,"finalState":false,"active":false,"unvisitedChildren":24,"miniMaxValue":41080.0}
{"stateId":260,"originShotId":7217,"birdIndex":0,"times":1,"score":41080,"totalScore":52380,"finalState":true,"active":false,"unvisitedChildren":0,"miniMaxValue":41080.0}
{"stateId":261,"originShotId":948,"birdIndex":0,"times":1,"score":36040,"totalScore":52080,"finalState":true,"active":false,"unvisitedChildren":0,"miniMaxValue":36040.0}
{"stateId":262,"originShotId":21,"birdIndex":0,"times":1,"score":11290,"totalScore":11290,"finalState":false,"active":false,"unvisitedChildren":56,"miniMaxValue":26080.0}
{"stateId":263,"originShotId":7253,"birdIndex":0,"times":1,"score":5660,"totalScore":16950,"finalState":false,"active":false,"unvisitedChildren":28,"miniMaxValue":26080.0}
{"stateId":264,"originShotId":7280,"birdIndex":0,"times":1,"score":26080,"totalScore":43030,"finalState":true,"active":false,"unvisitedChildren":0,"miniMaxValue":26080.0}
{"stateId":265,"originShotId":30,"birdIndex":0,"times":1,"score":6350,"totalScore":6350,"finalState":false,"active":false,"unvisitedChildren":47,"miniMaxValue":26150.0}
{"stateId":266,"originShotId":7305,"birdIndex":0,"times":1,"score":11290,"totalScore":17640,"finalState":false,"active":false,"unvisitedChildren":17,"miniMaxValue":26150.0}
{"stateId":267,"originShotId":7329,"birdIndex":0,"times":1,"score":26150,"totalScore":43790,"finalState":true,"active":false,"unvisitedChildren":0,"miniMaxValue":26150.0}
{"stateId":268,"originShotId":31,"birdIndex":0,"times":1,"score":6040,"totalScore":6040,"finalState":false,"active":false,"unvisitedChildren":53,"miniMaxValue":26140.0}
{"stateId":269,"originShotId":7354,"birdIndex":0,"times":1,"score":11290,"totalScore":17330,"finalState":false,"active":false,"unvisitedChildren":20,"miniMaxValue":26140.0}
{"stateId":270,"originShotId":7385,"birdIndex":0,"times":1,"score":26140,"totalScore":43470,"finalState":true,"active":false,"unvisitedChildren":0,"miniMaxValue":26140.0}
{"stateId":271,"originShotId":32,"birdIndex":0,"times":1,"score":6460,"totalScore":6460,"finalState":false,"active":false,"unvisitedChildren":36,"miniMaxValue":26120.0}
{"stateId":272,"originShotId":7402,"birdIndex":0,"times":1,"score":11280,"totalScore":17740,"finalState":false,"active":false,"unvisitedChildren":11,"miniMaxValue":26120.0}
{"stateId":273,"originShotId":7423,"birdIndex":0,"times":1,"score":26120,"totalScore":43860,"finalState":true,"active":false,"unvisitedChildren":0,"miniMaxValue":26120.0}
{"stateId":274,"originShotId":1128,"birdIndex":0,"times":1,"score":6040,"totalScore":12080,"finalState":false,"active":false,"unvisitedChildren":31,"miniMaxValue":31160.0}
{"stateId":275,"originShotId":7448,"birdIndex":0,"times":1,"score":31160,"totalScore":43240,"finalState":true,"active":false,"unvisitedChildren":0,"miniMaxValue":31160.0}
{"stateId":276,"originShotId":1192,"birdIndex":0,"times":1,"score":6040,"totalScore":12080,"finalState":false,"active":false,"unvisitedChildren":34,"miniMaxValue":31200.0}
{"stateId":277,"originShotId":7487,"birdIndex":0,"times":1,"score":31200,"totalScore":43280,"finalState":true,"active":false,"unvisitedChildren":0,"miniMaxValue":31200.0}
{"stateId":278,"originShotId":1231,"birdIndex":0,"times":1,"score":42780,"totalScore":53860,"finalState":true,"active":false,"unvisitedChildren":0,"miniMaxValue":42780.0}
{"stateId":279,"originShotId":1268,"birdIndex":0,"times":1,"score":6040,"totalScore":12080,"finalState":false,"active":false,"unvisitedChildren":35,"miniMaxValue":31170.0}
{"stateId":280,"originShotId":7522,"birdIndex":0,"times":1,"score":31170,"totalScore":43250,"finalState":true,"active":false,"unvisitedChildren":0,"miniMaxValue":31170.0}
{"stateId":281,"originShotId":24,"birdIndex":0,"times":1,"score":6040,"totalScore":6040,"finalState":false,"active":false,"unvisitedChildren":64,"miniMaxValue":25370.0}
{"stateId":282,"originShotId":7557,"birdIndex":0,"times":1,"score":11160,"totalScore":17200,"finalState":false,"active":false,"unvisitedChildren":27,"miniMaxValue":25370.0}
{"stateId":283,"originShotId":7591,"birdIndex":0,"times":1,"score":25370,"totalScore":42570,"finalState":true,"active":false,"unvisitedChildren":0,"miniMaxValue":25370.0}
{"stateId":284,"originShotId":1335,"birdIndex":0,"times":1,"score":6040,"totalScore":17290,"finalState":false,"active":false,"unvisitedChildren":27,"miniMaxValue":25870.0}
{"stateId":285,"originShotId":7619,"birdIndex":0,"times":1,"score":25870,"totalScore":43160,"finalState":true,"active":false,"unvisitedChildren":0,"miniMaxValue":25870.0}
{"stateId":286,"originShotId":1369,"birdIndex":0,"times":1,"score":6040,"totalScore":12080,"finalState":false,"active":false,"unvisitedChildren":57,"miniMaxValue":15050.0}
{"stateId":287,"originShotId":7650,"birdIndex":0,"times":1,"score":6040,"totalScore":18120,"finalState":false,"active":false,"unvisitedChildren":26,"miniMaxValue":15050.0}
{"stateId":288,"originShotId":7678,"birdIndex":0,"times":1,"score":15050,"totalScore":33170,"finalState":true,"active":false,"unvisitedChildren":0,"miniMaxValue":15050.0}
{"stateId":289,"originShotId":11,"birdIndex":0,"times":1,"score":16230,"totalScore":16230,"finalState":false,"active":false,"unvisitedChildren":24,"miniMaxValue":35340.0}
{"stateId":290,"originShotId":7703,"birdIndex":0,"times":1,"score":35340,"totalScore":51570,"finalState":true,"active":false,"unvisitedChildren":0,"miniMaxValue":35340.0}
{"stateId":291,"originShotId":6524,"birdIndex":0,"times":1,"score":11080,"totalScore":17120,"finalState":false,"active":false,"unvisitedChildren":26,"miniMaxValue":25040.0}
{"stateId":292,"originShotId":7730,"birdIndex":0,"times":1,"score":25040,"totalScore":42160,"finalState":true,"active":false,"unvisitedChildren":0,"miniMaxValue":25040.0}
{"stateId":293,"originShotId":1418,"birdIndex":0,"times":1,"score":36040,"totalScore":52970,"finalState":true,"active":false,"unvisitedChildren":0,"miniMaxValue":36040.0}
{"stateId":294,"originShotId":1455,"birdIndex":0,"times":1,"score":6040,"totalScore":12080,"finalState":false,"active":false,"unvisitedChildren":57,"miniMaxValue":15220.0}
{"stateId":295,"originShotId":7761,"birdIndex":0,"times":1,"score":6100,"totalScore":18180,"finalState":false,"active":false,"unvisitedChildren":26,"miniMaxValue":15220.0}
{"stateId":296,"originShotId":7789,"birdIndex":0,"times":1,"score":15220,"totalScore":33400,"finalState":true,"active":false,"unvisitedChildren":0,"miniMaxValue":15220.0}
{"stateId":297,"originShotId":1519,"birdIndex":0,"times":1,"score":6040,"totalScore":12080,"finalState":false,"active":false,"unvisitedChildren":58,"miniMaxValue":15220.0}
{"stateId":298,"originShotId":7820,"birdIndex":0,"times":1,"score":6070,"totalScore":18150,"finalState":false,"active":false,"unvisitedChildren":27,"miniMaxValue":15220.0}
{"stateId":299,"originShotId":7849,"birdIndex":0,"times":1,"score":15220,"totalScore":33370,"finalState":true,"active":false,"unvisitedChildren":0,"miniMaxValue":15220.0}
{"stateId":300,"originShotId":29,"birdIndex":0,"times":1,"score":11080,"totalScore":11080,"finalState":false,"active":false,"unvisitedChildren":59,"miniMaxValue":26040.0}
{"stateId":301,"originShotId":7880,"birdIndex":0,"times":1,"score":6040,"totalScore":17120,"finalState":false,"active":false,"unvisitedChildren":28,"miniMaxValue":26040.0}
{"stateId":302,"originShotId":7909,"birdIndex":0,"times":1,"score":26040,"totalScore":43160,"finalState":true,"active":false,"unvisitedChildren":0,"miniMaxValue":26040.0}
{"stateId":303,"originShotId":1592,"birdIndex":0,"times":1,"score":11080,"totalScore":17290,"finalState":false,"active":false,"unvisitedChildren":20,"miniMaxValue":25580.0}
{"stateId":304,"originShotId":7932,"birdIndex":0,"times":1,"score":25580,"totalScore":42870,"finalState":true,"active":false,"unvisitedChildren":0,"miniMaxValue":25580.0}
{"stateId":305,"originShotId":15,"birdIndex":0,"times":1,"score":6170,"totalScore":6170,"finalState":false,"active":false,"unvisitedChildren":57,"miniMaxValue":26140.0}
{"stateId":306,"originShotId":7958,"birdIndex":0,"times":1,"score":11290,"totalScore":17460,"finalState":false,"active":false,"unvisitedChildren":21,"miniMaxValue":26140.0}
{"stateId":307,"originShotId":7991,"birdIndex":0,"times":1,"score":26140,"totalScore":43600,"finalState":true,"active":false,"unvisitedChildren":0,"miniMaxValue":26140.0}
{"stateId":308,"originShotId":1685,"birdIndex":0,"times":1,"score":6040,"totalScore":12170,"finalState":false,"active":false,"unvisitedChildren":33,"miniMaxValue":31170.0}
{"stateId":309,"originShotId":8018,"birdIndex":0,"times":1,"score":31170,"totalScore":43340,"finalState":true,"active":false,"unvisitedChildren":0,"miniMaxValue":31170.0}
{"stateId":310,"originShotId":2,"birdIndex":0,"times":1,"score":6170,"totalScore":6170,"finalState":false,"active":false,"unvisitedChildren":53,"miniMaxValue":26150.0}
{"stateId":311,"originShotId":8050,"birdIndex":0,"times":1,"score":11290,"totalScore":17460,"finalState":false,"active":false,"unvisitedChildren":19,"miniMaxValue":26150.0}
{"stateId":312,"originShotId":8080,"birdIndex":0,"times":1,"score":26150,"totalScore":43610,"finalState":true,"active":false,"unvisitedChildren":0,"miniMaxValue":26150.0}
{"stateId":313,"originShotId":5802,"birdIndex":0,"times":1,"score":6040,"totalScore":12190,"finalState":false,"active":false,"unvisitedChildren":30,"miniMaxValue":31240.0}
{"stateId":314,"originShotId":8104,"birdIndex":0,"times":1,"score":31240,"totalScore":43430,"finalState":true,"active":false,"unvisitedChildren":0,"miniMaxValue":31240.0}
{"stateId":315,"originShotId":5,"birdIndex":0,"times":1,"score":12780,"totalScore":12780,"finalState":false,"active":false,"unvisitedChildren":20,"miniMaxValue":41080.0}
{"stateId":316,"originShotId":8126,"birdIndex":0,"times":1,"score":41080,"totalScore":53860,"finalState":true,"active":false,"unvisitedChildren":0,"miniMaxValue":41080.0}
{"stateId":317,"originShotId":5887,"birdIndex":0,"times":1,"score":6040,"totalScore":12150,"finalState":false,"active":false,"unvisitedChildren":33,"miniMaxValue":31240.0}
{"stateId":318,"originShotId":8159,"birdIndex":0,"times":1,"score":31240,"totalScore":43390,"finalState":true,"active":false,"unvisitedChildren":0,"miniMaxValue":31240.0}
{"stateId":319,"originShotId":7,"birdIndex":0,"times":1,"score":61190,"totalScore":61190,"finalState":true,"active":false,"unvisitedChildren":0,"miniMaxValue":61190.0}
{"stateId":320,"originShotId":5954,"birdIndex":0,"times":1,"score":11100,"totalScore":17140,"finalState":false,"active":false,"unvisitedChildren":31,"miniMaxValue":25800.0}
{"stateId":321,"originShotId":8197,"birdIndex":0,"times":1,"score":25800,"totalScore":42940,"finalState":true,"active":false,"unvisitedChildren":0,"miniMaxValue":25800.0}
{"stateId":322,"originShotId":84,"birdIndex":0,"times":1,"score":41300,"totalScore":52380,"finalState":true,"active":false,"unvisitedChildren":0,"miniMaxValue":41300.0}
{"stateId":325,"originShotId":36,"birdIndex":0,"times":1,"score":11100,"totalScore":11100,"finalState":false,"active":false,"unvisitedChildren":38,"miniMaxValue":41200.0}
{"stateId":326,"originShotId":8266,"birdIndex":0,"times":1,"score":41200,"totalScore":52300,"finalState":true,"active":false,"unvisitedChildren":0,"miniMaxValue":41200.0}
{"stateId":327,"originShotId":186,"birdIndex":0,"times":1,"score":11100,"totalScore":17160,"finalState":false,"active":false,"unvisitedChildren":29,"miniMaxValue":25370.0}
{"stateId":328,"originShotId":8298,"birdIndex":0,"times":1,"score":25370,"totalScore":42530,"finalState":true,"active":false,"unvisitedChildren":0,"miniMaxValue":25370.0}
{"stateId":329,"originShotId":18,"birdIndex":0,"times":1,"score":6050,"totalScore":6050,"finalState":false,"active":false,"unvisitedChildren":76,"miniMaxValue":25800.0}
{"stateId":330,"originShotId":8335,"birdIndex":0,"times":1,"score":11250,"totalScore":17300,"finalState":false,"active":false,"unvisitedChildren":34,"miniMaxValue":25800.0}
{"stateId":331,"originShotId":8376,"birdIndex":0,"times":1,"score":25800,"totalScore":43100,"finalState":true,"active":false,"unvisitedChildren":0,"miniMaxValue":25800.0}
{"stateId":332,"originShotId":264,"birdIndex":0,"times":1,"score":6040,"totalScore":17290,"finalState":false,"active":false,"unvisitedChildren":27,"miniMaxValue":25870.0}
{"stateId":333,"originShotId":8404,"birdIndex":0,"times":1,"score":25870,"totalScore":43160,"finalState":true,"active":false,"unvisitedChildren":0,"miniMaxValue":25870.0}
{"stateId":334,"originShotId":329,"birdIndex":0,"times":1,"score":6040,"totalScore":12080,"finalState":false,"active":false,"unvisitedChildren":37,"miniMaxValue":31170.0}
{"stateId":335,"originShotId":8439,"birdIndex":0,"times":1,"score":31170,"totalScore":43250,"finalState":true,"active":false,"unvisitedChildren":0,"miniMaxValue":31170.0}
{"stateId":344,"originShotId":35,"birdIndex":1,"times":71,"score":61680,"totalScore":61680,"finalState":true,"active":true,"unvisitedChildren":0,"miniMaxValue":61680.0}
{"stateId":346,"originShotId":8493,"birdIndex":0,"times":2,"score":6040,"totalScore":6040,"finalState":false,"active":false,"unvisitedChildren":79,"miniMaxValue":25040.0}
{"stateId":347,"originShotId":8523,"birdIndex":0,"times":1,"score":11080,"totalScore":17120,"finalState":false,"active":false,"unvisitedChildren":23,"miniMaxValue":25040.0}
{"stateId":348,"originShotId":8553,"birdIndex":0,"times":1,"score":25040,"totalScore":42160,"finalState":true,"active":false,"unvisitedChildren":0,"miniMaxValue":25040.0}
{"stateId":349,"originShotId":8454,"birdIndex":0,"times":2,"score":11170,"totalScore":11170,"finalState":false,"active":false,"unvisitedChildren":60,"miniMaxValue":42780.0}
{"stateId":350,"originShotId":8587,"birdIndex":0,"times":1,"score":42780,"totalScore":53950,"finalState":true,"active":false,"unvisitedChildren":0,"miniMaxValue":42780.0}
{"stateId":351,"originShotId":8478,"birdIndex":0,"times":1,"score":5910,"totalScore":5910,"finalState":false,"active":false,"unvisitedChildren":92,"miniMaxValue":25680.0}
{"stateId":352,"originShotId":8631,"birdIndex":0,"times":1,"score":11080,"totalScore":16990,"finalState":false,"active":false,"unvisitedChildren":43,"miniMaxValue":25680.0}
{"stateId":353,"originShotId":8680,"birdIndex":0,"times":1,"score":25680,"totalScore":42670,"finalState":true,"active":false,"unvisitedChildren":0,"miniMaxValue":25680.0}
{"stateId":354,"originShotId":8447,"birdIndex":0,"times":1,"score":6200,"totalScore":6200,"finalState":false,"active":false,"unvisitedChildren":64,"miniMaxValue":25950.0}
{"stateId":355,"originShotId":8712,"birdIndex":0,"times":1,"score":11080,"totalScore":17280,"finalState":false,"active":false,"unvisitedChildren":28,"miniMaxValue":25950.0}
{"stateId":356,"originShotId":8750,"birdIndex":0,"times":1,"score":25950,"totalScore":43230,"finalState":true,"active":false,"unvisitedChildren":0,"miniMaxValue":25950.0}
{"stateId":357,"originShotId":8524,"birdIndex":0,"times":1,"score":11080,"totalScore":17120,"finalState":false,"active":false,"unvisitedChildren":23,"miniMaxValue":25040.0}
{"stateId":358,"originShotId":8775,"birdIndex":0,"times":1,"score":25040,"totalScore":42160,"finalState":true,"active":false,"unvisitedChildren":0,"miniMaxValue":25040.0}
{"stateId":359,"originShotId":8588,"birdIndex":0,"times":1,"score":6040,"totalScore":17210,"finalState":false,"active":false,"unvisitedChildren":24,"miniMaxValue":25050.0}
{"stateId":360,"originShotId":8800,"birdIndex":0,"times":1,"score":25050,"totalScore":42260,"finalState":true,"active":false,"unvisitedChildren":0,"miniMaxValue":25050.0}
{"stateId":361,"originShotId":35,"birdIndex":0,"times":1,"score":16190,"totalScore":16190,"finalState":false,"active":false,"unvisitedChildren":33,"miniMaxValue":35390.0}
{"stateId":362,"originShotId":8833,"birdIndex":0,"times":1,"score":35390,"totalScore":51580,"finalState":true,"active":false,"unvisitedChildren":0,"miniMaxValue":35390.0}
