{"shotId":1,"originStateId":1,"birdIndex":1,"birdType":"RedBird","times":5,"tapInterval":0,"target":{"x":541,"y":240},"releasePoint":{"x":-349,"y":704},"shot":{"x":193,"y":328,"dx":-542,"dy":376,"t_tap":0},"aim":{"type":"Stone","shape":"Rect","angle":0.0,"hollow":false,"x":541,"y":240,"width":10,"height":8},"closestPig":{"type":"Pig","shape":"Rect","angle":0.0,"hollow":false,"x":536,"y":291,"width":14,"height":10},"distanceOfClosestPig":56.0,"active":false,"unvisitedChildren":37,"miniMaxValue":25108.0}
{"shotId":2,"originStateId":1,"birdIndex":1,"birdType":"RedBird","times":4,"tapInterval":0,"target":{"x":541,"y":240},"releasePoint":{"x":-3,"y":958},"shot":{"x":193,"y":328,"dx":-196,"dy":630,"t_tap":0},"aim":{"type":"Stone","shape":"Rect","angle":0.0,"hollow":false,"x":541,"y":240,"width":10,"height":8},"closestPig":{"type":"Pig","shape":"Rect","angle":0.0,"hollow":false,"x":536,"y":291,"width":14,"height":10},"distanceOfClosestPig":56.0,"active":false,"unvisitedChildren":0,"miniMaxValue":29730.0}
{"shotId":3,"originStateId":1,"birdIndex":1,"birdType":"RedBird","times":0,"tapInterval":0,"target":{"x":544,"y":226},"releasePoint":{"x":-331,"y":728},"shot":{"x":193,"y":328,"dx":-524,"dy":400,"t_tap":0},"aim":{"type":"Wood","shape":"Rect","angle":0.0,"hollow":false,"x":544,"y":226,"width":3,"height":9},"closestPig":{"type":"Pig","shape":"Rect","angle":0.0,"hollow":false,"x":536,"y":291,"width":14,"height":10},"distanceOfClosestPig":70.0,"active":false,"unvisitedChildren":25,"miniMaxValue":0.0}
{"shotId":4,"originStateId":1,"birdIndex":1,"birdType":"RedBird","times":0,"tapInterval":0,"target":{"x":544,"y":226},"releasePoint":{"x":-9,"y":956},"shot":{"x":193,"y":328,"dx":-202,"dy":628,"t_tap":0},"aim":{"type":"Wood","shape":"Rect","angle":0.0,"hollow":false,"x":544,"y":226,"width":3,"height":9},"closestPig":{"type":"Pig","shape":"Rect","angle":0.0,"hollow":false,"x":536,"y":291,"width":14,"height":10},"distanceOfClosestPig":70.0,"active":false,"unvisitedChildren":28,"miniMaxValue":0.0}
{"shotId":5,"originStateId":1,"birdIndex":1,"birdType":"RedBird","times":5,"tapInterval":0,"target":{"x":534,"y":252},"releasePoint":{"x":-363,"y":683},"shot":{"x":193,"y":328,"dx":-556,"dy":355,"t_tap":0},"aim":{"type":"Wood","shape":"Rect","angle":0.0,"hollow":false,"x":534,"y":252,"width":22,"height":3},"closestPig":{"type":"Pig","shape":"Rect","angle":0.0,"hollow":false,"x":536,"y":291,"width":14,"height":10},"distanceOfClosestPig":44.0,"active":false,"unvisitedChildren":0,"miniMaxValue":27326.0}
{"shotId":6,"originStateId":1,"birdIndex":1,"birdType":"RedBird","times":5,"tapInterval":0,"target":{"x":534,"y":252},"releasePoint":{"x":4,"y":960},"shot":{"x":193,"y":328,"dx":-189,"dy":632,"t_tap":0},"aim":{"type":"Wood","shape":"Rect","angle":0.0,"hollow":false,"x":534,"y":252,"width":22,"height":3},"closestPig":{"type":"Pig","shape":"Rect","angle":0.0,"hollow":false,"x":536,"y":291,"width":14,"height":10},"distanceOfClosestPig":44.0,"active":false,"unvisitedChildren":0,"miniMaxValue":30228.0}
{"shotId":7,"originStateId":1,"birdIndex":1,"birdType":"RedBird","times":5,"tapInterval":0,"target":{"x":544,"y":252},"releasePoint":{"x":-361,"y":685},"shot":{"x":193,"y":328,"dx":-554,"dy":357,"t_tap":0},"aim":{"type":"Wood","shape":"Rect","angle":0.0,"hollow":false,"x":534,"y":252,"width":22,"height":3},"closestPig":{"type":"Pig","shape":"Rect","angle":0.0,"hollow":false,"x":536,"y":291,"width":14,"height":10},"distanceOfClosestPig":44.0,"active":false,"unvisitedChildren":0,"miniMaxValue":28210.0}
{"shotId":8,"originStateId":1,"birdIndex":1,"birdType":"RedBird","times":5,"tapInterval":0,"target":{"x":554,"y":252},"releasePoint":{"x":-360,"y":687},"shot":{"x":193,"y":328,"dx":-553,"dy":359,"t_tap":0},"aim":{"type":"Wood","shape":"Rect","angle":0.0,"hollow":false,"x":534,"y":252,"width":22,"height":3},"closestPig":{"type":"Pig","shape":"Rect","angle":0.0,"hollow":false,"x":536,"y":291,"width":14,"height":10},"distanceOfClosestPig":45.0,"active":false,"unvisitedChildren":0,"miniMaxValue":27662.0}
{"shotId":9,"originStateId":1,"birdIndex":1,"birdType":"RedBird","times":5,"tapInterval":0,"target":{"x":531,"y":257},"releasePoint":{"x":-369,"y":673},"shot":{"x":193,"y":328,"dx":-562,"dy":345,"t_tap":0},"aim":{"type":"Wood","shape":"Rect","angle":0.0,"hollow":false,"x":531,"y":257,"width":3,"height":50},"closestPig":{"type":"Pig","shape":"Rect","angle":0.0,"hollow":false,"x":536,"y":291,"width":14,"height":10},"distanceOfClosestPig":40.0,"active":false,"unvisitedChildren":0,"miniMaxValue":28406.0}
{"shotId":10,"originStateId":1,"birdIndex":1,"birdType":"RedBird","times":5,"tapInterval":0,"target":{"x":531,"y":257},"releasePoint":{"x":8,"y":961},"shot":{"x":193,"y":328,"dx":-185,"dy":633,"t_tap":0},"aim":{"type":"Wood","shape":"Rect","angle":0.0,"hollow":false,"x":531,"y":257,"width":3,"height":50},"closestPig":{"type":"Pig","shape":"Rect","angle":0.0,"hollow":false,"x":536,"y":291,"width":14,"height":10},"distanceOfClosestPig":40.0,"active":false,"unvisitedChildren":0,"miniMaxValue":28198.0}
{"shotId":11,"originStateId":1,"birdIndex":1,"birdType":"RedBird","times":5,"tapInterval":0,"target":{"x":531,"y":267},"releasePoint":{"x":-379,"y":657},"shot":{"x":193,"y":328,"dx":-572,"dy":329,"t_tap":0},"aim":{"type":"Wood","shape":"Rect","angle":0.0,"hollow":false,"x":531,"y":257,"width":3,"height":50},"closestPig":{"type":"Pig","shape":"Rect","angle":0.0,"hollow":false,"x":536,"y":291,"width":14,"height":10},"distanceOfClosestPig":31.0,"active":false,"unvisitedChildren":0,"miniMaxValue":28790.0}
{"shotId":12,"originStateId":1,"birdIndex":1,"birdType":"RedBird","times":5,"tapInterval":0,"target":{"x":531,"y":267},"releasePoint":{"x":10,"y":962},"shot":{"x":193,"y":328,"dx":-183,"dy":634,"t_tap":0},"aim":{"type":"Wood","shape":"Rect","angle":0.0,"hollow":false,"x":531,"y":257,"width":3,"height":50},"closestPig":{"type":"Pig","shape":"Rect","angle":0.0,"hollow":false,"x":536,"y":291,"width":14,"height":10},"distanceOfClosestPig":31.0,"active":false,"unvisitedChildren":0,"miniMaxValue":29984.0}
{"shotId":13,"originStateId":1,"birdIndex":1,"birdType":"RedBird","times":5,"tapInterval":0,"target":{"x":531,"y":277},"releasePoint":{"x":-388,"y":639},"shot":{"x":193,"y":328,"dx":-581,"dy":311,"t_tap":0},"aim":{"type":"Wood","shape":"Rect","angle":0.0,"hollow":false,"x":531,"y":257,"width":3,"height":50},"closestPig":{"type":"Pig","shape":"Rect","angle":0.0,"hollow":false,"x":536,"y":291,"width":14,"height":10},"distanceOfClosestPig":22.0,"active":false,"unvisitedChildren":0,"miniMaxValue":29278.0}
{"shotId":14,"originStateId":1,"birdIndex":1,"birdType":"RedBird","times":5,"tapInterval":0,"target":{"x":531,"y":277},"releasePoint":{"x":12,"y":962},"shot":{"x":193,"y":328,"dx":-181,"dy":634,"t_tap":0},"aim":{"type":"Wood","shape":"Rect","angle":0.0,"hollow":false,"x":531,"y":257,"width":3,"height":50},"closestPig":{"type":"Pig","shape":"Rect","angle":0.0,"hollow":false,"x":536,"y":291,"width":14,"height":10},"distanceOfClosestPig":22.0,"active":false,"unvisitedChildren":0,"miniMaxValue":28390.0}
{"shotId":15,"originStateId":1,"birdIndex":1,"birdType":"RedBird","times":5,"tapInterval":0,"target":{"x":531,"y":287},"releasePoint":{"x":-398,"y":620},"shot":{"x":193,"y":328,"dx":-591,"dy":292,"t_tap":0},"aim":{"type":"Wood","shape":"Rect","angle":0.0,"hollow":false,"x":531,"y":257,"width":3,"height":50},"closestPig":{"type":"Pig","shape":"Rect","angle":0.0,"hollow":false,"x":536,"y":291,"width":14,"height":10},"distanceOfClosestPig":15.0,"active":false,"unvisitedChildren":0,"miniMaxValue":30456.0}
{"shotId":16,"originStateId":1,"birdIndex":1,"birdType":"RedBird","times":5,"tapInterval":0,"target":{"x":531,"y":287},"releasePoint":{"x":14,"y":963},"shot":{"x":193,"y":328,"dx":-179,"dy":635,"t_tap":0},"aim":{"type":"Wood","shape":"Rect","angle":0.0,"hollow":false,"x":531,"y":257,"width":3,"height":50},"closestPig":{"type":"Pig","shape":"Rect","angle":0.0,"hollow":false,"x":536,"y":291,"width":14,"height":10},"distanceOfClosestPig":15.0,"active":false,"unvisitedChildren":0,"miniMaxValue":28562.0}
{"shotId":17,"originStateId":1,"birdIndex":1,"birdType":"RedBird","times":5,"tapInterval":0,"target":{"x":531,"y":297},"releasePoint":{"x":-410,"y":595},"shot":{"x":193,"y":328,"dx":-603,"dy":267,"t_tap":0},"aim":{"type":"Wood","shape":"Rect","angle":0.0,"hollow":false,"x":531,"y":257,"width":3,"height":50},"closestPig":{"type":"Pig","shape":"Rect","angle":0.0,"hollow":false,"x":536,"y":291,"width":14,"height":10},"distanceOfClosestPig":12.0,"active":false,"unvisitedChildren":0,"miniMaxValue":29946.0}
{"shotId":18,"originStateId":1,"birdIndex":1,"birdType":"RedBird","times":5,"tapInterval":0,"target":{"x":531,"y":297},"releasePoint":{"x":16,"y":964},"shot":{"x":193,"y":328,"dx":-177,"dy":636,"t_tap":0},"aim":{"type":"Wood","shape":"Rect","angle":0.0,"hollow":false,"x":531,"y":257,"width":3,"height":50},"closestPig":{"type":"Pig","shape":"Rect","angle":0.0,"hollow":false,"x":536,"y":291,"width":14,"height":10},"distanceOfClosestPig":12.0,"active":false,"unvisitedChildren":0,"miniMaxValue":28424.0}
{"shotId":19,"originStateId":1,"birdIndex":1,"birdType":"RedBird","times":0,"tapInterval":0,"target":{"x":531,"y":307},"releasePoint":{"x":-418,"y":576},"shot":{"x":193,"y":328,"dx":-611,"dy":248,"t_tap":0},"aim":{"type":"Wood","shape":"Rect","angle":0.0,"hollow":false,"x":531,"y":257,"width":3,"height":50},"closestPig":{"type":"Pig","shape":"Rect","angle":0.0,"hollow":false,"x":536,"y":291,"width":14,"height":10},"distanceOfClosestPig":16.0,"active":false,"unvisitedChildren":0,"miniMaxValue":0.0}
{"shotId":20,"originStateId":1,"birdIndex":1,"birdType":"RedBird","times":5,"tapInterval":0,"target":{"x":531,"y":307},"releasePoint":{"x":19,"y":964},"shot":{"x":193,"y":328,"dx":-174,"dy":636,"t_tap":0},"aim":{"type":"Wood","shape":"Rect","angle":0.0,"hollow":false,"x":531,"y":257,"width":3,"height":50},"closestPig":{"type":"Pig","shape":"Rect","angle":0.0,"hollow":false,"x":536,"y":291,"width":14,"height":10},"distanceOfClosestPig":16.0,"active":false,"unvisitedChildren":0,"miniMaxValue":29348.0}
{"shotId":21,"originStateId":1,"birdIndex":1,"birdType":"RedBird","times":17,"tapInterval":0,"target":{"x":518,"y":309},"releasePoint":{"x":-421,"y":567},"shot":{"x":193,"y":328,"dx":-614,"dy":239,"t_tap":0},"aim":{"type":"Wood","shape":"Rect","angle":0.0,"hollow":false,"x":518,"y":309,"width":51,"height":4},"closestPig":{"type":"Pig","shape":"Rect","angle":0.0,"hollow":false,"x":536,"y":291,"width":14,"height":10},"distanceOfClosestPig":28.0,"active":false,"unvisitedChildren":0,"miniMaxValue":30877.059}
{"shotId":22,"originStateId":1,"birdIndex":1,"birdType":"RedBird","times":5,"tapInterval":0,"target":{"x":528,"y":309},"releasePoint":{"x":-420,"y":571},"shot":{"x":193,"y":328,"dx":-613,"dy":243,"t_tap":0},"aim":{"type":"Wood","shape":"Rect","angle":0.0,"hollow":false,"x":518,"y":309,"width":51,"height":4},"closestPig":{"type":"Pig","shape":"Rect","angle":0.0,"hollow":false,"x":536,"y":291,"width":14,"height":10},"distanceOfClosestPig":19.0,"active":false,"unvisitedChildren":0,"miniMaxValue":30796.0}
{"shotId":23,"originStateId":1,"birdIndex":1,"birdType":"RedBird","times":5,"tapInterval":0,"target":{"x":528,"y":309},"releasePoint":{"x":21,"y":965},"shot":{"x":193,"y":328,"dx":-172,"dy":637,"t_tap":0},"aim":{"type":"Wood","shape":"Rect","angle":0.0,"hollow":false,"x":518,"y":309,"width":51,"height":4},"closestPig":{"type":"Pig","shape":"Rect","angle":0.0,"hollow":false,"x":536,"y":291,"width":14,"height":10},"distanceOfClosestPig":19.0,"active":false,"unvisitedChildren":0,"miniMaxValue":28306.0}
{"shotId":24,"originStateId":1,"birdIndex":1,"birdType":"RedBird","times":5,"tapInterval":0,"target":{"x":538,"y":309},"releasePoint":{"x":-418,"y":575},"shot":{"x":193,"y":328,"dx":-611,"dy":247,"t_tap":0},"aim":{"type":"Wood","shape":"Rect","angle":0.0,"hollow":false,"x":518,"y":309,"width":51,"height":4},"closestPig":{"type":"Pig","shape":"Rect","angle":0.0,"hollow":false,"x":536,"y":291,"width":14,"height":10},"distanceOfClosestPig":13.0,"active":false,"unvisitedChildren":0,"miniMaxValue":31240.0}
{"shotId":25,"originStateId":1,"birdIndex":1,"birdType":"RedBird","times":5,"tapInterval":0,"target":{"x":548,"y":309},"releasePoint":{"x":-416,"y":580},"shot":{"x":193,"y":328,"dx":-609,"dy":252,"t_tap":0},"aim":{"type":"Wood","shape":"Rect","angle":0.0,"hollow":false,"x":518,"y":309,"width":51,"height":4},"closestPig":{"type":"Pig","shape":"Rect","angle":0.0,"hollow":false,"x":536,"y":291,"width":14,"height":10},"distanceOfClosestPig":13.0,"active":false,"unvisitedChildren":0,"miniMaxValue":31200.0}
{"shotId":26,"originStateId":1,"birdIndex":1,"birdType":"RedBird","times":5,"tapInterval":0,"target":{"x":519,"y":315},"releasePoint":{"x":-428,"y":550},"shot":{"x":193,"y":328,"dx":-621,"dy":222,"t_tap":0},"aim":{"type":"Wood","shape":"Rect","angle":0.0,"hollow":false,"x":519,"y":315,"width":2,"height":50},"closestPig":{"type":"Pig","shape":"Rect","angle":0.0,"hollow":false,"x":536,"y":291,"width":14,"height":10},"distanceOfClosestPig":30.0,"active":false,"unvisitedChildren":0,"miniMaxValue":31456.0}
{"shotId":27,"originStateId":1,"birdIndex":1,"birdType":"RedBird","times":65,"tapInterval":0,"target":{"x":519,"y":325},"releasePoint":{"x":-435,"y":529},"shot":{"x":193,"y":328,"dx":-628,"dy":201,"t_tap":0},"aim":{"type":"Wood","shape":"Rect","angle":0.0,"hollow":false,"x":519,"y":315,"width":2,"height":50},"closestPig":{"type":"Pig","shape":"Rect","angle":0.0,"hollow":false,"x":536,"y":291,"width":14,"height":10},"distanceOfClosestPig":37.0,"active":true,"unvisitedChildren":0,"miniMaxValue":31948.0}
{"shotId":28,"originStateId":1,"birdIndex":1,"birdType":"RedBird","times":5,"tapInterval":0,"target":{"x":519,"y":335},"releasePoint":{"x":-441,"y":509},"shot":{"x":193,"y":328,"dx":-634,"dy":181,"t_tap":0},"aim":{"type":"Wood","shape":"Rect","angle":0.0,"hollow":false,"x":519,"y":315,"width":2,"height":50},"closestPig":{"type":"Pig","shape":"Rect","angle":0.0,"hollow":false,"x":536,"y":291,"width":14,"height":10},"distanceOfClosestPig":45.0,"active":false,"unvisitedChildren":0,"miniMaxValue":29272.0}
{"shotId":29,"originStateId":1,"birdIndex":1,"birdType":"RedBird","times":5,"tapInterval":0,"target":{"x":519,"y":345},"releasePoint":{"x":-448,"y":482},"shot":{"x":193,"y":328,"dx":-641,"dy":154,"t_tap":0},"aim":{"type":"Wood","shape":"Rect","angle":0.0,"hollow":false,"x":519,"y":315,"width":2,"height":50},"closestPig":{"type":"Pig","shape":"Rect","angle":0.0,"hollow":false,"x":536,"y":291,"width":14,"height":10},"distanceOfClosestPig":54.0,"active":false,"unvisitedChildren":0,"miniMaxValue":30426.0}
{"shotId":30,"originStateId":1,"birdIndex":1,"birdType":"RedBird","times":0,"tapInterval":0,"target":{"x":519,"y":355},"releasePoint":{"x":-453,"y":462},"shot":{"x":193,"y":328,"dx":-646,"dy":134,"t_tap":0},"aim":{"type":"Wood","shape":"Rect","angle":0.0,"hollow":false,"x":519,"y":315,"width":2,"height":50},"closestPig":{"type":"Pig","shape":"Rect","angle":0.0,"hollow":false,"x":536,"y":291,"width":14,"height":10},"distanceOfClosestPig":63.0,"active":false,"unvisitedChildren":27,"miniMaxValue":0.0}
{"shotId":32,"originStateId":27,"birdIndex":0,"times":0,"tapInterval":0,"target":{"x":537,"y":258},"releasePoint":{"x":-366,"y":677},"shot":{"x":193,"y":328,"dx":-559,"dy":349,"t_tap":0},"aim":{"type":"Wood","shape":"Rect","angle":0.0,"hollow":false,"x":537,"y":258,"width":19,"height":48},"closestPig":{"type":"Pig","shape":"Rect","angle":0.0,"hollow":false,"x":546,"y":291,"width":14,"height":10},"distanceOfClosestPig":41.0,"active":false,"unvisitedChildren":0,"miniMaxValue":0.0}
{"shotId":33,"originStateId":27,"birdIndex":0,"times":0,"tapInterval":0,"target":{"x":537,"y":258},"releasePoint":{"x":0,"y":958},"shot":{"x":193,"y":328,"dx":-193,"dy":630,"t_tap":0},"aim":{"type":"Wood","shape":"Rect","angle":0.0,"hollow":false,"x":537,"y":258,"width":19,"height":48},"closestPig":{"type":"Pig","shape":"Rect","angle":0.0,"hollow":false,"x":546,"y":291,"width":14,"height":10},"distanceOfClosestPig":41.0,"active":false,"unvisitedChildren":0,"miniMaxValue":0.0}
{"shotId":34,"originStateId":27,"birdIndex":0,"times":0,"tapInterval":0,"target":{"x":547,"y":258},"releasePoint":{"x":-365,"y":679},"shot":{"x":193,"y":328,"dx":-558,"dy":351,"t_tap":0},"aim":{"type":"Wood","shape":"Rect","angle":0.0,"hollow":false,"x":537,"y":258,"width":19,"height":48},"closestPig":{"type":"Pig","shape":"Rect","angle":0.0,"hollow":false,"x":546,"y":291,"width":14,"height":10},"distanceOfClosestPig":38.0,"active":false,"unvisitedChildren":0,"miniMaxValue":0.0}
{"shotId":35,"originStateId":27,"birdIndex":0,"times":0,"tapInterval":0,"target":{"x":547,"y":258},"releasePoint":{"x":-8,"y":956},"shot":{"x":193,"y":328,"dx":-201,"dy":628,"t_tap":0},"aim":{"type":"Wood","shape":"Rect","angle":0.0,"hollow":false,"x":537,"y":258,"width":19,"height":48},"closestPig":{"type":"Pig","shape":"Rect","angle":0.0,"hollow":false,"x":546,"y":291,"width":14,"height":10},"distanceOfClosestPig":38.0,"active":false,"unvisitedChildren":0,"miniMaxValue":0.0}
{"shotId":36,"originStateId":27,"birdIndex":0,"times":0,"tapInterval":0,"target":{"x":537,"y":268},"releasePoint":{"x":-376,"y":661},"shot":{"x":193,"y":328,"dx":-569,"dy":333,"t_tap":0},"aim":{"type":"Wood","shape":"Rect","angle":0.0,"hollow":false,"x":537,"y":258,"width":19,"height":48},"closestPig":{"type":"Pig","shape":"Rect","angle":0.0,"hollow":false,"x":546,"y":291,"width":14,"height":10},"distanceOfClosestPig":32.0,"active":false,"unvisitedChildren":0,"miniMaxValue":0.0}
{"shotId":37,"originStateId":27,"birdIndex":0,"times":0,"tapInterval":0,"target":{"x":537,"y":268},"releasePoint":{"x":1,"y":959},"shot":{"x":193,"y":328,"dx":-192,"dy":631,"t_tap":0},"aim":{"type":"Wood","shape":"Rect","angle":0.0,"hollow":false,"x":537,"y":258,"width":19,"height":48},"closestPig":{"type":"Pig","shape":"Rect","angle":0.0,"hollow":false,"x":546,"y":291,"width":14,"height":10},"distanceOfClosestPig":32.0,"active":false,"unvisitedChildren":0,"miniMaxValue":0.0}
{"shotId":38,"originStateId":27,"birdIndex":0,"times":0,"tapInterval":0,"target":{"x":537,"y":278},"releasePoint":{"x":-386,"y":642},"shot":{"x":193,"y":328,"dx":-579,"dy":314,"t_tap":0},"aim":{"type":"Wood","shape":"Rect","angle":0.0,"hollow":false,"x":537,"y":258,"width":19,"height":48},"closestPig":{"type":"Pig","shape":"Rect","angle":0.0,"hollow":false,"x":546,"y":291,"width":14,"height":10},"distanceOfClosestPig":24.0,"active":false,"unvisitedChildren":0,"miniMaxValue":0.0}
{"shotId":39,"originStateId":27,"birdIndex":0,"times":0,"tapInterval":0,"target":{"x":537,"y":278},"releasePoint":{"x":4,"y":960},"shot":{"x":193,"y":328,"dx":-189,"dy":632,"t_tap":0},"aim":{"type":"Wood","shape":"Rect","angle":0.0,"hollow":false,"x":537,"y":258,"width":19,"height":48},"closestPig":{"type":"Pig","shape":"Rect","angle":0.0,"hollow":false,"x":546,"y":291,"width":14,"height":10},"distanceOfClosestPig":24.0,"active":false,"unvisitedChildren":0,"miniMaxValue":0.0}
{"shotId":40,"originStateId":27,"birdIndex":0,"times":0,"tapInterval":0,"target":{"x":537,"y":288},"releasePoint":{"x":-396,"y":624},"shot":{"x":193,"y":328,"dx":-589,"dy":296,"t_tap":0},"aim":{"type":"Wood","shape":"Rect","angle":0.0,"hollow":false,"x":537,"y":258,"width":19,"height":48},"closestPig":{"type":"Pig","shape":"Rect","angle":0.0,"hollow":false,"x":546,"y":291,"width":14,"height":10},"distanceOfClosestPig":17.0,"active":false,"unvisitedChildren":0,"miniMaxValue":0.0}
{"shotId":41,"originStateId":27,"birdIndex":0,"times":0,"tapInterval":0,"target":{"x":537,"y":288},"releasePoint":{"x":6,"y":961},"shot":{"x":193,"y":328,"dx":-187,"dy":633,"t_tap":0},"aim":{"type":"Wood","shape":"Rect","angle":0.0,"hollow":false,"x":537,"y":258,"width":19,"height":48},"closestPig":{"type":"Pig","shape":"Rect","angle":0.0,"hollow":false,"x":546,"y":291,"width":14,"height":10},"distanceOfClosestPig":17.0,"active":false,"unvisitedChildren":0,"miniMaxValue":0.0}
{"shotId":42,"originStateId":27,"birdIndex":0,"times":0,"tapInterval":0,"target":{"x":537,"y":298},"releasePoint":{"x":-408,"y":599},"shot":{"x":193,"y":328,"dx":-601,"dy":271,"t_tap":0},"aim":{"type":"Wood","shape":"Rect","angle":0.0,"hollow":false,"x":537,"y":258,"width":19,"height":48},"closestPig":{"type":"Pig","shape":"Rect","angle":0.0,"hollow":false,"x":546,"y":291,"width":14,"height":10},"distanceOfClosestPig":16.0,"active":false,"unvisitedChildren":0,"miniMaxValue":0.0}
{"shotId":43,"originStateId":27,"birdIndex":0,"times":0,"tapInterval":0,"target":{"x":537,"y":298},"releasePoint":{"x":8,"y":961},"shot":{"x":193,"y":328,"dx":-185,"dy":633,"t_tap":0},"aim":{"type":"Wood","shape":"Rect","angle":0.0,"hollow":false,"x":537,"y":258,"width":19,"height":48},"closestPig":{"type":"Pig","shape":"Rect","angle":0.0,"hollow":false,"x":546,"y":291,"width":14,"height":10},"distanceOfClosestPig":16.0,"active":false,"unvisitedChildren":0,"miniMaxValue":0.0}
{"shotId":44,"originStateId":27,"birdIndex":0,"times":0,"tapInterval":0,"target":{"x":551,"y":303},"releasePoint":{"x":-410,"y":596},"shot":{"x":193,"y":328,"dx":-603,"dy":268,"t_tap":0},"aim":{"type":"Wood","shape":"Rect","angle":0.0,"hollow":false,"x":551,"y":303,"width":9,"height":2},"closestPig":{"type":"Pig","shape":"Rect","angle":0.0,"hollow":false,"x":546,"y":291,"width":14,"height":10},"distanceOfClosestPig":7.0,"active":false,"unvisitedChildren":0,"miniMaxValue":0.0}
{"shotId":45,"originStateId":27,"birdIndex":0,"times":0,"tapInterval":0,"target":{"x":551,"y":303},"releasePoint":{"x":0,"y":959},"shot":{"x":193,"y":328,"dx":-193,"dy":631,"t_tap":0},"aim":{"type":"Wood","shape":"Rect","angle":0.0,"hollow":false,"x":551,"y":303,"width":9,"height":2},"closestPig":{"type":"Pig","shape":"Rect","angle":0.0,"hollow":false,"x":546,"y":291,"width":14,"height":10},"distanceOfClosestPig":7.0,"active":false,"unvisitedChildren":0,"miniMaxValue":0.0}
{"shotId":46,"originStateId":27,"birdIndex":0,"times":0,"tapInterval":0,"target":{"x":529,"y":309},"releasePoint":{"x":-418,"y":575},"shot":{"x":193,"y":328,"dx":-611,"dy":247,"t_tap":0},"aim":{"type":"Wood","shape":"Rect","angle":0.0,"hollow":false,"x":529,"y":309,"width":50,"height":4},"closestPig":{"type":"Pig","shape":"Rect","angle":0.0,"hollow":false,"x":546,"y":291,"width":14,"height":10},"distanceOfClosestPig":27.0,"active":false,"unvisitedChildren":0,"miniMaxValue":0.0}
{"shotId":47,"originStateId":27,"birdIndex":0,"times":0,"tapInterval":0,"target":{"x":529,"y":309},"releasePoint":{"x":16,"y":963},"shot":{"x":193,"y":328,"dx":-177,"dy":635,"t_tap":0},"aim":{"type":"Wood","shape":"Rect","angle":0.0,"hollow":false,"x":529,"y":309,"width":50,"height":4},"closestPig":{"type":"Pig","shape":"Rect","angle":0.0,"hollow":false,"x":546,"y":291,"width":14,"height":10},"distanceOfClosestPig":27.0,"active":false,"unvisitedChildren":0,"miniMaxValue":0.0}
{"shotId":48,"originStateId":27,"birdIndex":0,"times":0,"tapInterval":0,"target":{"x":539,"y":309},"releasePoint":{"x":-416,"y":580},"shot":{"x":193,"y":328,"dx":-609,"dy":252,"t_tap":0},"aim":{"type":"Wood","shape":"Rect","angle":0.0,"hollow":false,"x":529,"y":309,"width":50,"height":4},"closestPig":{"type":"Pig","shape":"Rect","angle":0.0,"hollow":false,"x":546,"y":291,"width":14,"height":10},"distanceOfClosestPig":19.0,"active":false,"unvisitedChildren":0,"miniMaxValue":0.0}
{"shotId":49,"originStateId":27,"birdIndex":0,"times":0,"tapInterval":0,"target":{"x":549,"y":309},"releasePoint":{"x":-415,"y":584},"shot":{"x":193,"y":328,"dx":-608,"dy":256,"t_tap":0},"aim":{"type":"Wood","shape":"Rect","angle":0.0,"hollow":false,"x":529,"y":309,"width":50,"height":4},"closestPig":{"type":"Pig","shape":"Rect","angle":0.0,"hollow":false,"x":546,"y":291,"width":14,"height":10},"distanceOfClosestPig":13.0,"active":false,"unvisitedChildren":0,"miniMaxValue":0.0}
{"shotId":50,"originStateId":27,"birdIndex":0,"times":0,"tapInterval":0,"target":{"x":569,"y":309},"releasePoint":{"x":-9,"y":956},"shot":{"x":193,"y":328,"dx":-202,"dy":628,"t_tap":0},"aim":{"type":"Wood","shape":"Rect","angle":0.0,"hollow":false,"x":529,"y":309,"width":50,"height":4},"closestPig":{"type":"Pig","shape":"Rect","angle":0.0,"hollow":false,"x":546,"y":291,"width":14,"height":10},"distanceOfClosestPig":20.0,"active":false,"unvisitedChildren":0,"miniMaxValue":0.0}
{"shotId":51,"originStateId":27,"birdIndex":0,"times":0,"tapInterval":0,"target":{"x":579,"y":309},"releasePoint":{"x":-16,"y":953},"shot":{"x":193,"y":328,"dx":-209,"dy":625,"t_tap":0},"aim":{"type":"Wood","shape":"Rect","angle":0.0,"hollow":false,"x":529,"y":309,"width":50,"height":4},"closestPig":{"type":"Pig","shape":"Rect","angle":0.0,"hollow":false,"x":546,"y":291,"width":14,"height":10},"distanceOfClosestPig":29.0,"active":false,"unvisitedChildren":0,"miniMaxValue":0.0}
{"shotId":52,"originStateId":27,"birdIndex":0,"times":0,"tapInterval":0,"target":{"x":520,"y":317},"releasePoint":{"x":-428,"y":549},"shot":{"x":193,"y":328,"dx":-621,"dy":221,"t_tap":0},"aim":{"type":"Wood","shape":"Rect","angle":0.0,"hollow":false,"x":520,"y":317,"width":11,"height":48},"closestPig":{"type":"Pig","shape":"Rect","angle":0.0,"hollow":false,"x":546,"y":291,"width":14,"height":10},"distanceOfClosestPig":39.0,"active":false,"unvisitedChildren":0,"miniMaxValue":0.0}
{"shotId":53,"originStateId":27,"birdIndex":0,"times":0,"tapInterval":0,"target":{"x":530,"y":317},"releasePoint":{"x":-426,"y":555},"shot":{"x":193,"y":328,"dx":-619,"dy":227,"t_tap":0},"aim":{"type":"Wood","shape":"Rect","angle":0.0,"hollow":false,"x":520,"y":317,"width":11,"height":48},"closestPig":{"type":"Pig","shape":"Rect","angle":0.0,"hollow":false,"x":546,"y":291,"width":14,"height":10},"distanceOfClosestPig":31.0,"active":false,"unvisitedChildren":0,"miniMaxValue":0.0}
{"shotId":54,"originStateId":27,"birdIndex":0,"times":0,"tapInterval":0,"target":{"x":530,"y":317},"releasePoint":{"x":17,"y":964},"shot":{"x":193,"y":328,"dx":-176,"dy":636,"t_tap":0},"aim":{"type":"Wood","shape":"Rect","angle":0.0,"hollow":false,"x":520,"y":317,"width":11,"height":48},"closestPig":{"type":"Pig","shape":"Rect","angle":0.0,"hollow":false,"x":546,"y":291,"width":14,"height":10},"distanceOfClosestPig":31.0,"active":false,"unvisitedChildren":0,"miniMaxValue":0.0}
{"shotId":55,"originStateId":27,"birdIndex":0,"times":0,"tapInterval":0,"target":{"x":520,"y":327},"releasePoint":{"x":-435,"y":529},"shot":{"x":193,"y":328,"dx":-628,"dy":201,"t_tap":0},"aim":{"type":"Wood","shape":"Rect","angle":0.0,"hollow":false,"x":520,"y":317,"width":11,"height":48},"closestPig":{"type":"Pig","shape":"Rect","angle":0.0,"hollow":false,"x":546,"y":291,"width":14,"height":10},"distanceOfClosestPig":45.0,"active":false,"unvisitedChildren":0,"miniMaxValue":0.0}
{"shotId":56,"originStateId":27,"birdIndex":0,"times":0,"tapInterval":0,"target":{"x":520,"y":337},"releasePoint":{"x":-441,"y":508},"shot":{"x":193,"y":328,"dx":-634,"dy":180,"t_tap":0},"aim":{"type":"Wood","shape":"Rect","angle":0.0,"hollow":false,"x":520,"y":317,"width":11,"height":48},"closestPig":{"type":"Pig","shape":"Rect","angle":0.0,"hollow":false,"x":546,"y":291,"width":14,"height":10},"distanceOfClosestPig":52.0,"active":false,"unvisitedChildren":0,"miniMaxValue":0.0}
{"shotId":57,"originStateId":27,"birdIndex":0,"times":0,"tapInterval":0,"target":{"x":520,"y":347},"releasePoint":{"x":-448,"y":482},"shot":{"x":193,"y":328,"dx":-641,"dy":154,"t_tap":0},"aim":{"type":"Wood","shape":"Rect","angle":0.0,"hollow":false,"x":520,"y":317,"width":11,"height":48},"closestPig":{"type":"Pig","shape":"Rect","angle":0.0,"hollow":false,"x":546,"y":291,"width":14,"height":10},"distanceOfClosestPig":60.0,"active":false,"unvisitedChildren":0,"miniMaxValue":0.0}
{"shotId":58,"originStateId":27,"birdIndex":0,"times":0,"tapInterval":0,"target":{"x":520,"y":357},"releasePoint":{"x":-453,"y":461},"shot":{"x":193,"y":328,"dx":-646,"dy":133,"t_tap":0},"aim":{"type":"Wood","shape":"Rect","angle":0.0,"hollow":false,"x":520,"y":317,"width":11,"height":48},"closestPig":{"type":"Pig","shape":"Rect","angle":0.0,"hollow":false,"x":546,"y":291,"width":14,"height":10},"distanceOfClosestPig":69.0,"active":false,"unvisitedChildren":0,"miniMaxValue":0.0}
{"shotId":59,"originStateId":27,"birdIndex":0,"times":0,"tapInterval":0,"target":{"x":575,"y":318},"releasePoint":{"x":-11,"y":955},"shot":{"x":193,"y":328,"dx":-204,"dy":627,"t_tap":0},"aim":{"type":"Wood","shape":"Rect","angle":0.0,"hollow":false,"x":565,"y":318,"width":12,"height":47},"closestPig":{"type":"Pig","shape":"Rect","angle":0.0,"hollow":false,"x":546,"y":291,"width":14,"height":10},"distanceOfClosestPig":31.0,"active":false,"unvisitedChildren":0,"miniMaxValue":0.0}
{"shotId":60,"originStateId":27,"birdIndex":0,"times":0,"tapInterval":0,"target":{"x":533,"y":327},"releasePoint":{"x":17,"y":964},"shot":{"x":193,"y":328,"dx":-176,"dy":636,"t_tap":0},"aim":{"type":"Wood","shape":"Rect","angle":0.0,"hollow":false,"x":533,"y":327,"width":23,"height":3},"closestPig":{"type":"Pig","shape":"Rect","angle":0.0,"hollow":false,"x":546,"y":291,"width":14,"height":10},"distanceOfClosestPig":36.0,"active":false,"unvisitedChildren":0,"miniMaxValue":0.0}
{"shotId":61,"originStateId":27,"birdIndex":0,"times":0,"tapInterval":0,"target":{"x":490,"y":355},"releasePoint":{"x":-459,"y":428},"shot":{"x":193,"y":328,"dx":-652,"dy":100,"t_tap":0},"aim":{"type":"Wood","shape":"Rect","angle":0.0,"hollow":false,"x":490,"y":355,"width":2,"height":9},"closestPig":{"type":"Pig","shape":"Rect","angle":0.0,"hollow":false,"x":546,"y":291,"width":14,"height":10},"distanceOfClosestPig":86.0,"active":false,"unvisitedChildren":0,"miniMaxValue":0.0}
{"shotId":62,"originStateId":27,"birdIndex":0,"times":0,"tapInterval":0,"target":{"x":650,"y":378},"releasePoint":{"x":-43,"y":944},"shot":{"x":193,"y":328,"dx":-236,"dy":616,"t_tap":0},"aim":{"type":"Wood","shape":"Rect","angle":0.0,"hollow":false,"x":650,"y":378,"width":23,"height":3},"closestPig":{"type":"Pig","shape":"Rect","angle":0.0,"hollow":false,"x":546,"y":291,"width":14,"height":10},"distanceOfClosestPig":127.0,"active":false,"unvisitedChildren":0,"miniMaxValue":0.0}
{"shotId":63,"originStateId":27,"birdIndex":0,"times":0,"tapInterval":0,"target":{"x":660,"y":378},"releasePoint":{"x":-50,"y":941},"shot":{"x":193,"y":328,"dx":-243,"dy":613,"t_tap":0},"aim":{"type":"Wood","shape":"Rect","angle":0.0,"hollow":false,"x":650,"y":378,"width":23,"height":3},"closestPig":{"type":"Pig","shape":"Rect","angle":0.0,"hollow":false,"x":546,"y":291,"width":14,"height":10},"distanceOfClosestPig":134.0,"active":false,"unvisitedChildren":0,"miniMaxValue":0.0}
{"shotId":64,"originStateId":27,"birdIndex":0,"times":0,"tapInterval":0,"target":{"x":670,"y":378},"releasePoint":{"x":-57,"y":938},"shot":{"x":193,"y":328,"dx":-250,"dy":610,"t_tap":0},"aim":{"type":"Wood","shape":"Rect","angle":0.0,"hollow":false,"x":650,"y":378,"width":23,"height":3},"closestPig":{"type":"Pig","shape":"Rect","angle":0.0,"hollow":false,"x":546,"y":291,"width":14,"height":10},"distanceOfClosestPig":142.0,"active":false,"unvisitedChildren":0,"miniMaxValue":0.0}
{"shotId":65,"originStateId":27,"birdIndex":0,"times":0,"tapInterval":0,"target":{"x":797,"y":379},"releasePoint":{"x":-152,"y":890},"shot":{"x":193,"y":328,"dx":-345,"dy":562,"t_tap":0},"aim":{"type":"Wood","shape":"Rect","angle":0.0,"hollow":false,"x":797,"y":379,"width":9,"height":2},"closestPig":{"type":"Pig","shape":"Rect","angle":0.0,"hollow":false,"x":546,"y":291,"width":14,"height":10},"distanceOfClosestPig":257.0,"active":false,"unvisitedChildren":0,"miniMaxValue":0.0}
{"shotId":66,"originStateId":27,"birdIndex":0,"times":0,"tapInterval":0,"target":{"x":532,"y":334},"releasePoint":{"x":18,"y":964},"shot":{"x":193,"y":328,"dx":-175,"dy":636,"t_tap":0},"aim":{"type":"Ice","shape":"Rect","angle":0.0,"hollow":false,"x":532,"y":334,"width":6,"height":24},"closestPig":{"type":"Pig","shape":"Rect","angle":0.0,"hollow":false,"x":546,"y":291,"width":14,"height":10},"distanceOfClosestPig":43.0,"active":false,"unvisitedChildren":0,"miniMaxValue":0.0}
{"shotId":67,"originStateId":27,"birdIndex":2,"birdType":"RedBird","times":1,"tapInterval":0,"target":{"x":546,"y":291},"releasePoint":{"x":-397,"y":622},"shot":{"x":193,"y":328,"dx":-590,"dy":294,"t_tap":0},"aim":{"type":"Pig","shape":"Rect","angle":0.0,"hollow":false,"x":546,"y":291,"width":14,"height":10},"closestPig":{"type":"Pig","shape":"Rect","angle":0.0,"hollow":false,"x":546,"y":291,"width":14,"height":10},"distanceOfClosestPig":8.0,"active":false,"unvisitedChildren":0,"miniMaxValue":19120.0}
{"shotId":68,"originStateId":27,"birdIndex":2,"birdType":"RedBird","times":1,"tapInterval":0,"target":{"x":546,"y":291},"releasePoint":{"x":1,"y":959},"shot":{"x":193,"y":328,"dx":-192,"dy":631,"t_tap":0},"aim":{"type":"Pig","shape":"Rect","angle":0.0,"hollow":false,"x":546,"y":291,"width":14,"height":10},"closestPig":{"type":"Pig","shape":"Rect","angle":0.0,"hollow":false,"x":546,"y":291,"width":14,"height":10},"distanceOfClosestPig":8.0,"active":false,"unvisitedChildren":0,"miniMaxValue":18710.0}
{"shotId":69,"originStateId":27,"birdIndex":0,"times":0,"tapInterval":0,"target":{"x":546,"y":301},"releasePoint":{"x":-409,"y":598},"shot":{"x":193,"y":328,"dx":-602,"dy":270,"t_tap":0},"aim":{"type":"Pig","shape":"Rect","angle":0.0,"hollow":false,"x":546,"y":291,"width":14,"height":10},"closestPig":{"type":"Pig","shape":"Rect","angle":0.0,"hollow":false,"x":546,"y":291,"width":14,"height":10},"distanceOfClosestPig":8.0,"active":false,"unvisitedChildren":0,"miniMaxValue":0.0}
{"shotId":70,"originStateId":27,"birdIndex":0,"times":0,"tapInterval":0,"target":{"x":546,"y":301},"releasePoint":{"x":3,"y":960},"shot":{"x":193,"y":328,"dx":-190,"dy":632,"t_tap":0},"aim":{"type":"Pig","shape":"Rect","angle":0.0,"hollow":false,"x":546,"y":291,"width":14,"height":10},"closestPig":{"type":"Pig","shape":"Rect","angle":0.0,"hollow":false,"x":546,"y":291,"width":14,"height":10},"distanceOfClosestPig":8.0,"active":false,"unvisitedChildren":0,"miniMaxValue":0.0}
{"shotId":101,"originStateId":1,"birdIndex":1,"birdType":"RedBird","times":0,"tapInterval":0,"target":{"x":490,"y":355},"releasePoint":{"x":-459,"y":424},"shot":{"x":193,"y":328,"dx":-652,"dy":96,"t_tap":0},"aim":{"type":"Wood","shape":"Rect","angle":0.0,"hollow":false,"x":490,"y":355,"width":2,"height":9},"closestPig":{"type":"Pig","shape":"Rect","angle":0.0,"hollow":false,"x":536,"y":291,"width":14,"height":10},"distanceOfClosestPig":79.0,"active":false,"unvisitedChildren":28,"miniMaxValue":0.0}
{"shotId":131,"originStateId":1,"birdIndex":0,"times":0,"tapInterval":0,"target":{"x":537,"y":237},"releasePoint":{"x":-381,"y":710},"shot":{"x":180,"y":326,"dx":-561,"dy":384,"t_tap":0},"aim":{"type":"Stone","shape":"Rect","angle":0.0,"hollow":false,"x":537,"y":237,"width":10,"height":9},"closestPig":{"type":"Pig","shape":"Rect","angle":0.0,"hollow":false,"x":534,"y":287,"width":11,"height":10},"distanceOfClosestPig":55.0,"active":false,"unvisitedChildren":0,"miniMaxValue":0.0}
{"shotId":132,"originStateId":1,"birdIndex":0,"times":0,"tapInterval":0,"target":{"x":537,"y":237},"releasePoint":{"x":-19,"y":976},"shot":{"x":180,"y":326,"dx":-199,"dy":650,"t_tap":0},"aim":{"type":"Stone","shape":"Rect","angle":0.0,"hollow":false,"x":537,"y":237,"width":10,"height":9},"closestPig":{"type":"Pig","shape":"Rect","angle":0.0,"hollow":false,"x":534,"y":287,"width":11,"height":10},"distanceOfClosestPig":55.0,"active":false,"unvisitedChildren":0,"miniMaxValue":0.0}
{"shotId":133,"originStateId":1,"birdIndex":0,"times":0,"tapInterval":0,"target":{"x":540,"y":221},"releasePoint":{"x":-361,"y":737},"shot":{"x":180,"y":326,"dx":-541,"dy":411,"t_tap":0},"aim":{"type":"Wood","shape":"Rect","angle":0.0,"hollow":false,"x":540,"y":221,"width":3,"height":10},"closestPig":{"type":"Pig","shape":"Rect","angle":0.0,"hollow":false,"x":534,"y":287,"width":11,"height":10},"distanceOfClosestPig":71.0,"active":false,"unvisitedChildren":0,"miniMaxValue":0.0}
{"shotId":134,"originStateId":1,"birdIndex":0,"times":0,"tapInterval":0,"target":{"x":540,"y":221},"releasePoint":{"x":-26,"y":973},"shot":{"x":180,"y":326,"dx":-206,"dy":647,"t_tap":0},"aim":{"type":"Wood","shape":"Rect","angle":0.0,"hollow":false,"x":540,"y":221,"width":3,"height":10},"closestPig":{"type":"Pig","shape":"Rect","angle":0.0,"hollow":false,"x":534,"y":287,"width":11,"height":10},"distanceOfClosestPig":71.0,"active":false,"unvisitedChildren":0,"miniMaxValue":0.0}
{"shotId":135,"originStateId":1,"birdIndex":0,"times":0,"tapInterval":0,"target":{"x":540,"y":231},"releasePoint":{"x":-374,"y":720},"shot":{"x":180,"y":326,"dx":-554,"dy":394,"t_tap":0},"aim":{"type":"Wood","shape":"Rect","angle":0.0,"hollow":false,"x":540,"y":221,"width":3,"height":10},"closestPig":{"type":"Pig","shape":"Rect","angle":0.0,"hollow":false,"x":534,"y":287,"width":11,"height":10},"distanceOfClosestPig":61.0,"active":false,"unvisitedChildren":0,"miniMaxValue":0.0}
{"shotId":136,"originStateId":1,"birdIndex":0,"times":0,"tapInterval":0,"target":{"x":540,"y":231},"releasePoint":{"x":-23,"y":974},"shot":{"x":180,"y":326,"dx":-203,"dy":648,"t_tap":0},"aim":{"type":"Wood","shape":"Rect","angle":0.0,"hollow":false,"x":540,"y":221,"width":3,"height":10},"closestPig":{"type":"Pig","shape":"Rect","angle":0.0,"hollow":false,"x":534,"y":287,"width":11,"height":10},"distanceOfClosestPig":61.0,"active":false,"unvisitedChildren":0,"miniMaxValue":0.0}
{"shotId":137,"originStateId":1,"birdIndex":0,"times":0,"tapInterval":0,"target":{"x":530,"y":248},"releasePoint":{"x":-394,"y":689},"shot":{"x":180,"y":326,"dx":-574,"dy":363,"t_tap":0},"aim":{"type":"Wood","shape":"Rect","angle":0.0,"hollow":false,"x":530,"y":248,"width":22,"height":3},"closestPig":{"type":"Pig","shape":"Rect","angle":0.0,"hollow":false,"x":534,"y":287,"width":11,"height":10},"distanceOfClosestPig":44.0,"active":false,"unvisitedChildren":0,"miniMaxValue":0.0}
{"shotId":138,"originStateId":1,"birdIndex":1,"birdType":"RedBird","times":1,"tapInterval":0,"target":{"x":530,"y":248},"releasePoint":{"x":-12,"y":978},"shot":{"x":180,"y":326,"dx":-192,"dy":652,"t_tap":0},"aim":{"type":"Wood","shape":"Rect","angle":0.0,"hollow":false,"x":530,"y":248,"width":22,"height":3},"closestPig":{"type":"Pig","shape":"Rect","angle":0.0,"hollow":false,"x":534,"y":287,"width":11,"height":10},"distanceOfClosestPig":44.0,"active":false,"unvisitedChildren":0,"miniMaxValue":29710.0}
{"shotId":139,"originStateId":1,"birdIndex":0,"times":0,"tapInterval":0,"target":{"x":540,"y":248},"releasePoint":{"x":-393,"y":692},"shot":{"x":180,"y":326,"dx":-573,"dy":366,"t_tap":0},"aim":{"type":"Wood","shape":"Rect","angle":0.0,"hollow":false,"x":530,"y":248,"width":22,"height":3},"closestPig":{"type":"Pig","shape":"Rect","angle":0.0,"hollow":false,"x":534,"y":287,"width":11,"height":10},"distanceOfClosestPig":44.0,"active":false,"unvisitedChildren":0,"miniMaxValue":0.0}
{"shotId":140,"originStateId":1,"birdIndex":0,"times":0,"tapInterval":0,"target":{"x":550,"y":248},"releasePoint":{"x":-391,"y":693},"shot":{"x":180,"y":326,"dx":-571,"dy":367,"t_tap":0},"aim":{"type":"Wood","shape":"Rect","angle":0.0,"hollow":false,"x":530,"y":248,"width":22,"height":3},"closestPig":{"type":"Pig","shape":"Rect","angle":0.0,"hollow":false,"x":534,"y":287,"width":11,"height":10},"distanceOfClosestPig":45.0,"active":false,"unvisitedChildren":0,"miniMaxValue":0.0}
{"shotId":141,"originStateId":1,"birdIndex":0,"times":0,"tapInterval":0,"target":{"x":526,"y":253},"releasePoint":{"x":-400,"y":680},"shot":{"x":180,"y":326,"dx":-580,"dy":354,"t_tap":0},"aim":{"type":"Wood","shape":"Rect","angle":0.0,"hollow":false,"x":526,"y":253,"width":3,"height":51},"closestPig":{"type":"Pig","shape":"Rect","angle":0.0,"hollow":false,"x":534,"y":287,"width":11,"height":10},"distanceOfClosestPig":41.0,"active":false,"unvisitedChildren":0,"miniMaxValue":0.0}
{"shotId":142,"originStateId":1,"birdIndex":0,"times":0,"tapInterval":0,"target":{"x":526,"y":253},"releasePoint":{"x":-7,"y":979},"shot":{"x":180,"y":326,"dx":-187,"dy":653,"t_tap":0},"aim":{"type":"Wood","shape":"Rect","angle":0.0,"hollow":false,"x":526,"y":253,"width":3,"height":51},"closestPig":{"type":"Pig","shape":"Rect","angle":0.0,"hollow":false,"x":534,"y":287,"width":11,"height":10},"distanceOfClosestPig":41.0,"active":false,"unvisitedChildren":0,"miniMaxValue":0.0}
{"shotId":143,"originStateId":1,"birdIndex":0,"times":0,"tapInterval":0,"target":{"x":526,"y":263},"releasePoint":{"x":-409,"y":664},"shot":{"x":180,"y":326,"dx":-589,"dy":338,"t_tap":0},"aim":{"type":"Wood","shape":"Rect","angle":0.0,"hollow":false,"x":526,"y":253,"width":3,"height":51},"closestPig":{"type":"Pig","shape":"Rect","angle":0.0,"hollow":false,"x":534,"y":287,"width":11,"height":10},"distanceOfClosestPig":31.0,"active":false,"unvisitedChildren":0,"miniMaxValue":0.0}
{"shotId":144,"originStateId":1,"birdIndex":0,"times":0,"tapInterval":0,"target":{"x":526,"y":263},"releasePoint":{"x":-5,"y":980},"shot":{"x":180,"y":326,"dx":-185,"dy":654,"t_tap":0},"aim":{"type":"Wood","shape":"Rect","angle":0.0,"hollow":false,"x":526,"y":253,"width":3,"height":51},"closestPig":{"type":"Pig","shape":"Rect","angle":0.0,"hollow":false,"x":534,"y":287,"width":11,"height":10},"distanceOfClosestPig":31.0,"active":false,"unvisitedChildren":0,"miniMaxValue":0.0}
{"shotId":145,"originStateId":1,"birdIndex":0,"times":0,"tapInterval":0,"target":{"x":526,"y":273},"releasePoint":{"x":-420,"y":645},"shot":{"x":180,"y":326,"dx":-600,"dy":319,"t_tap":0},"aim":{"type":"Wood","shape":"Rect","angle":0.0,"hollow":false,"x":526,"y":253,"width":3,"height":51},"closestPig":{"type":"Pig","shape":"Rect","angle":0.0,"hollow":false,"x":534,"y":287,"width":11,"height":10},"distanceOfClosestPig":23.0,"active":false,"unvisitedChildren":0,"miniMaxValue":0.0}
{"shotId":146,"originStateId":1,"birdIndex":0,"times":0,"tapInterval":0,"target":{"x":526,"y":273},"releasePoint":{"x":-3,"y":980},"shot":{"x":180,"y":326,"dx":-183,"dy":654,"t_tap":0},"aim":{"type":"Wood","shape":"Rect","angle":0.0,"hollow":false,"x":526,"y":253,"width":3,"height":51},"closestPig":{"type":"Pig","shape":"Rect","angle":0.0,"hollow":false,"x":534,"y":287,"width":11,"height":10},"distanceOfClosestPig":23.0,"active":false,"unvisitedChildren":0,"miniMaxValue":0.0}
{"shotId":147,"originStateId":1,"birdIndex":0,"times":0,"tapInterval":0,"target":{"x":526,"y":283},"releasePoint":{"x":-429,"y":626},"shot":{"x":180,"y":326,"dx":-609,"dy":300,"t_tap":0},"aim":{"type":"Wood","shape":"Rect","angle":0.0,"hollow":false,"x":526,"y":253,"width":3,"height":51},"closestPig":{"type":"Pig","shape":"Rect","angle":0.0,"hollow":false,"x":534,"y":287,"width":11,"height":10},"distanceOfClosestPig":15.0,"active":false,"unvisitedChildren":0,"miniMaxValue":0.0}
{"shotId":148,"originStateId":1,"birdIndex":0,"times":0,"tapInterval":0,"target":{"x":526,"y":283},"releasePoint":{"x":-1,"y":981},"shot":{"x":180,"y":326,"dx":-181,"dy":655,"t_tap":0},"aim":{"type":"Wood","shape":"Rect","angle":0.0,"hollow":false,"x":526,"y":253,"width":3,"height":51},"closestPig":{"type":"Pig","shape":"Rect","angle":0.0,"hollow":false,"x":534,"y":287,"width":11,"height":10},"distanceOfClosestPig":15.0,"active":false,"unvisitedChildren":0,"miniMaxValue":0.0}
{"shotId":149,"originStateId":1,"birdIndex":1,"birdType":"RedBird","times":1,"tapInterval":0,"target":{"x":526,"y":293},"releasePoint":{"x":-441,"y":602},"shot":{"x":180,"y":326,"dx":-621,"dy":276,"t_tap":0},"aim":{"type":"Wood","shape":"Rect","angle":0.0,"hollow":false,"x":526,"y":253,"width":3,"height":51},"closestPig":{"type":"Pig","shape":"Rect","angle":0.0,"hollow":false,"x":534,"y":287,"width":11,"height":10},"distanceOfClosestPig":13.0,"active":false,"unvisitedChildren":0,"miniMaxValue":31510.0}
{"shotId":150,"originStateId":1,"birdIndex":0,"times":0,"tapInterval":0,"target":{"x":526,"y":293},"releasePoint":{"x":1,"y":982},"shot":{"x":180,"y":326,"dx":-179,"dy":656,"t_tap":0},"aim":{"type":"Wood","shape":"Rect","angle":0.0,"hollow":false,"x":526,"y":253,"width":3,"height":51},"closestPig":{"type":"Pig","shape":"Rect","angle":0.0,"hollow":false,"x":534,"y":287,"width":11,"height":10},"distanceOfClosestPig":13.0,"active":false,"unvisitedChildren":0,"miniMaxValue":0.0}
{"shotId":151,"originStateId":1,"birdIndex":0,"times":0,"tapInterval":0,"target":{"x":526,"y":303},"releasePoint":{"x":-449,"y":583},"shot":{"x":180,"y":326,"dx":-629,"dy":257,"t_tap":0},"aim":{"type":"Wood","shape":"Rect","angle":0.0,"hollow":false,"x":526,"y":253,"width":3,"height":51},"closestPig":{"type":"Pig","shape":"Rect","angle":0.0,"hollow":false,"x":534,"y":287,"width":11,"height":10},"distanceOfClosestPig":17.0,"active":false,"unvisitedChildren":0,"miniMaxValue":0.0}
{"shotId":152,"originStateId":1,"birdIndex":0,"times":0,"tapInterval":0,"target":{"x":526,"y":303},"releasePoint":{"x":3,"y":982},"shot":{"x":180,"y":326,"dx":-177,"dy":656,"t_tap":0},"aim":{"type":"Wood","shape":"Rect","angle":0.0,"hollow":false,"x":526,"y":253,"width":3,"height":51},"closestPig":{"type":"Pig","shape":"Rect","angle":0.0,"hollow":false,"x":534,"y":287,"width":11,"height":10},"distanceOfClosestPig":17.0,"active":false,"unvisitedChildren":0,"miniMaxValue":0.0}
{"shotId":153,"originStateId":1,"birdIndex":0,"times":0,"tapInterval":0,"target":{"x":513,"y":313},"releasePoint":{"x":-461,"y":551},"shot":{"x":180,"y":326,"dx":-641,"dy":225,"t_tap":0},"aim":{"type":"Wood","shape":"Rect","angle":0.0,"hollow":false,"x":513,"y":313,"width":4,"height":52},"closestPig":{"type":"Pig","shape":"Rect","angle":0.0,"hollow":false,"x":534,"y":287,"width":11,"height":10},"distanceOfClosestPig":33.0,"active":false,"unvisitedChildren":0,"miniMaxValue":0.0}
{"shotId":154,"originStateId":1,"birdIndex":0,"times":0,"tapInterval":0,"target":{"x":513,"y":323},"releasePoint":{"x":-468,"y":531},"shot":{"x":180,"y":326,"dx":-648,"dy":205,"t_tap":0},"aim":{"type":"Wood","shape":"Rect","angle":0.0,"hollow":false,"x":513,"y":313,"width":4,"height":52},"closestPig":{"type":"Pig","shape":"Rect","angle":0.0,"hollow":false,"x":534,"y":287,"width":11,"height":10},"distanceOfClosestPig":40.0,"active":false,"unvisitedChildren":0,"miniMaxValue":0.0}
{"shotId":155,"originStateId":1,"birdIndex":0,"times":0,"tapInterval":0,"target":{"x":513,"y":333},"releasePoint":{"x":-474,"y":510},"shot":{"x":180,"y":326,"dx":-654,"dy":184,"t_tap":0},"aim":{"type":"Wood","shape":"Rect","angle":0.0,"hollow":false,"x":513,"y":313,"width":4,"height":52},"closestPig":{"type":"Pig","shape":"Rect","angle":0.0,"hollow":false,"x":534,"y":287,"width":11,"height":10},"distanceOfClosestPig":48.0,"active":false,"unvisitedChildren":0,"miniMaxValue":0.0}
{"shotId":156,"originStateId":1,"birdIndex":0,"times":0,"tapInterval":0,"target":{"x":513,"y":343},"releasePoint":{"x":-481,"y":484},"shot":{"x":180,"y":326,"dx":-661,"dy":158,"t_tap":0},"aim":{"type":"Wood","shape":"Rect","angle":0.0,"hollow":false,"x":513,"y":313,"width":4,"height":52},"closestPig":{"type":"Pig","shape":"Rect","angle":0.0,"hollow":false,"x":534,"y":287,"width":11,"height":10},"distanceOfClosestPig":57.0,"active":false,"unvisitedChildren":0,"miniMaxValue":0.0}
{"shotId":157,"originStateId":1,"birdIndex":0,"times":0,"tapInterval":0,"target":{"x":513,"y":353},"releasePoint":{"x":-486,"y":462},"shot":{"x":180,"y":326,"dx":-666,"dy":136,"t_tap":0},"aim":{"type":"Wood","shape":"Rect","angle":0.0,"hollow":false,"x":513,"y":313,"width":4,"height":52},"closestPig":{"type":"Pig","shape":"Rect","angle":0.0,"hollow":false,"x":534,"y":287,"width":11,"height":10},"distanceOfClosestPig":66.0,"active":false,"unvisitedChildren":0,"miniMaxValue":0.0}
{"shotId":158,"originStateId":1,"birdIndex":0,"times":0,"tapInterval":0,"target":{"x":484,"y":354},"releasePoint":{"x":-493,"y":422},"shot":{"x":180,"y":326,"dx":-673,"dy":96,"t_tap":0},"aim":{"type":"Wood","shape":"Rect","angle":0.0,"hollow":false,"x":484,"y":354,"width":3,"height":10},"closestPig":{"type":"Pig","shape":"Rect","angle":0.0,"hollow":false,"x":534,"y":287,"width":11,"height":10},"distanceOfClosestPig":82.0,"active":false,"unvisitedChildren":0,"miniMaxValue":0.0}
{"shotId":159,"originStateId":1,"birdIndex":0,"times":0,"tapInterval":0,"target":{"x":484,"y":364},"releasePoint":{"x":-495,"y":400},"shot":{"x":180,"y":326,"dx":-675,"dy":74,"t_tap":0},"aim":{"type":"Wood","shape":"Rect","angle":0.0,"hollow":false,"x":484,"y":354,"width":3,"height":10},"closestPig":{"type":"Pig","shape":"Rect","angle":0.0,"hollow":false,"x":534,"y":287,"width":11,"height":10},"distanceOfClosestPig":90.0,"active":false,"unvisitedChildren":0,"miniMaxValue":0.0}
{"shotId":160,"originStateId":1,"birdIndex":0,"times":0,"tapInterval":0,"target":{"x":821,"y":203},"releasePoint":{"x":-300,"y":806},"shot":{"x":180,"y":326,"dx":-480,"dy":480,"t_tap":0},"aim":{"type":"Ice","shape":"Rect","angle":0.0,"hollow":false,"x":821,"y":13,"width":18,"height":202},"closestPig":{"type":"Pig","shape":"Rect","angle":0.0,"hollow":false,"x":534,"y":287,"width":11,"height":10},"distanceOfClosestPig":295.0,"active":false,"unvisitedChildren":0,"miniMaxValue":0.0}
{"shotId":161,"originStateId":1,"birdIndex":0,"times":0,"tapInterval":0,"target":{"x":821,"y":213},"releasePoint":{"x":-300,"y":806},"shot":{"x":180,"y":326,"dx":-480,"dy":480,"t_tap":0},"aim":{"type":"Ice","shape":"Rect","angle":0.0,"hollow":false,"x":821,"y":13,"width":18,"height":202},"closestPig":{"type":"Pig","shape":"Rect","angle":0.0,"hollow":false,"x":534,"y":287,"width":11,"height":10},"distanceOfClosestPig":292.0,"active":false,"unvisitedChildren":0,"miniMaxValue":0.0}
{"shotId":162,"originStateId":1,"birdIndex":0,"times":0,"tapInterval":0,"target":{"x":635,"y":94},"releasePoint":{"x":-300,"y":806},"shot":{"x":180,"y":326,"dx":-480,"dy":480,"t_tap":0},"aim":{"type":"Ice","shape":"Rect","angle":0.0,"hollow":false,"x":635,"y":94,"width":44,"height":19},"closestPig":{"type":"Pig","shape":"Rect","angle":0.0,"hollow":false,"x":534,"y":287,"width":11,"height":10},"distanceOfClosestPig":220.0,"active":false,"unvisitedChildren":0,"miniMaxValue":0.0}
{"shotId":163,"originStateId":1,"birdIndex":0,"times":0,"tapInterval":0,"target":{"x":635,"y":104},"releasePoint":{"x":-300,"y":806},"shot":{"x":180,"y":326,"dx":-480,"dy":480,"t_tap":0},"aim":{"type":"Ice","shape":"Rect","angle":0.0,"hollow":false,"x":635,"y":94,"width":44,"height":19},"closestPig":{"type":"Pig","shape":"Rect","angle":0.0,"hollow":false,"x":534,"y":287,"width":11,"height":10},"distanceOfClosestPig":211.0,"active":false,"unvisitedChildren":0,"miniMaxValue":0.0}
{"shotId":164,"originStateId":1,"birdIndex":0,"times":0,"tapInterval":0,"target":{"x":652,"y":102},"releasePoint":{"x":-300,"y":806},"shot":{"x":180,"y":326,"dx":-480,"dy":480,"t_tap":0},"aim":{"type":"Ice","shape":"Rect","angle":0.0,"hollow":false,"x":652,"y":102,"width":11,"height":4},"closestPig":{"type":"Pig","shape":"Rect","angle":0.0,"hollow":false,"x":534,"y":287,"width":11,"height":10},"distanceOfClosestPig":221.0,"active":false,"unvisitedChildren":0,"miniMaxValue":0.0}
{"shotId":165,"originStateId":1,"birdIndex":1,"birdType":"RedBird","times":1,"tapInterval":0,"target":{"x":544,"y":287},"releasePoint":{"x":-11,"y":978},"shot":{"x":180,"y":326,"dx":-191,"dy":652,"t_tap":0},"aim":{"type":"Pig","shape":"Rect","angle":0.0,"hollow":false,"x":534,"y":287,"width":11,"height":10},"closestPig":{"type":"Pig","shape":"Rect","angle":0.0,"hollow":false,"x":534,"y":287,"width":11,"height":10},"distanceOfClosestPig":7.0,"active":false,"unvisitedChildren":0,"miniMaxValue":28370.0}
{"shotId":166,"originStateId":1,"birdIndex":0,"times":0,"tapInterval":0,"target":{"x":671,"y":388},"releasePoint":{"x":-49,"y":941},"shot":{"x":193,"y":328,"dx":-242,"dy":613,"t_tap":0},"aim":{"type":"Wood","shape":"Rect","angle":0.0,"hollow":false,"x":671,"y":388,"width":1,"height":19},"closestPig":{"type":"Pig","shape":"Rect","angle":0.0,"hollow":false,"x":536,"y":291,"width":14,"height":10},"distanceOfClosestPig":157.0,"active":false,"unvisitedChildren":0,"miniMaxValue":0.0}
{"shotId":167,"originStateId":1,"birdIndex":0,"times":0,"tapInterval":0,"target":{"x":671,"y":398},"releasePoint":{"x":-46,"y":943},"shot":{"x":193,"y":328,"dx":-239,"dy":615,"t_tap":0},"aim":{"type":"Wood","shape":"Rect","angle":0.0,"hollow":false,"x":671,"y":388,"width":1,"height":19},"closestPig":{"type":"Pig","shape":"Rect","angle":0.0,"hollow":false,"x":536,"y":291,"width":14,"height":10},"distanceOfClosestPig":163.0,"active":false,"unvisitedChildren":0,"miniMaxValue":0.0}
{"shotId":168,"originStateId":1,"birdIndex":0,"times":0,"tapInterval":0,"target":{"x":651,"y":398},"releasePoint":{"x":-33,"y":947},"shot":{"x":193,"y":328,"dx":-226,"dy":619,"t_tap":0},"aim":{"type":"Wood","shape":"Rect","angle":0.0,"hollow":false,"x":651,"y":398,"width":3,"height":5},"closestPig":{"type":"Pig","shape":"Rect","angle":0.0,"hollow":false,"x":536,"y":291,"width":14,"height":10},"distanceOfClosestPig":148.0,"active":false,"unvisitedChildren":0,"miniMaxValue":0.0}
{"shotId":169,"originStateId":1,"birdIndex":0,"times":0,"tapInterval":0,"target":{"x":668,"y":451},"releasePoint":{"x":-32,"y":948},"shot":{"x":193,"y":328,"dx":-225,"dy":620,"t_tap":0},"aim":{"type":"Wood","shape":"Rect","angle":0.0,"hollow":false,"x":668,"y":441,"width":1,"height":14},"closestPig":{"type":"Pig","shape":"Rect","angle":0.0,"hollow":false,"x":536,"y":291,"width":14,"height":10},"distanceOfClosestPig":199.0,"active":false,"unvisitedChildren":0,"miniMaxValue":0.0}
