{"stateId":1,"originShotId":-1,"birdIndex":0,"times":0,"score":0,"totalScore":0,"finalState":false,"active":false,"unvisitedChildren":3660,"miniMaxValue":0.0}
{"stateId":6,"originShotId":1,"birdIndex":0,"times":2,"score":88420,"totalScore":88420,"finalState":true,"active":false,"unvisitedChildren":0,"miniMaxValue":88420.0}
{"stateId":7,"originShotId":7,"birdIndex":0,"times":2,"score":31870,"totalScore":31870,"finalState":false,"active":false,"unvisitedChildren":502,"miniMaxValue":27100.0}
{"stateId":8,"originShotId":838,"birdIndex":0,"times":1,"score":27100,"totalScore":48460,"finalState":true,"active":false,"unvisitedChildren":0,"miniMaxValue":27100.0}
{"stateId":13,"originShotId":36,"birdIndex":0,"times":1,"score":6720,"totalScore":6720,"finalState":false,"active":false,"unvisitedChildren":262,"miniMaxValue":32270.0}
{"stateId":14,"originShotId":1561,"birdIndex":0,"times":1,"score":50,"totalScore":6770,"finalState":false,"active":false,"unvisitedChildren":116,"miniMaxValue":32270.0}
{"stateId":15,"originShotId":1799,"birdIndex":0,"times":1,"score":32270,"totalScore":39040,"finalState":true,"active":false,"unvisitedChildren":0,"miniMaxValue":32270.0}
{"stateId":16,"originShotId":924,"birdIndex":0,"times":1,"score":3360,"totalScore":24380,"finalState":false,"active":false,"unvisitedChildren":259,"miniMaxValue":0.0}
{"stateId":17,"originShotId":1843,"birdIndex":0,"times":1,"score":2140,"totalScore":26520,"finalState":false,"active":false,"unvisitedChildren":131,"miniMaxValue":0.0}
{"stateId":18,"originShotId":2044,"birdIndex":0,"times":1,"score":0,"totalScore":26520,"finalState":true,"active":false,"unvisitedChildren":0,"miniMaxValue":0.0}
{"stateId":24,"originShotId":39,"birdIndex":0,"times":1,"score":56890,"totalScore":56890,"finalState":true,"active":false,"unvisitedChildren":0,"miniMaxValue":56890.0}
{"stateId":25,"originShotId":20,"birdIndex":0,"times":1,"score":1510,"totalScore":1510,"finalState":false,"active":false,"unvisitedChildren":462,"miniMaxValue":0.0}
{"stateId":26,"originShotId":2526,"birdIndex":0,"times":1,"score":24270,"totalScore":25780,"finalState":false,"active":false,"unvisitedChildren":316,"miniMaxValue":0.0}
{"stateId":27,"originShotId":2710,"birdIndex":0,"times":1,"score":3620,"totalScore":29400,"finalState":false,"active":false,"unvisitedChildren":164,"miniMaxValue":0.0}
{"stateId":28,"originShotId":2869,"birdIndex":0,"times":1,"score":0,"totalScore":29400,"finalState":true,"active":false,"unvisitedChildren":0,"miniMaxValue":0.0}
{"stateId":29,"originShotId":19,"birdIndex":0,"times":1,"score":6450,"totalScore":6450,"finalState":false,"active":false,"unvisitedChildren":286,"miniMaxValue":32540.0}
{"stateId":30,"originShotId":3004,"birdIndex":0,"times":1,"score":50,"totalScore":6500,"finalState":false,"active":false,"unvisitedChildren":131,"miniMaxValue":32540.0}
{"stateId":31,"originShotId":3254,"birdIndex":0,"times":1,"score":32540,"totalScore":39040,"finalState":true,"active":false,"unvisitedChildren":0,"miniMaxValue":32540.0}
{"stateId":37,"originShotId":21,"birdIndex":0,"times":1,"score":7810,"totalScore":7810,"finalState":false,"active":false,"unvisitedChildren":143,"miniMaxValue":44300.0}
{"stateId":38,"originShotId":3726,"birdIndex":0,"times":1,"score":44300,"totalScore":52110,"finalState":true,"active":false,"unvisitedChildren":0,"miniMaxValue":44300.0}
{"stateId":39,"originShotId":2,"birdIndex":0,"times":1,"score":55160,"totalScore":55160,"finalState":true,"active":false,"unvisitedChildren":0,"miniMaxValue":55160.0}
{"stateId":48,"originShotId":12,"birdIndex":0,"times":1,"score":23420,"totalScore":23420,"finalState":false,"active":false,"unvisitedChildren":134,"miniMaxValue":26250.0}
{"stateId":49,"originShotId":4580,"birdIndex":0,"times":1,"score":26250,"totalScore":49670,"finalState":true,"active":false,"unvisitedChildren":0,"miniMaxValue":26250.0}
{"stateId":50,"originShotId":4,"birdIndex":0,"times":1,"score":27550,"totalScore":27550,"finalState":false,"active":false,"unvisitedChildren":122,"miniMaxValue":28130.0}
{"stateId":51,"originShotId":4722,"birdIndex":0,"times":1,"score":28130,"totalScore":55680,"finalState":true,"active":false,"unvisitedChildren":0,"miniMaxValue":28130.0}
{"stateId":52,"originShotId":40,"birdIndex":0,"times":1,"score":6360,"totalScore":6360,"finalState":false,"active":false,"unvisitedChildren":259,"miniMaxValue":26610.0}
{"stateId":53,"originShotId":4941,"birdIndex":0,"times":1,"score":2020,"totalScore":8380,"finalState":false,"active":false,"unvisitedChildren":122,"miniMaxValue":26610.0}
{"stateId":54,"originShotId":5013,"birdIndex":0,"times":1,"score":26610,"totalScore":34990,"finalState":true,"active":false,"unvisitedChildren":0,"miniMaxValue":26610.0}
{"stateId":55,"originShotId":41,"birdIndex":0,"times":1,"score":6530,"totalScore":6530,"finalState":false,"active":false,"unvisitedChildren":474,"miniMaxValue":0.0}
{"stateId":56,"originShotId":5146,"birdIndex":0,"times":1,"score":1220,"totalScore":7750,"finalState":false,"active":false,"unvisitedChildren":325,"miniMaxValue":0.0}
{"stateId":57,"originShotId":5337,"birdIndex":0,"times":1,"score":18950,"totalScore":26700,"finalState":false,"active":false,"unvisitedChildren":185,"miniMaxValue":0.0}
{"stateId":58,"originShotId":5542,"birdIndex":0,"times":1,"score":0,"totalScore":26700,"finalState":true,"active":false,"unvisitedChildren":0,"miniMaxValue":0.0}
{"stateId":59,"originShotId":18,"birdIndex":0,"times":1,"score":6320,"totalScore":6320,"finalState":false,"active":false,"unvisitedChildren":137,"miniMaxValue":43010.0}
{"stateId":60,"originShotId":5607,"birdIndex":0,"times":1,"score":43010,"totalScore":49330,"finalState":true,"active":false,"unvisitedChildren":0,"miniMaxValue":43010.0}
{"stateId":61,"originShotId":38,"birdIndex":0,"times":1,"score":55200,"totalScore":55200,"finalState":true,"active":false,"unvisitedChildren":0,"miniMaxValue":55200.0}
{"stateId":62,"originShotId":4,"birdIndex":0,"times":1,"score":26500,"totalScore":26500,"finalState":false,"active":false,"unvisitedChildren":265,"miniMaxValue":15780.0}
{"stateId":63,"originShotId":5808,"birdIndex":0,"times":1,"score":4500,"totalScore":31000,"finalState":false,"active":false,"unvisitedChildren":140,"miniMaxValue":15780.0}
{"stateId":64,"originShotId":5875,"birdIndex":0,"times":1,"score":15780,"totalScore":46780,"finalState":true,"active":false,"unvisitedChildren":0,"miniMaxValue":15780.0}
{"stateId":65,"originShotId":1,"birdIndex":0,"times":2,"score":88335,"totalScore":88335,"finalState":true,"active":false,"unvisitedChildren":0,"miniMaxValue":88335.0}
{"stateId":67,"originShotId":1,"birdIndex":0,"times":46,"score":59149,"totalScore":59149,"finalState":true,"active":false,"unvisitedChildren":0,"miniMaxValue":58938.0}
{"stateId":68,"originShotId":6018,"birdIndex":0,"times":1,"score":57330,"totalScore":57330,"finalState":true,"active":false,"unvisitedChildren":0,"miniMaxValue":57330.0}
{"stateId":69,"originShotId":5992,"birdIndex":0,"times":1,"score":23660,"totalScore":23660,"finalState":false,"active":false,"unvisitedChildren":131,"miniMaxValue":26090.0}
{"stateId":70,"originShotId":6188,"birdIndex":0,"times":1,"score":26090,"totalScore":49750,"finalState":true,"active":false,"unvisitedChildren":0,"miniMaxValue":26090.0}
