{"stateId":1,"originShotId":-1,"birdIndex":0,"times":0,"score":0,"totalScore":0,"finalState":false,"active":false,"unvisitedChildren":14028,"miniMaxValue":0.0}
{"stateId":2,"originShotId":136,"birdIndex":0,"times":6,"score":8488,"totalScore":8488,"finalState":false,"active":true,"unvisitedChildren":647,"miniMaxValue":22364.0}
{"stateId":3,"originShotId":255,"birdIndex":0,"times":5,"score":8490,"totalScore":17056,"finalState":false,"active":false,"unvisitedChildren":492,"miniMaxValue":22364.0}
{"stateId":4,"originShotId":352,"birdIndex":0,"times":3,"score":10242,"totalScore":27280,"finalState":false,"active":false,"unvisitedChildren":161,"miniMaxValue":18380.0}
{"stateId":5,"originShotId":497,"birdIndex":0,"times":1,"score":17630,"totalScore":45310,"finalState":true,"active":false,"unvisitedChildren":0,"miniMaxValue":17630.0}
{"stateId":6,"originShotId":105,"birdIndex":0,"times":1,"score":11250,"totalScore":11250,"finalState":false,"active":false,"unvisitedChildren":470,"miniMaxValue":8600.0}
{"stateId":7,"originShotId":757,"birdIndex":0,"times":1,"score":10100,"totalScore":21350,"finalState":false,"active":false,"unvisitedChildren":318,"miniMaxValue":8600.0}
{"stateId":8,"originShotId":836,"birdIndex":0,"times":1,"score":9780,"totalScore":31130,"finalState":false,"active":false,"unvisitedChildren":193,"miniMaxValue":8600.0}
{"stateId":9,"originShotId":945,"birdIndex":0,"times":1,"score":3450,"totalScore":34580,"finalState":false,"active":false,"unvisitedChildren":65,"miniMaxValue":8600.0}
{"stateId":10,"originShotId":1052,"birdIndex":0,"times":1,"score":8600,"totalScore":43180,"finalState":true,"active":false,"unvisitedChildren":0,"miniMaxValue":8600.0}
{"stateId":11,"originShotId":120,"birdIndex":0,"times":2,"score":9470,"totalScore":9470,"finalState":false,"active":false,"unvisitedChildren":538,"miniMaxValue":12285.0}
{"stateId":12,"originShotId":1201,"birdIndex":0,"times":2,"score":11910,"totalScore":21380,"finalState":false,"active":false,"unvisitedChildren":407,"miniMaxValue":12285.0}
{"stateId":13,"originShotId":1285,"birdIndex":0,"times":1,"score":11210,"totalScore":32590,"finalState":false,"active":false,"unvisitedChildren":95,"miniMaxValue":17150.0}
{"stateId":14,"originShotId":1403,"birdIndex":0,"times":1,"score":17150,"totalScore":49740,"finalState":true,"active":false,"unvisitedChildren":0,"miniMaxValue":17150.0}
{"stateId":15,"originShotId":125,"birdIndex":0,"times":1,"score":16310,"totalScore":16310,"finalState":false,"active":false,"unvisitedChildren":524,"miniMaxValue":7130.0}
{"stateId":16,"originShotId":1498,"birdIndex":0,"times":1,"score":9950,"totalScore":26260,"finalState":false,"active":false,"unvisitedChildren":369,"miniMaxValue":7130.0}
{"stateId":17,"originShotId":1644,"birdIndex":0,"times":1,"score":4770,"totalScore":31030,"finalState":false,"active":false,"unvisitedChildren":232,"miniMaxValue":7130.0}
{"stateId":18,"originShotId":1821,"birdIndex":0,"times":1,"score":2360,"totalScore":33390,"finalState":false,"active":false,"unvisitedChildren":113,"miniMaxValue":7130.0}
{"stateId":19,"originShotId":1922,"birdIndex":0,"times":1,"score":7130,"totalScore":40520,"finalState":true,"active":false,"unvisitedChildren":0,"miniMaxValue":7130.0}
{"stateId":20,"originShotId":123,"birdIndex":0,"times":5,"score":11555,"totalScore":11555,"finalState":false,"active":false,"unvisitedChildren":1135,"miniMaxValue":16969.2}
{"stateId":21,"originShotId":2141,"birdIndex":0,"times":3,"score":9030,"totalScore":20555,"finalState":false,"active":false,"unvisitedChildren":307,"miniMaxValue":19752.0}
{"stateId":22,"originShotId":2226,"birdIndex":0,"times":3,"score":6980,"totalScore":27535,"finalState":false,"active":false,"unvisitedChildren":146,"miniMaxValue":19752.0}
{"stateId":23,"originShotId":2371,"birdIndex":0,"times":3,"score":19752,"totalScore":47287,"finalState":true,"active":false,"unvisitedChildren":0,"miniMaxValue":19752.0}
{"stateId":24,"originShotId":131,"birdIndex":0,"times":7,"score":8641,"totalScore":8641,"finalState":false,"active":false,"unvisitedChildren":1668,"miniMaxValue":14042.286}
{"stateId":25,"originShotId":2543,"birdIndex":0,"times":6,"score":15305,"totalScore":23948,"finalState":false,"active":false,"unvisitedChildren":1020,"miniMaxValue":13536.0}
{"stateId":26,"originShotId":2653,"birdIndex":0,"times":1,"score":28940,"totalScore":52850,"finalState":true,"active":false,"unvisitedChildren":0,"miniMaxValue":28940.0}
{"stateId":27,"originShotId":138,"birdIndex":0,"times":2,"score":8400,"totalScore":8400,"finalState":false,"active":false,"unvisitedChildren":451,"miniMaxValue":9130.0}
{"stateId":28,"originShotId":2885,"birdIndex":0,"times":1,"score":11940,"totalScore":20410,"finalState":false,"active":false,"unvisitedChildren":304,"miniMaxValue":18260.0}
{"stateId":29,"originShotId":3003,"birdIndex":0,"times":1,"score":9040,"totalScore":29450,"finalState":false,"active":false,"unvisitedChildren":155,"miniMaxValue":18260.0}
{"stateId":30,"originShotId":3134,"birdIndex":0,"times":1,"score":18260,"totalScore":47710,"finalState":true,"active":false,"unvisitedChildren":0,"miniMaxValue":18260.0}
{"stateId":31,"originShotId":129,"birdIndex":0,"times":3,"score":9840,"totalScore":9840,"finalState":false,"active":false,"unvisitedChildren":1155,"miniMaxValue":17260.0}
{"stateId":32,"originShotId":3326,"birdIndex":0,"times":1,"score":9940,"totalScore":19840,"finalState":false,"active":false,"unvisitedChildren":241,"miniMaxValue":17680.0}
{"stateId":33,"originShotId":3443,"birdIndex":0,"times":1,"score":10010,"totalScore":29850,"finalState":false,"active":false,"unvisitedChildren":134,"miniMaxValue":17680.0}
{"stateId":34,"originShotId":3537,"birdIndex":0,"times":1,"score":17680,"totalScore":47530,"finalState":true,"active":false,"unvisitedChildren":0,"miniMaxValue":17680.0}
{"stateId":35,"originShotId":115,"birdIndex":0,"times":1,"score":5870,"totalScore":5870,"finalState":false,"active":false,"unvisitedChildren":405,"miniMaxValue":26840.0}
{"stateId":36,"originShotId":3800,"birdIndex":0,"times":1,"score":9920,"totalScore":15790,"finalState":false,"active":false,"unvisitedChildren":226,"miniMaxValue":26840.0}
{"stateId":37,"originShotId":3923,"birdIndex":0,"times":1,"score":6060,"totalScore":21850,"finalState":false,"active":false,"unvisitedChildren":98,"miniMaxValue":26840.0}
{"stateId":38,"originShotId":3983,"birdIndex":0,"times":1,"score":26840,"totalScore":48690,"finalState":true,"active":false,"unvisitedChildren":0,"miniMaxValue":26840.0}
{"stateId":39,"originShotId":117,"birdIndex":0,"times":1,"score":9920,"totalScore":9920,"finalState":false,"active":false,"unvisitedChildren":518,"miniMaxValue":7730.0}
{"stateId":40,"originShotId":4178,"birdIndex":0,"times":1,"score":1710,"totalScore":11630,"finalState":false,"active":false,"unvisitedChildren":369,"miniMaxValue":7730.0}
{"stateId":41,"originShotId":4319,"birdIndex":0,"times":1,"score":6880,"totalScore":18510,"finalState":false,"active":false,"unvisitedChildren":232,"miniMaxValue":7730.0}
{"stateId":42,"originShotId":4386,"birdIndex":0,"times":1,"score":9420,"totalScore":27930,"finalState":false,"active":false,"unvisitedChildren":134,"miniMaxValue":7730.0}
{"stateId":43,"originShotId":4469,"birdIndex":0,"times":1,"score":7730,"totalScore":35660,"finalState":true,"active":false,"unvisitedChildren":0,"miniMaxValue":7730.0}
{"stateId":44,"originShotId":3344,"birdIndex":0,"times":1,"score":7560,"totalScore":17280,"finalState":false,"active":false,"unvisitedChildren":313,"miniMaxValue":17260.0}
{"stateId":45,"originShotId":4637,"birdIndex":0,"times":1,"score":9160,"totalScore":26440,"finalState":false,"active":false,"unvisitedChildren":155,"miniMaxValue":17260.0}
{"stateId":46,"originShotId":4746,"birdIndex":0,"times":1,"score":17260,"totalScore":43700,"finalState":true,"active":false,"unvisitedChildren":0,"miniMaxValue":17260.0}
{"stateId":47,"originShotId":133,"birdIndex":0,"times":1,"score":9460,"totalScore":9460,"finalState":false,"active":false,"unvisitedChildren":560,"miniMaxValue":0.0}
{"stateId":48,"originShotId":4971,"birdIndex":0,"times":1,"score":6550,"totalScore":16010,"finalState":false,"active":false,"unvisitedChildren":426,"miniMaxValue":0.0}
{"stateId":49,"originShotId":5094,"birdIndex":0,"times":1,"score":2580,"totalScore":18590,"finalState":false,"active":false,"unvisitedChildren":307,"miniMaxValue":0.0}
{"stateId":50,"originShotId":5199,"birdIndex":0,"times":1,"score":8470,"totalScore":27060,"finalState":false,"active":false,"unvisitedChildren":161,"miniMaxValue":0.0}
{"stateId":51,"originShotId":5299,"birdIndex":0,"times":1,"score":0,"totalScore":27060,"finalState":true,"active":false,"unvisitedChildren":0,"miniMaxValue":0.0}
{"stateId":52,"originShotId":145,"birdIndex":0,"times":1,"score":10440,"totalScore":10440,"finalState":false,"active":false,"unvisitedChildren":459,"miniMaxValue":16690.0}
{"stateId":53,"originShotId":5540,"birdIndex":0,"times":1,"score":8570,"totalScore":19010,"finalState":false,"active":false,"unvisitedChildren":334,"miniMaxValue":16690.0}
{"stateId":54,"originShotId":5616,"birdIndex":0,"times":1,"score":8990,"totalScore":28000,"finalState":false,"active":false,"unvisitedChildren":179,"miniMaxValue":16690.0}
{"stateId":55,"originShotId":5760,"birdIndex":0,"times":1,"score":16690,"totalScore":44690,"finalState":true,"active":false,"unvisitedChildren":0,"miniMaxValue":16690.0}
{"stateId":56,"originShotId":146,"birdIndex":0,"times":1,"score":1720,"totalScore":1720,"finalState":false,"active":false,"unvisitedChildren":566,"miniMaxValue":9290.0}
{"stateId":57,"originShotId":6003,"birdIndex":0,"times":1,"score":16270,"totalScore":17990,"finalState":false,"active":false,"unvisitedChildren":417,"miniMaxValue":9290.0}
{"stateId":58,"originShotId":6124,"birdIndex":0,"times":1,"score":4990,"totalScore":22980,"finalState":false,"active":false,"unvisitedChildren":265,"miniMaxValue":9290.0}
{"stateId":59,"originShotId":6274,"birdIndex":0,"times":1,"score":8400,"totalScore":31380,"finalState":false,"active":false,"unvisitedChildren":110,"miniMaxValue":9290.0}
{"stateId":60,"originShotId":6379,"birdIndex":0,"times":1,"score":9290,"totalScore":40670,"finalState":true,"active":false,"unvisitedChildren":0,"miniMaxValue":9290.0}
{"stateId":61,"originShotId":104,"birdIndex":0,"times":1,"score":3630,"totalScore":3630,"finalState":false,"active":false,"unvisitedChildren":539,"miniMaxValue":0.0}
{"stateId":62,"originShotId":6606,"birdIndex":0,"times":1,"score":1620,"totalScore":5250,"finalState":false,"active":false,"unvisitedChildren":399,"miniMaxValue":0.0}
{"stateId":63,"originShotId":6737,"birdIndex":0,"times":1,"score":6160,"totalScore":11410,"finalState":false,"active":false,"unvisitedChildren":259,"miniMaxValue":0.0}
{"stateId":64,"originShotId":6848,"birdIndex":0,"times":1,"score":10000,"totalScore":21410,"finalState":false,"active":false,"unvisitedChildren":128,"miniMaxValue":0.0}
{"stateId":65,"originShotId":6942,"birdIndex":0,"times":1,"score":0,"totalScore":21410,"finalState":true,"active":false,"unvisitedChildren":0,"miniMaxValue":0.0}
{"stateId":66,"originShotId":139,"birdIndex":0,"times":3,"score":9360,"totalScore":9360,"finalState":false,"active":false,"unvisitedChildren":1028,"miniMaxValue":14486.667}
{"stateId":67,"originShotId":7112,"birdIndex":0,"times":2,"score":8860,"totalScore":18220,"finalState":false,"active":false,"unvisitedChildren":471,"miniMaxValue":18355.0}
{"stateId":68,"originShotId":7209,"birdIndex":0,"times":1,"score":7830,"totalScore":25870,"finalState":false,"active":false,"unvisitedChildren":170,"miniMaxValue":18450.0}
{"stateId":69,"originShotId":7332,"birdIndex":0,"times":1,"score":18450,"totalScore":44320,"finalState":true,"active":false,"unvisitedChildren":0,"miniMaxValue":18450.0}
{"stateId":70,"originShotId":128,"birdIndex":0,"times":1,"score":9810,"totalScore":9810,"finalState":false,"active":false,"unvisitedChildren":447,"miniMaxValue":16720.0}
{"stateId":71,"originShotId":7571,"birdIndex":0,"times":1,"score":9600,"totalScore":19410,"finalState":false,"active":false,"unvisitedChildren":316,"miniMaxValue":16720.0}
{"stateId":72,"originShotId":7658,"birdIndex":0,"times":1,"score":9500,"totalScore":28910,"finalState":false,"active":false,"unvisitedChildren":167,"miniMaxValue":16720.0}
{"stateId":73,"originShotId":7804,"birdIndex":0,"times":1,"score":16720,"totalScore":45630,"finalState":true,"active":false,"unvisitedChildren":0,"miniMaxValue":16720.0}
{"stateId":74,"originShotId":137,"birdIndex":0,"times":1,"score":8470,"totalScore":8470,"finalState":false,"active":false,"unvisitedChildren":569,"miniMaxValue":9480.0}
{"stateId":75,"originShotId":8024,"birdIndex":0,"times":1,"score":8810,"totalScore":17280,"finalState":false,"active":false,"unvisitedChildren":414,"miniMaxValue":9480.0}
{"stateId":76,"originShotId":8137,"birdIndex":0,"times":1,"score":7610,"totalScore":24890,"finalState":false,"active":false,"unvisitedChildren":226,"miniMaxValue":9480.0}
{"stateId":77,"originShotId":8317,"birdIndex":0,"times":1,"score":7420,"totalScore":32310,"finalState":false,"active":false,"unvisitedChildren":77,"miniMaxValue":9480.0}
{"stateId":78,"originShotId":8449,"birdIndex":0,"times":1,"score":9480,"totalScore":41790,"finalState":true,"active":false,"unvisitedChildren":0,"miniMaxValue":9480.0}
{"stateId":79,"originShotId":131,"birdIndex":0,"times":1,"score":9760,"totalScore":9760,"finalState":false,"active":false,"unvisitedChildren":292,"miniMaxValue":36120.0}
{"stateId":80,"originShotId":8586,"birdIndex":0,"times":1,"score":10390,"totalScore":20150,"finalState":false,"active":false,"unvisitedChildren":152,"miniMaxValue":36120.0}
{"stateId":81,"originShotId":8683,"birdIndex":0,"times":1,"score":36120,"totalScore":56270,"finalState":true,"active":false,"unvisitedChildren":0,"miniMaxValue":36120.0}
{"stateId":87,"originShotId":130,"birdIndex":0,"times":1,"score":9470,"totalScore":9470,"finalState":false,"active":false,"unvisitedChildren":548,"miniMaxValue":9490.0}
{"stateId":88,"originShotId":9525,"birdIndex":0,"times":1,"score":8920,"totalScore":18390,"finalState":false,"active":false,"unvisitedChildren":405,"miniMaxValue":9490.0}
{"stateId":89,"originShotId":9662,"birdIndex":0,"times":1,"score":3200,"totalScore":21590,"finalState":false,"active":false,"unvisitedChildren":250,"miniMaxValue":9490.0}
{"stateId":90,"originShotId":9779,"birdIndex":0,"times":1,"score":7380,"totalScore":28970,"finalState":false,"active":false,"unvisitedChildren":131,"miniMaxValue":9490.0}
{"stateId":91,"originShotId":9870,"birdIndex":0,"times":1,"score":9490,"totalScore":38460,"finalState":true,"active":false,"unvisitedChildren":0,"miniMaxValue":9490.0}
{"stateId":92,"originShotId":150,"birdIndex":0,"times":1,"score":1620,"totalScore":1620,"finalState":false,"active":false,"unvisitedChildren":608,"miniMaxValue":0.0}
{"stateId":93,"originShotId":10122,"birdIndex":0,"times":1,"score":7050,"totalScore":8670,"finalState":false,"active":false,"unvisitedChildren":459,"miniMaxValue":0.0}
{"stateId":94,"originShotId":10230,"birdIndex":0,"times":1,"score":7780,"totalScore":16450,"finalState":false,"active":false,"unvisitedChildren":292,"miniMaxValue":0.0}
{"stateId":95,"originShotId":10393,"birdIndex":0,"times":1,"score":4080,"totalScore":20530,"finalState":false,"active":false,"unvisitedChildren":149,"miniMaxValue":0.0}
{"stateId":96,"originShotId":10494,"birdIndex":0,"times":1,"score":0,"totalScore":20530,"finalState":true,"active":false,"unvisitedChildren":0,"miniMaxValue":0.0}
{"stateId":97,"originShotId":2653,"birdIndex":0,"times":4,"score":2991,"totalScore":26951,"finalState":false,"active":false,"unvisitedChildren":667,"miniMaxValue":9685.0}
{"stateId":98,"originShotId":10612,"birdIndex":0,"times":1,"score":16600,"totalScore":43950,"finalState":true,"active":false,"unvisitedChildren":0,"miniMaxValue":16600.0}
{"stateId":99,"originShotId":115,"birdIndex":0,"times":2,"score":11010,"totalScore":11010,"finalState":false,"active":false,"unvisitedChildren":756,"miniMaxValue":8460.0}
{"stateId":100,"originShotId":10888,"birdIndex":0,"times":1,"score":9070,"totalScore":20230,"finalState":false,"active":false,"unvisitedChildren":247,"miniMaxValue":16920.0}
{"stateId":101,"originShotId":10996,"birdIndex":0,"times":1,"score":8270,"totalScore":28500,"finalState":false,"active":false,"unvisitedChildren":140,"miniMaxValue":16920.0}
{"stateId":102,"originShotId":11089,"birdIndex":0,"times":1,"score":16920,"totalScore":45420,"finalState":true,"active":false,"unvisitedChildren":0,"miniMaxValue":16920.0}
{"stateId":103,"originShotId":10612,"birdIndex":0,"times":3,"score":1387,"totalScore":28280,"finalState":false,"active":false,"unvisitedChildren":308,"miniMaxValue":7380.0}
{"stateId":104,"originShotId":11233,"birdIndex":0,"times":3,"score":7380,"totalScore":35660,"finalState":true,"active":false,"unvisitedChildren":0,"miniMaxValue":7380.0}
{"stateId":105,"originShotId":10888,"birdIndex":0,"times":1,"score":3360,"totalScore":14220,"finalState":false,"active":false,"unvisitedChildren":348,"miniMaxValue":0.0}
{"stateId":106,"originShotId":11476,"birdIndex":0,"times":1,"score":3510,"totalScore":17730,"finalState":false,"active":false,"unvisitedChildren":193,"miniMaxValue":0.0}
{"stateId":107,"originShotId":11611,"birdIndex":0,"times":1,"score":5930,"totalScore":23660,"finalState":false,"active":false,"unvisitedChildren":89,"miniMaxValue":0.0}
{"stateId":108,"originShotId":11683,"birdIndex":0,"times":1,"score":0,"totalScore":23660,"finalState":true,"active":false,"unvisitedChildren":0,"miniMaxValue":0.0}
{"stateId":109,"originShotId":2543,"birdIndex":0,"times":1,"score":9740,"totalScore":18340,"finalState":false,"active":false,"unvisitedChildren":328,"miniMaxValue":17080.0}
{"stateId":110,"originShotId":11761,"birdIndex":0,"times":1,"score":8130,"totalScore":26470,"finalState":false,"active":false,"unvisitedChildren":161,"miniMaxValue":17080.0}
{"stateId":111,"originShotId":11917,"birdIndex":0,"times":1,"score":17080,"totalScore":43550,"finalState":true,"active":false,"unvisitedChildren":0,"miniMaxValue":17080.0}
{"stateId":112,"originShotId":2141,"birdIndex":0,"times":1,"score":7950,"totalScore":18740,"finalState":false,"active":false,"unvisitedChildren":289,"miniMaxValue":17260.0}
{"stateId":113,"originShotId":12100,"birdIndex":0,"times":1,"score":8970,"totalScore":27710,"finalState":false,"active":false,"unvisitedChildren":143,"miniMaxValue":17260.0}
{"stateId":114,"originShotId":12214,"birdIndex":0,"times":1,"score":17260,"totalScore":44970,"finalState":true,"active":false,"unvisitedChildren":0,"miniMaxValue":17260.0}
{"stateId":115,"originShotId":2141,"birdIndex":0,"times":1,"score":3580,"totalScore":15300,"finalState":false,"active":false,"unvisitedChildren":381,"miniMaxValue":8330.0}
{"stateId":116,"originShotId":12487,"birdIndex":0,"times":1,"score":6910,"totalScore":22210,"finalState":false,"active":false,"unvisitedChildren":214,"miniMaxValue":8330.0}
{"stateId":117,"originShotId":12562,"birdIndex":0,"times":1,"score":9540,"totalScore":31750,"finalState":false,"active":false,"unvisitedChildren":104,"miniMaxValue":8330.0}
{"stateId":118,"originShotId":12652,"birdIndex":0,"times":1,"score":8330,"totalScore":40080,"finalState":true,"active":false,"unvisitedChildren":0,"miniMaxValue":8330.0}
{"stateId":119,"originShotId":7209,"birdIndex":0,"times":1,"score":9600,"totalScore":28000,"finalState":false,"active":false,"unvisitedChildren":152,"miniMaxValue":18260.0}
{"stateId":120,"originShotId":12745,"birdIndex":0,"times":1,"score":18260,"totalScore":46260,"finalState":true,"active":false,"unvisitedChildren":0,"miniMaxValue":18260.0}
{"stateId":121,"originShotId":7112,"birdIndex":0,"times":1,"score":7580,"totalScore":16940,"finalState":false,"active":false,"unvisitedChildren":420,"miniMaxValue":6750.0}
{"stateId":122,"originShotId":13714,"birdIndex":0,"times":1,"score":6630,"totalScore":23570,"finalState":false,"active":false,"unvisitedChildren":277,"miniMaxValue":6750.0}
{"stateId":123,"originShotId":13867,"birdIndex":0,"times":1,"score":6980,"totalScore":30550,"finalState":false,"active":false,"unvisitedChildren":113,"miniMaxValue":6750.0}
{"stateId":124,"originShotId":13999,"birdIndex":0,"times":1,"score":6750,"totalScore":37300,"finalState":true,"active":false,"unvisitedChildren":0,"miniMaxValue":6750.0}
{"stateId":125,"originShotId":2885,"birdIndex":0,"times":1,"score":10790,"totalScore":19120,"finalState":false,"active":false,"unvisitedChildren":0,"miniMaxValue":0.0}
{"stateId":126,"originShotId":3326,"birdIndex":0,"times":1,"score":10610,"totalScore":20480,"finalState":false,"active":false,"unvisitedChildren":471,"miniMaxValue":6410.0}
{"stateId":127,"originShotId":14152,"birdIndex":0,"times":1,"score":8070,"totalScore":28550,"finalState":false,"active":false,"unvisitedChildren":325,"miniMaxValue":6410.0}
{"stateId":128,"originShotId":14245,"birdIndex":0,"times":1,"score":2880,"totalScore":31430,"finalState":false,"active":false,"unvisitedChildren":164,"miniMaxValue":6410.0}
{"stateId":129,"originShotId":14398,"birdIndex":0,"times":1,"score":6410,"totalScore":37840,"finalState":true,"active":false,"unvisitedChildren":0,"miniMaxValue":6410.0}
{"stateId":130,"originShotId":1285,"birdIndex":0,"times":1,"score":5260,"totalScore":26640,"finalState":false,"active":false,"unvisitedChildren":178,"miniMaxValue":7420.0}
{"stateId":131,"originShotId":14620,"birdIndex":0,"times":1,"score":8510,"totalScore":35150,"finalState":false,"active":false,"unvisitedChildren":47,"miniMaxValue":7420.0}
{"stateId":132,"originShotId":14719,"birdIndex":0,"times":1,"score":7420,"totalScore":42570,"finalState":true,"active":false,"unvisitedChildren":0,"miniMaxValue":7420.0}
{"stateId":133,"originShotId":497,"birdIndex":0,"times":2,"score":18755,"totalScore":45840,"finalState":true,"active":false,"unvisitedChildren":0,"miniMaxValue":18755.0}
{"stateId":134,"originShotId":352,"birdIndex":0,"times":1,"score":36500,"totalScore":53220,"finalState":true,"active":false,"unvisitedChildren":0,"miniMaxValue":36500.0}
{"stateId":135,"originShotId":352,"birdIndex":0,"times":1,"score":11270,"totalScore":28440,"finalState":false,"active":false,"unvisitedChildren":176,"miniMaxValue":20180.0}
{"stateId":136,"originShotId":14764,"birdIndex":0,"times":1,"score":20180,"totalScore":48620,"finalState":true,"active":false,"unvisitedChildren":0,"miniMaxValue":20180.0}
{"stateId":137,"originShotId":255,"birdIndex":0,"times":1,"score":7260,"totalScore":15670,"finalState":false,"active":true,"unvisitedChildren":0,"miniMaxValue":0.0}
{"stateId":138,"originShotId":14953,"birdIndex":0,"times":1,"score":9630,"totalScore":25300,"finalState":false,"active":true,"unvisitedChildren":0,"miniMaxValue":0.0}
{"stateId":139,"originShotId":15082,"birdIndex":0,"times":1,"score":19120,"totalScore":44420,"finalState":true,"active":true,"unvisitedChildren":0,"miniMaxValue":0.0}
