{"stateId":1,"originShotId":-1,"birdIndex":0,"times":0,"score":0,"totalScore":0,"finalState":false,"active":false,"unvisitedChildren":49870,"miniMaxValue":0.0}
{"stateId":2,"originShotId":136,"birdIndex":0,"times":7,"score":8544,"totalScore":8544,"finalState":false,"active":false,"unvisitedChildren":933,"miniMaxValue":21402.857}
{"stateId":3,"originShotId":255,"birdIndex":0,"times":5,"score":8490,"totalScore":17056,"finalState":false,"active":false,"unvisitedChildren":492,"miniMaxValue":22364.0}
{"stateId":4,"originShotId":352,"birdIndex":0,"times":3,"score":10242,"totalScore":27280,"finalState":false,"active":false,"unvisitedChildren":161,"miniMaxValue":18380.0}
{"stateId":5,"originShotId":497,"birdIndex":0,"times":1,"score":17630,"totalScore":45310,"finalState":true,"active":false,"unvisitedChildren":0,"miniMaxValue":17630.0}
{"stateId":6,"originShotId":105,"birdIndex":0,"times":2,"score":11215,"totalScore":11215,"finalState":false,"active":false,"unvisitedChildren":829,"miniMaxValue":8600.0}
{"stateId":7,"originShotId":757,"birdIndex":0,"times":1,"score":10100,"totalScore":21350,"finalState":false,"active":false,"unvisitedChildren":318,"miniMaxValue":8600.0}
{"stateId":8,"originShotId":836,"birdIndex":0,"times":1,"score":9780,"totalScore":31130,"finalState":false,"active":false,"unvisitedChildren":193,"miniMaxValue":8600.0}
{"stateId":9,"originShotId":945,"birdIndex":0,"times":1,"score":3450,"totalScore":34580,"finalState":false,"active":false,"unvisitedChildren":65,"miniMaxValue":8600.0}
{"stateId":10,"originShotId":1052,"birdIndex":0,"times":1,"score":8600,"totalScore":43180,"finalState":true,"active":false,"unvisitedChildren":0,"miniMaxValue":8600.0}
{"stateId":11,"originShotId":120,"birdIndex":0,"times":2,"score":9470,"totalScore":9470,"finalState":false,"active":false,"unvisitedChildren":538,"miniMaxValue":12285.0}
{"stateId":12,"originShotId":1201,"birdIndex":0,"times":2,"score":11910,"totalScore":21380,"finalState":false,"active":false,"unvisitedChildren":407,"miniMaxValue":12285.0}
{"stateId":13,"originShotId":1285,"birdIndex":0,"times":1,"score":11210,"totalScore":32590,"finalState":false,"active":false,"unvisitedChildren":95,"miniMaxValue":17150.0}
{"stateId":14,"originShotId":1403,"birdIndex":0,"times":1,"score":17150,"totalScore":49740,"finalState":true,"active":false,"unvisitedChildren":0,"miniMaxValue":17150.0}
{"stateId":15,"originShotId":125,"birdIndex":0,"times":1,"score":16310,"totalScore":16310,"finalState":false,"active":false,"unvisitedChildren":524,"miniMaxValue":7130.0}
{"stateId":16,"originShotId":1498,"birdIndex":0,"times":1,"score":9950,"totalScore":26260,"finalState":false,"active":false,"unvisitedChildren":369,"miniMaxValue":7130.0}
{"stateId":17,"originShotId":1644,"birdIndex":0,"times":1,"score":4770,"totalScore":31030,"finalState":false,"active":false,"unvisitedChildren":232,"miniMaxValue":7130.0}
{"stateId":18,"originShotId":1821,"birdIndex":0,"times":1,"score":2360,"totalScore":33390,"finalState":false,"active":false,"unvisitedChildren":113,"miniMaxValue":7130.0}
{"stateId":19,"originShotId":1922,"birdIndex":0,"times":1,"score":7130,"totalScore":40520,"finalState":true,"active":false,"unvisitedChildren":0,"miniMaxValue":7130.0}
{"stateId":20,"originShotId":123,"birdIndex":0,"times":5,"score":11555,"totalScore":11555,"finalState":false,"active":false,"unvisitedChildren":1135,"miniMaxValue":16969.2}
{"stateId":21,"originShotId":2141,"birdIndex":0,"times":3,"score":9030,"totalScore":20555,"finalState":false,"active":false,"unvisitedChildren":307,"miniMaxValue":19752.0}
{"stateId":22,"originShotId":2226,"birdIndex":0,"times":3,"score":6980,"totalScore":27535,"finalState":false,"active":false,"unvisitedChildren":146,"miniMaxValue":19752.0}
{"stateId":23,"originShotId":2371,"birdIndex":0,"times":3,"score":19752,"totalScore":47287,"finalState":true,"active":false,"unvisitedChildren":0,"miniMaxValue":19752.0}
{"stateId":24,"originShotId":131,"birdIndex":0,"times":7,"score":8641,"totalScore":8641,"finalState":false,"active":false,"unvisitedChildren":1668,"miniMaxValue":14042.286}
{"stateId":25,"originShotId":2543,"birdIndex":0,"times":6,"score":15305,"totalScore":23948,"finalState":false,"active":false,"unvisitedChildren":1020,"miniMaxValue":13536.0}
{"stateId":26,"originShotId":2653,"birdIndex":0,"times":1,"score":28940,"totalScore":52850,"finalState":true,"active":false,"unvisitedChildren":0,"miniMaxValue":28940.0}
{"stateId":27,"originShotId":138,"birdIndex":0,"times":2,"score":8400,"totalScore":8400,"finalState":false,"active":false,"unvisitedChildren":450,"miniMaxValue":18260.0}
{"stateId":28,"originShotId":2885,"birdIndex":0,"times":1,"score":11940,"totalScore":20410,"finalState":false,"active":false,"unvisitedChildren":304,"miniMaxValue":18260.0}
{"stateId":29,"originShotId":3003,"birdIndex":0,"times":1,"score":9040,"totalScore":29450,"finalState":false,"active":false,"unvisitedChildren":155,"miniMaxValue":18260.0}
{"stateId":30,"originShotId":3134,"birdIndex":0,"times":1,"score":18260,"totalScore":47710,"finalState":true,"active":false,"unvisitedChildren":0,"miniMaxValue":18260.0}
{"stateId":31,"originShotId":129,"birdIndex":0,"times":5,"score":9862,"totalScore":9862,"finalState":false,"active":false,"unvisitedChildren":1972,"miniMaxValue":17260.0}
{"stateId":32,"originShotId":3326,"birdIndex":0,"times":1,"score":9940,"totalScore":19840,"finalState":false,"active":false,"unvisitedChildren":241,"miniMaxValue":17680.0}
{"stateId":33,"originShotId":3443,"birdIndex":0,"times":1,"score":10010,"totalScore":29850,"finalState":false,"active":false,"unvisitedChildren":134,"miniMaxValue":17680.0}
{"stateId":34,"originShotId":3537,"birdIndex":0,"times":1,"score":17680,"totalScore":47530,"finalState":true,"active":false,"unvisitedChildren":0,"miniMaxValue":17680.0}
{"stateId":35,"originShotId":115,"birdIndex":0,"times":1,"score":5870,"totalScore":5870,"finalState":false,"active":false,"unvisitedChildren":405,"miniMaxValue":26840.0}
{"stateId":36,"originShotId":3800,"birdIndex":0,"times":1,"score":9920,"totalScore":15790,"finalState":false,"active":false,"unvisitedChildren":226,"miniMaxValue":26840.0}
{"stateId":37,"originShotId":3923,"birdIndex":0,"times":1,"score":6060,"totalScore":21850,"finalState":false,"active":false,"unvisitedChildren":98,"miniMaxValue":26840.0}
{"stateId":38,"originShotId":3983,"birdIndex":0,"times":1,"score":26840,"totalScore":48690,"finalState":true,"active":false,"unvisitedChildren":0,"miniMaxValue":26840.0}
{"stateId":44,"originShotId":3344,"birdIndex":0,"times":1,"score":7560,"totalScore":17280,"finalState":false,"active":false,"unvisitedChildren":313,"miniMaxValue":17260.0}
{"stateId":45,"originShotId":4637,"birdIndex":0,"times":1,"score":9160,"totalScore":26440,"finalState":false,"active":false,"unvisitedChildren":155,"miniMaxValue":17260.0}
{"stateId":46,"originShotId":4746,"birdIndex":0,"times":1,"score":17260,"totalScore":43700,"finalState":true,"active":false,"unvisitedChildren":0,"miniMaxValue":17260.0}
{"stateId":52,"originShotId":145,"birdIndex":0,"times":2,"score":10440,"totalScore":10440,"finalState":false,"active":false,"unvisitedChildren":812,"miniMaxValue":16690.0}
{"stateId":53,"originShotId":5540,"birdIndex":0,"times":1,"score":8570,"totalScore":19010,"finalState":false,"active":false,"unvisitedChildren":334,"miniMaxValue":16690.0}
{"stateId":54,"originShotId":5616,"birdIndex":0,"times":1,"score":8990,"totalScore":28000,"finalState":false,"active":false,"unvisitedChildren":179,"miniMaxValue":16690.0}
{"stateId":55,"originShotId":5760,"birdIndex":0,"times":1,"score":16690,"totalScore":44690,"finalState":true,"active":false,"unvisitedChildren":0,"miniMaxValue":16690.0}
{"stateId":56,"originShotId":146,"birdIndex":0,"times":1,"score":1720,"totalScore":1720,"finalState":false,"active":false,"unvisitedChildren":566,"miniMaxValue":9290.0}
{"stateId":57,"originShotId":6003,"birdIndex":0,"times":1,"score":16270,"totalScore":17990,"finalState":false,"active":false,"unvisitedChildren":417,"miniMaxValue":9290.0}
{"stateId":58,"originShotId":6124,"birdIndex":0,"times":1,"score":4990,"totalScore":22980,"finalState":false,"active":false,"unvisitedChildren":265,"miniMaxValue":9290.0}
{"stateId":59,"originShotId":6274,"birdIndex":0,"times":1,"score":8400,"totalScore":31380,"finalState":false,"active":false,"unvisitedChildren":110,"miniMaxValue":9290.0}
{"stateId":60,"originShotId":6379,"birdIndex":0,"times":1,"score":9290,"totalScore":40670,"finalState":true,"active":false,"unvisitedChildren":0,"miniMaxValue":9290.0}
{"stateId":61,"originShotId":104,"birdIndex":0,"times":1,"score":3630,"totalScore":3630,"finalState":false,"active":false,"unvisitedChildren":539,"miniMaxValue":0.0}
{"stateId":62,"originShotId":6606,"birdIndex":0,"times":1,"score":1620,"totalScore":5250,"finalState":false,"active":false,"unvisitedChildren":399,"miniMaxValue":0.0}
{"stateId":63,"originShotId":6737,"birdIndex":0,"times":1,"score":6160,"totalScore":11410,"finalState":false,"active":false,"unvisitedChildren":259,"miniMaxValue":0.0}
{"stateId":64,"originShotId":6848,"birdIndex":0,"times":1,"score":10000,"totalScore":21410,"finalState":false,"active":false,"unvisitedChildren":128,"miniMaxValue":0.0}
{"stateId":65,"originShotId":6942,"birdIndex":0,"times":1,"score":0,"totalScore":21410,"finalState":true,"active":false,"unvisitedChildren":0,"miniMaxValue":0.0}
{"stateId":66,"originShotId":139,"birdIndex":0,"times":3,"score":9360,"totalScore":9360,"finalState":false,"active":false,"unvisitedChildren":1028,"miniMaxValue":14486.667}
{"stateId":67,"originShotId":7112,"birdIndex":0,"times":2,"score":8860,"totalScore":18220,"finalState":false,"active":false,"unvisitedChildren":471,"miniMaxValue":18355.0}
{"stateId":68,"originShotId":7209,"birdIndex":0,"times":1,"score":7830,"totalScore":25870,"finalState":false,"active":false,"unvisitedChildren":170,"miniMaxValue":18450.0}
{"stateId":69,"originShotId":7332,"birdIndex":0,"times":1,"score":18450,"totalScore":44320,"finalState":true,"active":false,"unvisitedChildren":0,"miniMaxValue":18450.0}
{"stateId":70,"originShotId":128,"birdIndex":0,"times":2,"score":9810,"totalScore":9810,"finalState":false,"active":false,"unvisitedChildren":744,"miniMaxValue":17440.0}
{"stateId":71,"originShotId":7571,"birdIndex":0,"times":1,"score":9600,"totalScore":19410,"finalState":false,"active":false,"unvisitedChildren":316,"miniMaxValue":16720.0}
{"stateId":72,"originShotId":7658,"birdIndex":0,"times":1,"score":9500,"totalScore":28910,"finalState":false,"active":false,"unvisitedChildren":167,"miniMaxValue":16720.0}
{"stateId":73,"originShotId":7804,"birdIndex":0,"times":1,"score":16720,"totalScore":45630,"finalState":true,"active":false,"unvisitedChildren":0,"miniMaxValue":16720.0}
{"stateId":74,"originShotId":137,"birdIndex":0,"times":3,"score":8777,"totalScore":8777,"finalState":false,"active":false,"unvisitedChildren":1127,"miniMaxValue":18360.0}
{"stateId":75,"originShotId":8024,"birdIndex":0,"times":1,"score":8810,"totalScore":17280,"finalState":false,"active":false,"unvisitedChildren":414,"miniMaxValue":9480.0}
{"stateId":76,"originShotId":8137,"birdIndex":0,"times":1,"score":7610,"totalScore":24890,"finalState":false,"active":false,"unvisitedChildren":226,"miniMaxValue":9480.0}
{"stateId":77,"originShotId":8317,"birdIndex":0,"times":1,"score":7420,"totalScore":32310,"finalState":false,"active":false,"unvisitedChildren":77,"miniMaxValue":9480.0}
{"stateId":78,"originShotId":8449,"birdIndex":0,"times":1,"score":9480,"totalScore":41790,"finalState":true,"active":false,"unvisitedChildren":0,"miniMaxValue":9480.0}
{"stateId":79,"originShotId":131,"birdIndex":0,"times":1,"score":9760,"totalScore":9760,"finalState":false,"active":false,"unvisitedChildren":292,"miniMaxValue":36120.0}
{"stateId":80,"originShotId":8586,"birdIndex":0,"times":1,"score":10390,"totalScore":20150,"finalState":false,"active":false,"unvisitedChildren":152,"miniMaxValue":36120.0}
{"stateId":81,"originShotId":8683,"birdIndex":0,"times":1,"score":36120,"totalScore":56270,"finalState":true,"active":false,"unvisitedChildren":0,"miniMaxValue":36120.0}
{"stateId":87,"originShotId":130,"birdIndex":0,"times":4,"score":9455,"totalScore":9455,"finalState":false,"active":false,"unvisitedChildren":1599,"miniMaxValue":19100.0}
{"stateId":88,"originShotId":9525,"birdIndex":0,"times":1,"score":8920,"totalScore":18390,"finalState":false,"active":false,"unvisitedChildren":405,"miniMaxValue":9490.0}
{"stateId":89,"originShotId":9662,"birdIndex":0,"times":1,"score":3200,"totalScore":21590,"finalState":false,"active":false,"unvisitedChildren":250,"miniMaxValue":9490.0}
{"stateId":90,"originShotId":9779,"birdIndex":0,"times":1,"score":7380,"totalScore":28970,"finalState":false,"active":false,"unvisitedChildren":131,"miniMaxValue":9490.0}
{"stateId":91,"originShotId":9870,"birdIndex":0,"times":1,"score":9490,"totalScore":38460,"finalState":true,"active":false,"unvisitedChildren":0,"miniMaxValue":9490.0}
{"stateId":92,"originShotId":150,"birdIndex":1,"times":6,"score":1500,"totalScore":1500,"finalState":false,"active":false,"unvisitedChildren":1817,"miniMaxValue":19830.0}
{"stateId":93,"originShotId":10122,"birdIndex":0,"times":1,"score":7050,"totalScore":8670,"finalState":false,"active":false,"unvisitedChildren":459,"miniMaxValue":0.0}
{"stateId":94,"originShotId":10230,"birdIndex":0,"times":1,"score":7780,"totalScore":16450,"finalState":false,"active":false,"unvisitedChildren":292,"miniMaxValue":0.0}
{"stateId":95,"originShotId":10393,"birdIndex":0,"times":1,"score":4080,"totalScore":20530,"finalState":false,"active":false,"unvisitedChildren":149,"miniMaxValue":0.0}
{"stateId":96,"originShotId":10494,"birdIndex":0,"times":1,"score":0,"totalScore":20530,"finalState":true,"active":false,"unvisitedChildren":0,"miniMaxValue":0.0}
{"stateId":97,"originShotId":2653,"birdIndex":0,"times":4,"score":2991,"totalScore":26951,"finalState":false,"active":false,"unvisitedChildren":667,"miniMaxValue":9685.0}
{"stateId":98,"originShotId":10612,"birdIndex":0,"times":1,"score":16600,"totalScore":43950,"finalState":true,"active":false,"unvisitedChildren":0,"miniMaxValue":16600.0}
{"stateId":99,"originShotId":115,"birdIndex":0,"times":2,"score":11010,"totalScore":11010,"finalState":false,"active":false,"unvisitedChildren":756,"miniMaxValue":8460.0}
{"stateId":100,"originShotId":10888,"birdIndex":0,"times":1,"score":9070,"totalScore":20230,"finalState":false,"active":false,"unvisitedChildren":247,"miniMaxValue":16920.0}
{"stateId":101,"originShotId":10996,"birdIndex":0,"times":1,"score":8270,"totalScore":28500,"finalState":false,"active":false,"unvisitedChildren":140,"miniMaxValue":16920.0}
{"stateId":102,"originShotId":11089,"birdIndex":0,"times":1,"score":16920,"totalScore":45420,"finalState":true,"active":false,"unvisitedChildren":0,"miniMaxValue":16920.0}
{"stateId":103,"originShotId":10612,"birdIndex":0,"times":3,"score":1387,"totalScore":28280,"finalState":false,"active":false,"unvisitedChildren":308,"miniMaxValue":7380.0}
{"stateId":104,"originShotId":11233,"birdIndex":0,"times":3,"score":7380,"totalScore":35660,"finalState":true,"active":false,"unvisitedChildren":0,"miniMaxValue":7380.0}
{"stateId":105,"originShotId":10888,"birdIndex":0,"times":1,"score":3360,"totalScore":14220,"finalState":false,"active":false,"unvisitedChildren":348,"miniMaxValue":0.0}
{"stateId":106,"originShotId":11476,"birdIndex":0,"times":1,"score":3510,"totalScore":17730,"finalState":false,"active":false,"unvisitedChildren":193,"miniMaxValue":0.0}
{"stateId":107,"originShotId":11611,"birdIndex":0,"times":1,"score":5930,"totalScore":23660,"finalState":false,"active":false,"unvisitedChildren":89,"miniMaxValue":0.0}
{"stateId":108,"originShotId":11683,"birdIndex":0,"times":1,"score":0,"totalScore":23660,"finalState":true,"active":false,"unvisitedChildren":0,"miniMaxValue":0.0}
{"stateId":109,"originShotId":2543,"birdIndex":0,"times":1,"score":9740,"totalScore":18340,"finalState":false,"active":false,"unvisitedChildren":328,"miniMaxValue":17080.0}
{"stateId":110,"originShotId":11761,"birdIndex":0,"times":1,"score":8130,"totalScore":26470,"finalState":false,"active":false,"unvisitedChildren":161,"miniMaxValue":17080.0}
{"stateId":111,"originShotId":11917,"birdIndex":0,"times":1,"score":17080,"totalScore":43550,"finalState":true,"active":false,"unvisitedChildren":0,"miniMaxValue":17080.0}
{"stateId":112,"originShotId":2141,"birdIndex":0,"times":1,"score":7950,"totalScore":18740,"finalState":false,"active":false,"unvisitedChildren":289,"miniMaxValue":17260.0}
{"stateId":113,"originShotId":12100,"birdIndex":0,"times":1,"score":8970,"totalScore":27710,"finalState":false,"active":false,"unvisitedChildren":143,"miniMaxValue":17260.0}
{"stateId":114,"originShotId":12214,"birdIndex":0,"times":1,"score":17260,"totalScore":44970,"finalState":true,"active":false,"unvisitedChildren":0,"miniMaxValue":17260.0}
{"stateId":115,"originShotId":2141,"birdIndex":0,"times":1,"score":3580,"totalScore":15300,"finalState":false,"active":false,"unvisitedChildren":381,"miniMaxValue":8330.0}
{"stateId":116,"originShotId":12487,"birdIndex":0,"times":1,"score":6910,"totalScore":22210,"finalState":false,"active":false,"unvisitedChildren":214,"miniMaxValue":8330.0}
{"stateId":117,"originShotId":12562,"birdIndex":0,"times":1,"score":9540,"totalScore":31750,"finalState":false,"active":false,"unvisitedChildren":104,"miniMaxValue":8330.0}
{"stateId":118,"originShotId":12652,"birdIndex":0,"times":1,"score":8330,"totalScore":40080,"finalState":true,"active":false,"unvisitedChildren":0,"miniMaxValue":8330.0}
{"stateId":119,"originShotId":7209,"birdIndex":0,"times":1,"score":9600,"totalScore":28000,"finalState":false,"active":false,"unvisitedChildren":152,"miniMaxValue":18260.0}
{"stateId":120,"originShotId":12745,"birdIndex":0,"times":1,"score":18260,"totalScore":46260,"finalState":true,"active":false,"unvisitedChildren":0,"miniMaxValue":18260.0}
{"stateId":121,"originShotId":7112,"birdIndex":0,"times":1,"score":7580,"totalScore":16940,"finalState":false,"active":false,"unvisitedChildren":420,"miniMaxValue":6750.0}
{"stateId":122,"originShotId":13714,"birdIndex":0,"times":1,"score":6630,"totalScore":23570,"finalState":false,"active":false,"unvisitedChildren":277,"miniMaxValue":6750.0}
{"stateId":123,"originShotId":13867,"birdIndex":0,"times":1,"score":6980,"totalScore":30550,"finalState":false,"active":false,"unvisitedChildren":113,"miniMaxValue":6750.0}
{"stateId":124,"originShotId":13999,"birdIndex":0,"times":1,"score":6750,"totalScore":37300,"finalState":true,"active":false,"unvisitedChildren":0,"miniMaxValue":6750.0}
{"stateId":126,"originShotId":3326,"birdIndex":0,"times":1,"score":10610,"totalScore":20480,"finalState":false,"active":false,"unvisitedChildren":471,"miniMaxValue":6410.0}
{"stateId":127,"originShotId":14152,"birdIndex":0,"times":1,"score":8070,"totalScore":28550,"finalState":false,"active":false,"unvisitedChildren":325,"miniMaxValue":6410.0}
{"stateId":128,"originShotId":14245,"birdIndex":0,"times":1,"score":2880,"totalScore":31430,"finalState":false,"active":false,"unvisitedChildren":164,"miniMaxValue":6410.0}
{"stateId":129,"originShotId":14398,"birdIndex":0,"times":1,"score":6410,"totalScore":37840,"finalState":true,"active":false,"unvisitedChildren":0,"miniMaxValue":6410.0}
{"stateId":130,"originShotId":1285,"birdIndex":0,"times":1,"score":5260,"totalScore":26640,"finalState":false,"active":false,"unvisitedChildren":178,"miniMaxValue":7420.0}
{"stateId":131,"originShotId":14620,"birdIndex":0,"times":1,"score":8510,"totalScore":35150,"finalState":false,"active":false,"unvisitedChildren":47,"miniMaxValue":7420.0}
{"stateId":132,"originShotId":14719,"birdIndex":0,"times":1,"score":7420,"totalScore":42570,"finalState":true,"active":false,"unvisitedChildren":0,"miniMaxValue":7420.0}
{"stateId":133,"originShotId":497,"birdIndex":0,"times":2,"score":18755,"totalScore":45840,"finalState":true,"active":false,"unvisitedChildren":0,"miniMaxValue":18755.0}
{"stateId":134,"originShotId":352,"birdIndex":0,"times":1,"score":36500,"totalScore":53220,"finalState":true,"active":false,"unvisitedChildren":0,"miniMaxValue":36500.0}
{"stateId":135,"originShotId":352,"birdIndex":0,"times":1,"score":11270,"totalScore":28440,"finalState":false,"active":false,"unvisitedChildren":176,"miniMaxValue":20180.0}
{"stateId":136,"originShotId":14764,"birdIndex":0,"times":1,"score":20180,"totalScore":48620,"finalState":true,"active":false,"unvisitedChildren":0,"miniMaxValue":20180.0}
{"stateId":137,"originShotId":255,"birdIndex":0,"times":2,"score":7320,"totalScore":15825,"finalState":false,"active":false,"unvisitedChildren":286,"miniMaxValue":19000.0}
{"stateId":138,"originShotId":14953,"birdIndex":0,"times":2,"score":9950,"totalScore":25775,"finalState":false,"active":false,"unvisitedChildren":137,"miniMaxValue":19000.0}
{"stateId":139,"originShotId":15082,"birdIndex":0,"times":2,"score":19000,"totalScore":44775,"finalState":true,"active":false,"unvisitedChildren":0,"miniMaxValue":19000.0}
{"stateId":140,"originShotId":136,"birdIndex":0,"times":1,"score":9540,"totalScore":9540,"finalState":false,"active":false,"unvisitedChildren":390,"miniMaxValue":18140.0}
{"stateId":141,"originShotId":15298,"birdIndex":0,"times":1,"score":8950,"totalScore":18490,"finalState":false,"active":false,"unvisitedChildren":250,"miniMaxValue":18140.0}
{"stateId":142,"originShotId":15397,"birdIndex":0,"times":1,"score":7670,"totalScore":26160,"finalState":false,"active":false,"unvisitedChildren":110,"miniMaxValue":18140.0}
{"stateId":143,"originShotId":15499,"birdIndex":0,"times":1,"score":18140,"totalScore":44300,"finalState":true,"active":false,"unvisitedChildren":0,"miniMaxValue":18140.0}
{"stateId":144,"originShotId":125,"birdIndex":0,"times":1,"score":9040,"totalScore":9040,"finalState":false,"active":false,"unvisitedChildren":486,"miniMaxValue":18610.0}
{"stateId":145,"originShotId":15674,"birdIndex":0,"times":1,"score":10000,"totalScore":19040,"finalState":false,"active":false,"unvisitedChildren":349,"miniMaxValue":18610.0}
{"stateId":146,"originShotId":15797,"birdIndex":0,"times":1,"score":8620,"totalScore":27660,"finalState":false,"active":false,"unvisitedChildren":176,"miniMaxValue":18610.0}
{"stateId":147,"originShotId":15938,"birdIndex":0,"times":1,"score":18610,"totalScore":46270,"finalState":true,"active":false,"unvisitedChildren":0,"miniMaxValue":18610.0}
{"stateId":148,"originShotId":12984,"birdIndex":0,"times":1,"score":8620,"totalScore":8620,"finalState":false,"active":false,"unvisitedChildren":495,"miniMaxValue":18240.0}
{"stateId":149,"originShotId":16155,"birdIndex":0,"times":1,"score":5620,"totalScore":14240,"finalState":false,"active":false,"unvisitedChildren":349,"miniMaxValue":18240.0}
{"stateId":150,"originShotId":16286,"birdIndex":0,"times":1,"score":13350,"totalScore":27590,"finalState":false,"active":false,"unvisitedChildren":188,"miniMaxValue":18240.0}
{"stateId":151,"originShotId":16414,"birdIndex":0,"times":1,"score":18240,"totalScore":45830,"finalState":true,"active":false,"unvisitedChildren":0,"miniMaxValue":18240.0}
{"stateId":156,"originShotId":12959,"birdIndex":0,"times":1,"score":12440,"totalScore":12440,"finalState":false,"active":false,"unvisitedChildren":560,"miniMaxValue":9080.0}
{"stateId":157,"originShotId":17160,"birdIndex":0,"times":1,"score":1600,"totalScore":14040,"finalState":false,"active":false,"unvisitedChildren":387,"miniMaxValue":9080.0}
{"stateId":158,"originShotId":17321,"birdIndex":0,"times":1,"score":8030,"totalScore":22070,"finalState":false,"active":false,"unvisitedChildren":211,"miniMaxValue":9080.0}
{"stateId":159,"originShotId":17426,"birdIndex":0,"times":1,"score":10160,"totalScore":32230,"finalState":false,"active":false,"unvisitedChildren":107,"miniMaxValue":9080.0}
{"stateId":160,"originShotId":17500,"birdIndex":0,"times":1,"score":9080,"totalScore":41310,"finalState":true,"active":false,"unvisitedChildren":0,"miniMaxValue":9080.0}
{"stateId":161,"originShotId":774,"birdIndex":0,"times":1,"score":1300,"totalScore":12480,"finalState":false,"active":false,"unvisitedChildren":360,"miniMaxValue":0.0}
{"stateId":162,"originShotId":17650,"birdIndex":0,"times":1,"score":10570,"totalScore":23050,"finalState":false,"active":false,"unvisitedChildren":214,"miniMaxValue":0.0}
{"stateId":163,"originShotId":17827,"birdIndex":0,"times":1,"score":4200,"totalScore":27250,"finalState":false,"active":false,"unvisitedChildren":89,"miniMaxValue":0.0}
{"stateId":164,"originShotId":17931,"birdIndex":0,"times":1,"score":0,"totalScore":27250,"finalState":true,"active":false,"unvisitedChildren":0,"miniMaxValue":0.0}
{"stateId":165,"originShotId":13005,"birdIndex":0,"times":3,"score":1640,"totalScore":1640,"finalState":false,"active":false,"unvisitedChildren":1225,"miniMaxValue":18310.0}
{"stateId":166,"originShotId":18070,"birdIndex":0,"times":1,"score":15820,"totalScore":17460,"finalState":false,"active":false,"unvisitedChildren":268,"miniMaxValue":18310.0}
{"stateId":167,"originShotId":18128,"birdIndex":0,"times":1,"score":9750,"totalScore":27210,"finalState":false,"active":false,"unvisitedChildren":146,"miniMaxValue":18310.0}
{"stateId":168,"originShotId":18240,"birdIndex":0,"times":1,"score":18310,"totalScore":45520,"finalState":true,"active":false,"unvisitedChildren":0,"miniMaxValue":18310.0}
{"stateId":169,"originShotId":12986,"birdIndex":0,"times":2,"score":9810,"totalScore":9810,"finalState":false,"active":false,"unvisitedChildren":932,"miniMaxValue":0.0}
{"stateId":170,"originShotId":18466,"birdIndex":0,"times":1,"score":10230,"totalScore":20040,"finalState":false,"active":false,"unvisitedChildren":426,"miniMaxValue":0.0}
{"stateId":171,"originShotId":18559,"birdIndex":0,"times":1,"score":4270,"totalScore":24310,"finalState":false,"active":false,"unvisitedChildren":277,"miniMaxValue":0.0}
{"stateId":172,"originShotId":18712,"birdIndex":0,"times":1,"score":9100,"totalScore":33410,"finalState":false,"active":false,"unvisitedChildren":128,"miniMaxValue":0.0}
{"stateId":173,"originShotId":18825,"birdIndex":0,"times":1,"score":0,"totalScore":33410,"finalState":true,"active":false,"unvisitedChildren":0,"miniMaxValue":0.0}
{"stateId":174,"originShotId":13001,"birdIndex":0,"times":1,"score":7870,"totalScore":7870,"finalState":false,"active":false,"unvisitedChildren":292,"miniMaxValue":37240.0}
{"stateId":175,"originShotId":19032,"birdIndex":0,"times":1,"score":9030,"totalScore":16900,"finalState":false,"active":false,"unvisitedChildren":149,"miniMaxValue":37240.0}
{"stateId":176,"originShotId":19124,"birdIndex":0,"times":1,"score":37240,"totalScore":54140,"finalState":true,"active":false,"unvisitedChildren":0,"miniMaxValue":37240.0}
{"stateId":177,"originShotId":13004,"birdIndex":0,"times":2,"score":8060,"totalScore":8060,"finalState":false,"active":false,"unvisitedChildren":976,"miniMaxValue":8540.0}
{"stateId":178,"originShotId":19354,"birdIndex":0,"times":1,"score":3480,"totalScore":11540,"finalState":false,"active":false,"unvisitedChildren":399,"miniMaxValue":8540.0}
{"stateId":179,"originShotId":19479,"birdIndex":0,"times":1,"score":8270,"totalScore":19810,"finalState":false,"active":false,"unvisitedChildren":292,"miniMaxValue":8540.0}
{"stateId":180,"originShotId":19523,"birdIndex":0,"times":1,"score":9900,"totalScore":29710,"finalState":false,"active":false,"unvisitedChildren":155,"miniMaxValue":8540.0}
{"stateId":181,"originShotId":19668,"birdIndex":0,"times":1,"score":8540,"totalScore":38250,"finalState":true,"active":false,"unvisitedChildren":0,"miniMaxValue":8540.0}
{"stateId":182,"originShotId":13002,"birdIndex":0,"times":1,"score":1300,"totalScore":1300,"finalState":false,"active":false,"unvisitedChildren":596,"miniMaxValue":0.0}
{"stateId":183,"originShotId":19923,"birdIndex":0,"times":1,"score":7470,"totalScore":8770,"finalState":false,"active":false,"unvisitedChildren":447,"miniMaxValue":0.0}
{"stateId":184,"originShotId":20023,"birdIndex":0,"times":1,"score":8780,"totalScore":17550,"finalState":false,"active":false,"unvisitedChildren":295,"miniMaxValue":0.0}
{"stateId":185,"originShotId":20156,"birdIndex":0,"times":1,"score":2610,"totalScore":20160,"finalState":false,"active":false,"unvisitedChildren":146,"miniMaxValue":0.0}
{"stateId":186,"originShotId":20294,"birdIndex":0,"times":1,"score":0,"totalScore":20160,"finalState":true,"active":false,"unvisitedChildren":0,"miniMaxValue":0.0}
{"stateId":187,"originShotId":12996,"birdIndex":0,"times":3,"score":1702,"totalScore":1702,"finalState":false,"active":false,"unvisitedChildren":1416,"miniMaxValue":14630.0}
{"stateId":188,"originShotId":20521,"birdIndex":0,"times":1,"score":9610,"totalScore":11310,"finalState":false,"active":false,"unvisitedChildren":435,"miniMaxValue":14630.0}
{"stateId":189,"originShotId":20628,"birdIndex":0,"times":1,"score":9320,"totalScore":20630,"finalState":false,"active":false,"unvisitedChildren":313,"miniMaxValue":14630.0}
{"stateId":190,"originShotId":20713,"birdIndex":0,"times":1,"score":3630,"totalScore":24260,"finalState":false,"active":false,"unvisitedChildren":164,"miniMaxValue":14630.0}
{"stateId":191,"originShotId":20853,"birdIndex":0,"times":1,"score":14630,"totalScore":38890,"finalState":true,"active":false,"unvisitedChildren":0,"miniMaxValue":14630.0}
{"stateId":196,"originShotId":10112,"birdIndex":0,"times":1,"score":6610,"totalScore":8230,"finalState":false,"active":false,"unvisitedChildren":390,"miniMaxValue":0.0}
{"stateId":197,"originShotId":21427,"birdIndex":0,"times":1,"score":4550,"totalScore":12780,"finalState":false,"active":false,"unvisitedChildren":238,"miniMaxValue":0.0}
{"stateId":198,"originShotId":21565,"birdIndex":0,"times":1,"score":9070,"totalScore":21850,"finalState":false,"active":false,"unvisitedChildren":107,"miniMaxValue":0.0}
{"stateId":199,"originShotId":21666,"birdIndex":0,"times":1,"score":0,"totalScore":21850,"finalState":true,"active":false,"unvisitedChildren":0,"miniMaxValue":0.0}
{"stateId":200,"originShotId":12995,"birdIndex":0,"times":1,"score":9560,"totalScore":9560,"finalState":false,"active":false,"unvisitedChildren":426,"miniMaxValue":20730.0}
{"stateId":201,"originShotId":21798,"birdIndex":0,"times":1,"score":11340,"totalScore":20900,"finalState":false,"active":false,"unvisitedChildren":286,"miniMaxValue":20730.0}
{"stateId":202,"originShotId":21920,"birdIndex":0,"times":1,"score":7980,"totalScore":28880,"finalState":false,"active":false,"unvisitedChildren":146,"miniMaxValue":20730.0}
{"stateId":203,"originShotId":22026,"birdIndex":0,"times":1,"score":20730,"totalScore":49610,"finalState":true,"active":false,"unvisitedChildren":0,"miniMaxValue":20730.0}
{"stateId":204,"originShotId":12998,"birdIndex":0,"times":1,"score":8420,"totalScore":8420,"finalState":false,"active":false,"unvisitedChildren":608,"miniMaxValue":7040.0}
{"stateId":205,"originShotId":22230,"birdIndex":0,"times":1,"score":10200,"totalScore":18620,"finalState":false,"active":false,"unvisitedChildren":462,"miniMaxValue":7040.0}
{"stateId":206,"originShotId":22343,"birdIndex":0,"times":1,"score":2690,"totalScore":21310,"finalState":false,"active":false,"unvisitedChildren":277,"miniMaxValue":7040.0}
{"stateId":207,"originShotId":22540,"birdIndex":0,"times":1,"score":10580,"totalScore":31890,"finalState":false,"active":false,"unvisitedChildren":128,"miniMaxValue":7040.0}
{"stateId":208,"originShotId":22661,"birdIndex":0,"times":1,"score":7040,"totalScore":38930,"finalState":true,"active":false,"unvisitedChildren":0,"miniMaxValue":7040.0}
{"stateId":209,"originShotId":12997,"birdIndex":0,"times":3,"score":8795,"totalScore":8795,"finalState":false,"active":false,"unvisitedChildren":1208,"miniMaxValue":19380.0}
{"stateId":210,"originShotId":22846,"birdIndex":0,"times":1,"score":10290,"totalScore":19080,"finalState":false,"active":false,"unvisitedChildren":343,"miniMaxValue":17110.0}
{"stateId":211,"originShotId":22970,"birdIndex":0,"times":1,"score":8720,"totalScore":27800,"finalState":false,"active":false,"unvisitedChildren":182,"miniMaxValue":17110.0}
{"stateId":212,"originShotId":23103,"birdIndex":0,"times":1,"score":17110,"totalScore":44910,"finalState":true,"active":false,"unvisitedChildren":0,"miniMaxValue":17110.0}
{"stateId":213,"originShotId":8013,"birdIndex":0,"times":1,"score":9040,"totalScore":17580,"finalState":false,"active":false,"unvisitedChildren":331,"miniMaxValue":18360.0}
{"stateId":214,"originShotId":23307,"birdIndex":0,"times":1,"score":8540,"totalScore":26120,"finalState":false,"active":false,"unvisitedChildren":173,"miniMaxValue":18360.0}
{"stateId":215,"originShotId":23444,"birdIndex":0,"times":1,"score":18360,"totalScore":44480,"finalState":true,"active":false,"unvisitedChildren":0,"miniMaxValue":18360.0}
{"stateId":216,"originShotId":18466,"birdIndex":0,"times":1,"score":5180,"totalScore":14990,"finalState":false,"active":false,"unvisitedChildren":357,"miniMaxValue":0.0}
{"stateId":217,"originShotId":23679,"birdIndex":0,"times":1,"score":8570,"totalScore":23560,"finalState":false,"active":false,"unvisitedChildren":196,"miniMaxValue":0.0}
{"stateId":218,"originShotId":23815,"birdIndex":0,"times":1,"score":7020,"totalScore":30580,"finalState":false,"active":false,"unvisitedChildren":98,"miniMaxValue":0.0}
{"stateId":219,"originShotId":23865,"birdIndex":0,"times":1,"score":0,"totalScore":30580,"finalState":true,"active":false,"unvisitedChildren":0,"miniMaxValue":0.0}
{"stateId":220,"originShotId":12985,"birdIndex":0,"times":3,"score":9680,"totalScore":9680,"finalState":false,"active":false,"unvisitedChildren":1219,"miniMaxValue":23350.0}
{"stateId":221,"originShotId":24022,"birdIndex":0,"times":1,"score":3260,"totalScore":13150,"finalState":false,"active":false,"unvisitedChildren":372,"miniMaxValue":0.0}
{"stateId":222,"originShotId":24146,"birdIndex":0,"times":1,"score":4950,"totalScore":18100,"finalState":false,"active":false,"unvisitedChildren":241,"miniMaxValue":0.0}
{"stateId":223,"originShotId":24297,"birdIndex":0,"times":1,"score":950,"totalScore":19050,"finalState":false,"active":false,"unvisitedChildren":122,"miniMaxValue":0.0}
{"stateId":224,"originShotId":24417,"birdIndex":0,"times":1,"score":0,"totalScore":19050,"finalState":true,"active":false,"unvisitedChildren":0,"miniMaxValue":0.0}
{"stateId":225,"originShotId":12973,"birdIndex":0,"times":2,"score":11390,"totalScore":11390,"finalState":false,"active":false,"unvisitedChildren":758,"miniMaxValue":17120.0}
{"stateId":226,"originShotId":24595,"birdIndex":0,"times":1,"score":4960,"totalScore":16350,"finalState":false,"active":false,"unvisitedChildren":315,"miniMaxValue":0.0}
{"stateId":227,"originShotId":24696,"birdIndex":0,"times":1,"score":6660,"totalScore":23010,"finalState":false,"active":false,"unvisitedChildren":202,"miniMaxValue":0.0}
{"stateId":228,"originShotId":24781,"birdIndex":0,"times":1,"score":5000,"totalScore":28010,"finalState":false,"active":false,"unvisitedChildren":101,"miniMaxValue":0.0}
{"stateId":229,"originShotId":24879,"birdIndex":0,"times":1,"score":0,"totalScore":28010,"finalState":true,"active":false,"unvisitedChildren":0,"miniMaxValue":0.0}
{"stateId":230,"originShotId":12982,"birdIndex":0,"times":3,"score":9690,"totalScore":9690,"finalState":false,"active":false,"unvisitedChildren":995,"miniMaxValue":18450.0}
{"stateId":231,"originShotId":25017,"birdIndex":0,"times":1,"score":8920,"totalScore":18610,"finalState":false,"active":false,"unvisitedChildren":277,"miniMaxValue":18450.0}
{"stateId":232,"originShotId":25123,"birdIndex":0,"times":1,"score":7040,"totalScore":25650,"finalState":false,"active":false,"unvisitedChildren":125,"miniMaxValue":18450.0}
{"stateId":233,"originShotId":25255,"birdIndex":0,"times":1,"score":18450,"totalScore":44100,"finalState":true,"active":false,"unvisitedChildren":0,"miniMaxValue":18450.0}
{"stateId":234,"originShotId":12987,"birdIndex":0,"times":3,"score":8807,"totalScore":8807,"finalState":false,"active":false,"unvisitedChildren":1327,"miniMaxValue":19950.0}
{"stateId":235,"originShotId":25445,"birdIndex":0,"times":1,"score":10480,"totalScore":19310,"finalState":false,"active":false,"unvisitedChildren":465,"miniMaxValue":0.0}
{"stateId":236,"originShotId":25540,"birdIndex":0,"times":1,"score":4160,"totalScore":23470,"finalState":false,"active":false,"unvisitedChildren":307,"miniMaxValue":0.0}
{"stateId":237,"originShotId":25701,"birdIndex":0,"times":1,"score":9690,"totalScore":33160,"finalState":false,"active":false,"unvisitedChildren":143,"miniMaxValue":0.0}
{"stateId":238,"originShotId":25823,"birdIndex":0,"times":1,"score":0,"totalScore":33160,"finalState":true,"active":false,"unvisitedChildren":0,"miniMaxValue":0.0}
{"stateId":239,"originShotId":7558,"birdIndex":0,"times":1,"score":10040,"totalScore":19850,"finalState":false,"active":false,"unvisitedChildren":298,"miniMaxValue":17440.0}
{"stateId":240,"originShotId":26042,"birdIndex":0,"times":1,"score":9800,"totalScore":29650,"finalState":false,"active":false,"unvisitedChildren":149,"miniMaxValue":17440.0}
{"stateId":241,"originShotId":26161,"birdIndex":0,"times":1,"score":17440,"totalScore":47090,"finalState":true,"active":false,"unvisitedChildren":0,"miniMaxValue":17440.0}
{"stateId":242,"originShotId":147,"birdIndex":0,"times":2,"score":1480,"totalScore":1480,"finalState":false,"active":false,"unvisitedChildren":750,"miniMaxValue":25640.0}
{"stateId":243,"originShotId":26394,"birdIndex":0,"times":1,"score":8900,"totalScore":10560,"finalState":false,"active":false,"unvisitedChildren":271,"miniMaxValue":25470.0}
{"stateId":244,"originShotId":26508,"birdIndex":0,"times":1,"score":9760,"totalScore":20320,"finalState":false,"active":false,"unvisitedChildren":146,"miniMaxValue":25470.0}
{"stateId":245,"originShotId":26583,"birdIndex":0,"times":1,"score":25470,"totalScore":45790,"finalState":true,"active":false,"unvisitedChildren":0,"miniMaxValue":25470.0}
{"stateId":275,"originShotId":12971,"birdIndex":0,"times":1,"score":4940,"totalScore":4940,"finalState":false,"active":false,"unvisitedChildren":536,"miniMaxValue":9230.0}
{"stateId":276,"originShotId":30376,"birdIndex":0,"times":1,"score":9190,"totalScore":14130,"finalState":false,"active":false,"unvisitedChildren":363,"miniMaxValue":9230.0}
{"stateId":277,"originShotId":30536,"birdIndex":0,"times":1,"score":8350,"totalScore":22480,"finalState":false,"active":false,"unvisitedChildren":217,"miniMaxValue":9230.0}
{"stateId":278,"originShotId":30635,"birdIndex":0,"times":1,"score":10150,"totalScore":32630,"finalState":false,"active":false,"unvisitedChildren":107,"miniMaxValue":9230.0}
{"stateId":279,"originShotId":30709,"birdIndex":0,"times":1,"score":9230,"totalScore":41860,"finalState":true,"active":false,"unvisitedChildren":0,"miniMaxValue":9230.0}
{"stateId":284,"originShotId":24031,"birdIndex":0,"times":1,"score":7820,"totalScore":17430,"finalState":false,"active":false,"unvisitedChildren":459,"miniMaxValue":6880.0}
{"stateId":285,"originShotId":31342,"birdIndex":0,"times":1,"score":5190,"totalScore":22620,"finalState":false,"active":false,"unvisitedChildren":295,"miniMaxValue":6880.0}
{"stateId":286,"originShotId":31526,"birdIndex":0,"times":1,"score":7910,"totalScore":30530,"finalState":false,"active":false,"unvisitedChildren":128,"miniMaxValue":6880.0}
{"stateId":287,"originShotId":31634,"birdIndex":0,"times":1,"score":6880,"totalScore":37410,"finalState":true,"active":false,"unvisitedChildren":0,"miniMaxValue":6880.0}
{"stateId":295,"originShotId":24585,"birdIndex":0,"times":1,"score":8970,"totalScore":20360,"finalState":false,"active":false,"unvisitedChildren":286,"miniMaxValue":17120.0}
{"stateId":296,"originShotId":32418,"birdIndex":0,"times":1,"score":9300,"totalScore":29660,"finalState":false,"active":false,"unvisitedChildren":122,"miniMaxValue":17120.0}
{"stateId":297,"originShotId":32559,"birdIndex":0,"times":1,"score":17120,"totalScore":46780,"finalState":true,"active":false,"unvisitedChildren":0,"miniMaxValue":17120.0}
{"stateId":298,"originShotId":12983,"birdIndex":0,"times":2,"score":9290,"totalScore":9290,"finalState":false,"active":false,"unvisitedChildren":967,"miniMaxValue":7290.0}
{"stateId":299,"originShotId":32744,"birdIndex":0,"times":1,"score":9720,"totalScore":19010,"finalState":false,"active":false,"unvisitedChildren":420,"miniMaxValue":7290.0}
{"stateId":300,"originShotId":32875,"birdIndex":0,"times":1,"score":8110,"totalScore":27120,"finalState":false,"active":false,"unvisitedChildren":280,"miniMaxValue":7290.0}
{"stateId":301,"originShotId":32977,"birdIndex":0,"times":1,"score":3320,"totalScore":30440,"finalState":false,"active":false,"unvisitedChildren":134,"miniMaxValue":7290.0}
{"stateId":302,"originShotId":33098,"birdIndex":0,"times":1,"score":7290,"totalScore":37730,"finalState":true,"active":false,"unvisitedChildren":0,"miniMaxValue":7290.0}
{"stateId":303,"originShotId":32746,"birdIndex":0,"times":1,"score":8780,"totalScore":18070,"finalState":false,"active":false,"unvisitedChildren":411,"miniMaxValue":0.0}
{"stateId":304,"originShotId":33245,"birdIndex":0,"times":1,"score":4150,"totalScore":22220,"finalState":false,"active":false,"unvisitedChildren":265,"miniMaxValue":0.0}
{"stateId":305,"originShotId":33404,"birdIndex":0,"times":1,"score":8510,"totalScore":30730,"finalState":false,"active":false,"unvisitedChildren":122,"miniMaxValue":0.0}
{"stateId":306,"originShotId":33571,"birdIndex":0,"times":1,"score":0,"totalScore":30730,"finalState":true,"active":false,"unvisitedChildren":0,"miniMaxValue":0.0}
{"stateId":307,"originShotId":18069,"birdIndex":0,"times":1,"score":6690,"totalScore":8330,"finalState":false,"active":false,"unvisitedChildren":474,"miniMaxValue":0.0}
{"stateId":308,"originShotId":33730,"birdIndex":0,"times":1,"score":9630,"totalScore":17960,"finalState":false,"active":false,"unvisitedChildren":328,"miniMaxValue":0.0}
{"stateId":309,"originShotId":33831,"birdIndex":0,"times":1,"score":6970,"totalScore":24930,"finalState":false,"active":false,"unvisitedChildren":167,"miniMaxValue":0.0}
{"stateId":310,"originShotId":33944,"birdIndex":0,"times":1,"score":0,"totalScore":24930,"finalState":true,"active":false,"unvisitedChildren":0,"miniMaxValue":0.0}
{"stateId":311,"originShotId":5526,"birdIndex":0,"times":1,"score":10510,"totalScore":20950,"finalState":false,"active":false,"unvisitedChildren":354,"miniMaxValue":6910.0}
{"stateId":312,"originShotId":34166,"birdIndex":0,"times":1,"score":7060,"totalScore":28010,"finalState":false,"active":false,"unvisitedChildren":229,"miniMaxValue":6910.0}
{"stateId":313,"originShotId":34304,"birdIndex":0,"times":1,"score":4010,"totalScore":32020,"finalState":false,"active":false,"unvisitedChildren":113,"miniMaxValue":6910.0}
{"stateId":314,"originShotId":34380,"birdIndex":0,"times":1,"score":6910,"totalScore":38930,"finalState":true,"active":false,"unvisitedChildren":0,"miniMaxValue":6910.0}
{"stateId":315,"originShotId":12978,"birdIndex":0,"times":1,"score":3720,"totalScore":3720,"finalState":false,"active":false,"unvisitedChildren":566,"miniMaxValue":0.0}
{"stateId":316,"originShotId":34579,"birdIndex":0,"times":1,"score":7420,"totalScore":11140,"finalState":false,"active":false,"unvisitedChildren":426,"miniMaxValue":0.0}
{"stateId":317,"originShotId":34744,"birdIndex":0,"times":1,"score":3790,"totalScore":14930,"finalState":false,"active":false,"unvisitedChildren":250,"miniMaxValue":0.0}
{"stateId":318,"originShotId":34866,"birdIndex":0,"times":1,"score":1990,"totalScore":16920,"finalState":false,"active":false,"unvisitedChildren":107,"miniMaxValue":0.0}
{"stateId":319,"originShotId":35007,"birdIndex":0,"times":1,"score":0,"totalScore":16920,"finalState":true,"active":false,"unvisitedChildren":0,"miniMaxValue":0.0}
{"stateId":320,"originShotId":12961,"birdIndex":0,"times":2,"score":5145,"totalScore":5145,"finalState":false,"active":false,"unvisitedChildren":910,"miniMaxValue":9020.0}
{"stateId":321,"originShotId":35152,"birdIndex":0,"times":1,"score":10130,"totalScore":15260,"finalState":false,"active":false,"unvisitedChildren":333,"miniMaxValue":0.0}
{"stateId":322,"originShotId":35296,"birdIndex":0,"times":1,"score":1520,"totalScore":16780,"finalState":false,"active":false,"unvisitedChildren":193,"miniMaxValue":0.0}
{"stateId":323,"originShotId":35424,"birdIndex":0,"times":1,"score":7890,"totalScore":24670,"finalState":false,"active":false,"unvisitedChildren":71,"miniMaxValue":0.0}
{"stateId":324,"originShotId":35520,"birdIndex":0,"times":1,"score":0,"totalScore":24670,"finalState":true,"active":false,"unvisitedChildren":0,"miniMaxValue":0.0}
{"stateId":325,"originShotId":8009,"birdIndex":0,"times":1,"score":12740,"totalScore":21790,"finalState":false,"active":false,"unvisitedChildren":229,"miniMaxValue":17550.0}
{"stateId":326,"originShotId":35568,"birdIndex":0,"times":1,"score":11300,"totalScore":33090,"finalState":false,"active":false,"unvisitedChildren":116,"miniMaxValue":17550.0}
{"stateId":327,"originShotId":35673,"birdIndex":0,"times":1,"score":17550,"totalScore":50640,"finalState":true,"active":false,"unvisitedChildren":0,"miniMaxValue":17550.0}
{"stateId":328,"originShotId":12979,"birdIndex":0,"times":1,"score":9070,"totalScore":9070,"finalState":false,"active":false,"unvisitedChildren":488,"miniMaxValue":7720.0}
{"stateId":329,"originShotId":35855,"birdIndex":0,"times":1,"score":2680,"totalScore":11750,"finalState":false,"active":false,"unvisitedChildren":357,"miniMaxValue":7720.0}
{"stateId":330,"originShotId":35958,"birdIndex":0,"times":1,"score":10270,"totalScore":22020,"finalState":false,"active":false,"unvisitedChildren":235,"miniMaxValue":7720.0}
{"stateId":331,"originShotId":36066,"birdIndex":0,"times":1,"score":10960,"totalScore":32980,"finalState":false,"active":false,"unvisitedChildren":110,"miniMaxValue":7720.0}
{"stateId":332,"originShotId":36179,"birdIndex":0,"times":1,"score":7720,"totalScore":40700,"finalState":true,"active":false,"unvisitedChildren":0,"miniMaxValue":7720.0}
{"stateId":336,"originShotId":12991,"birdIndex":0,"times":1,"score":9820,"totalScore":9820,"finalState":false,"active":false,"unvisitedChildren":408,"miniMaxValue":18220.0}
{"stateId":337,"originShotId":36663,"birdIndex":0,"times":1,"score":9940,"totalScore":19760,"finalState":false,"active":false,"unvisitedChildren":268,"miniMaxValue":18220.0}
{"stateId":338,"originShotId":36766,"birdIndex":0,"times":1,"score":9690,"totalScore":29450,"finalState":false,"active":false,"unvisitedChildren":128,"miniMaxValue":18220.0}
{"stateId":339,"originShotId":36883,"birdIndex":0,"times":1,"score":18220,"totalScore":47670,"finalState":true,"active":false,"unvisitedChildren":0,"miniMaxValue":18220.0}
{"stateId":340,"originShotId":12964,"birdIndex":0,"times":1,"score":3620,"totalScore":3620,"finalState":false,"active":false,"unvisitedChildren":503,"miniMaxValue":0.0}
{"stateId":341,"originShotId":37086,"birdIndex":0,"times":1,"score":7690,"totalScore":11310,"finalState":false,"active":false,"unvisitedChildren":366,"miniMaxValue":0.0}
{"stateId":342,"originShotId":37215,"birdIndex":0,"times":1,"score":8510,"totalScore":19820,"finalState":false,"active":false,"unvisitedChildren":244,"miniMaxValue":0.0}
{"stateId":343,"originShotId":37277,"birdIndex":0,"times":1,"score":4550,"totalScore":24370,"finalState":false,"active":false,"unvisitedChildren":110,"miniMaxValue":0.0}
{"stateId":344,"originShotId":37437,"birdIndex":0,"times":1,"score":0,"totalScore":24370,"finalState":true,"active":false,"unvisitedChildren":0,"miniMaxValue":0.0}
{"stateId":345,"originShotId":10116,"birdIndex":2,"times":3,"score":7892,"totalScore":9432,"finalState":false,"active":false,"unvisitedChildren":429,"miniMaxValue":19830.0}
{"stateId":346,"originShotId":37572,"birdIndex":3,"times":3,"score":10882,"totalScore":20315,"finalState":false,"active":false,"unvisitedChildren":283,"miniMaxValue":19830.0}
{"stateId":347,"originShotId":37673,"birdIndex":0,"times":1,"score":27530,"totalScore":47610,"finalState":true,"active":false,"unvisitedChildren":0,"miniMaxValue":27530.0}
{"stateId":348,"originShotId":13003,"birdIndex":0,"times":1,"score":8230,"totalScore":8230,"finalState":false,"active":false,"unvisitedChildren":512,"miniMaxValue":10920.0}
{"stateId":349,"originShotId":37883,"birdIndex":0,"times":1,"score":3310,"totalScore":11540,"finalState":false,"active":false,"unvisitedChildren":366,"miniMaxValue":10920.0}
{"stateId":350,"originShotId":38014,"birdIndex":0,"times":1,"score":8470,"totalScore":20010,"finalState":false,"active":false,"unvisitedChildren":259,"miniMaxValue":10920.0}
{"stateId":351,"originShotId":38071,"birdIndex":0,"times":1,"score":10090,"totalScore":30100,"finalState":false,"active":false,"unvisitedChildren":137,"miniMaxValue":10920.0}
{"stateId":352,"originShotId":38207,"birdIndex":0,"times":1,"score":10920,"totalScore":41020,"finalState":true,"active":false,"unvisitedChildren":0,"miniMaxValue":10920.0}
{"stateId":353,"originShotId":25419,"birdIndex":0,"times":1,"score":5360,"totalScore":14100,"finalState":false,"active":false,"unvisitedChildren":420,"miniMaxValue":9210.0}
{"stateId":354,"originShotId":38400,"birdIndex":0,"times":1,"score":7890,"totalScore":21990,"finalState":false,"active":false,"unvisitedChildren":259,"miniMaxValue":9210.0}
{"stateId":355,"originShotId":38529,"birdIndex":0,"times":1,"score":9060,"totalScore":31050,"finalState":false,"active":false,"unvisitedChildren":131,"miniMaxValue":9210.0}
{"stateId":356,"originShotId":38609,"birdIndex":0,"times":1,"score":9210,"totalScore":40260,"finalState":true,"active":false,"unvisitedChildren":0,"miniMaxValue":9210.0}
{"stateId":357,"originShotId":18068,"birdIndex":0,"times":1,"score":6160,"totalScore":7800,"finalState":false,"active":false,"unvisitedChildren":342,"miniMaxValue":0.0}
{"stateId":358,"originShotId":38844,"birdIndex":0,"times":1,"score":3750,"totalScore":11550,"finalState":false,"active":false,"unvisitedChildren":187,"miniMaxValue":0.0}
{"stateId":359,"originShotId":38952,"birdIndex":0,"times":1,"score":10970,"totalScore":22520,"finalState":false,"active":false,"unvisitedChildren":80,"miniMaxValue":0.0}
{"stateId":360,"originShotId":39025,"birdIndex":0,"times":1,"score":0,"totalScore":22520,"finalState":true,"active":false,"unvisitedChildren":0,"miniMaxValue":0.0}
{"stateId":361,"originShotId":12975,"birdIndex":0,"times":1,"score":9400,"totalScore":9400,"finalState":false,"active":false,"unvisitedChildren":372,"miniMaxValue":18390.0}
{"stateId":362,"originShotId":39146,"birdIndex":0,"times":1,"score":12340,"totalScore":21740,"finalState":false,"active":false,"unvisitedChildren":238,"miniMaxValue":18390.0}
{"stateId":363,"originShotId":39245,"birdIndex":0,"times":1,"score":8310,"totalScore":30050,"finalState":false,"active":false,"unvisitedChildren":131,"miniMaxValue":18390.0}
{"stateId":364,"originShotId":39353,"birdIndex":0,"times":1,"score":18390,"totalScore":48440,"finalState":true,"active":false,"unvisitedChildren":0,"miniMaxValue":18390.0}
{"stateId":365,"originShotId":13000,"birdIndex":0,"times":1,"score":9300,"totalScore":9300,"finalState":false,"active":false,"unvisitedChildren":440,"miniMaxValue":0.0}
{"stateId":366,"originShotId":39514,"birdIndex":0,"times":1,"score":5380,"totalScore":14680,"finalState":false,"active":false,"unvisitedChildren":306,"miniMaxValue":0.0}
{"stateId":367,"originShotId":39639,"birdIndex":0,"times":1,"score":7930,"totalScore":22610,"finalState":false,"active":false,"unvisitedChildren":178,"miniMaxValue":0.0}
{"stateId":368,"originShotId":39757,"birdIndex":0,"times":1,"score":4680,"totalScore":27290,"finalState":false,"active":false,"unvisitedChildren":86,"miniMaxValue":0.0}
{"stateId":369,"originShotId":39824,"birdIndex":0,"times":1,"score":0,"totalScore":27290,"finalState":true,"active":false,"unvisitedChildren":0,"miniMaxValue":0.0}
{"stateId":370,"originShotId":24016,"birdIndex":0,"times":1,"score":6060,"totalScore":15670,"finalState":false,"active":false,"unvisitedChildren":262,"miniMaxValue":23350.0}
{"stateId":371,"originShotId":39966,"birdIndex":0,"times":1,"score":9960,"totalScore":25630,"finalState":false,"active":false,"unvisitedChildren":131,"miniMaxValue":23350.0}
{"stateId":372,"originShotId":40073,"birdIndex":0,"times":1,"score":23350,"totalScore":48980,"finalState":true,"active":false,"unvisitedChildren":0,"miniMaxValue":23350.0}
{"stateId":373,"originShotId":12967,"birdIndex":0,"times":2,"score":5410,"totalScore":5410,"finalState":false,"active":false,"unvisitedChildren":952,"miniMaxValue":0.0}
{"stateId":374,"originShotId":40280,"birdIndex":0,"times":1,"score":8170,"totalScore":13890,"finalState":false,"active":false,"unvisitedChildren":417,"miniMaxValue":0.0}
{"stateId":375,"originShotId":40390,"birdIndex":0,"times":1,"score":4580,"totalScore":18470,"finalState":false,"active":false,"unvisitedChildren":268,"miniMaxValue":0.0}
{"stateId":376,"originShotId":40541,"birdIndex":0,"times":1,"score":9830,"totalScore":28300,"finalState":false,"active":false,"unvisitedChildren":110,"miniMaxValue":0.0}
{"stateId":377,"originShotId":40708,"birdIndex":0,"times":1,"score":0,"totalScore":28300,"finalState":true,"active":false,"unvisitedChildren":0,"miniMaxValue":0.0}
{"stateId":378,"originShotId":26403,"birdIndex":0,"times":1,"score":7000,"totalScore":8300,"finalState":false,"active":false,"unvisitedChildren":331,"miniMaxValue":25640.0}
{"stateId":379,"originShotId":40824,"birdIndex":0,"times":1,"score":9960,"totalScore":18260,"finalState":false,"active":false,"unvisitedChildren":170,"miniMaxValue":25640.0}
{"stateId":380,"originShotId":40926,"birdIndex":0,"times":1,"score":25640,"totalScore":43900,"finalState":true,"active":false,"unvisitedChildren":0,"miniMaxValue":25640.0}
{"stateId":381,"originShotId":9523,"birdIndex":0,"times":1,"score":9330,"totalScore":18680,"finalState":false,"active":false,"unvisitedChildren":420,"miniMaxValue":8020.0}
{"stateId":382,"originShotId":41121,"birdIndex":0,"times":1,"score":8920,"totalScore":27600,"finalState":false,"active":false,"unvisitedChildren":262,"miniMaxValue":8020.0}
{"stateId":383,"originShotId":41219,"birdIndex":0,"times":1,"score":4510,"totalScore":32110,"finalState":false,"active":false,"unvisitedChildren":98,"miniMaxValue":8020.0}
{"stateId":384,"originShotId":41406,"birdIndex":0,"times":1,"score":8020,"totalScore":40130,"finalState":true,"active":false,"unvisitedChildren":0,"miniMaxValue":8020.0}
{"stateId":385,"originShotId":3334,"birdIndex":0,"times":1,"score":11000,"totalScore":20870,"finalState":false,"active":false,"unvisitedChildren":375,"miniMaxValue":9440.0}
{"stateId":386,"originShotId":41553,"birdIndex":0,"times":1,"score":1930,"totalScore":22800,"finalState":false,"active":false,"unvisitedChildren":235,"miniMaxValue":9440.0}
{"stateId":387,"originShotId":41670,"birdIndex":0,"times":1,"score":8480,"totalScore":31280,"finalState":false,"active":false,"unvisitedChildren":128,"miniMaxValue":9440.0}
{"stateId":388,"originShotId":41747,"birdIndex":0,"times":1,"score":9440,"totalScore":40720,"finalState":true,"active":false,"unvisitedChildren":0,"miniMaxValue":9440.0}
{"stateId":389,"originShotId":12999,"birdIndex":0,"times":1,"score":8670,"totalScore":8670,"finalState":false,"active":false,"unvisitedChildren":635,"miniMaxValue":7150.0}
{"stateId":390,"originShotId":41960,"birdIndex":0,"times":1,"score":9640,"totalScore":18310,"finalState":false,"active":false,"unvisitedChildren":480,"miniMaxValue":7150.0}
{"stateId":391,"originShotId":42072,"birdIndex":0,"times":1,"score":9380,"totalScore":27690,"finalState":false,"active":false,"unvisitedChildren":307,"miniMaxValue":7150.0}
{"stateId":392,"originShotId":42223,"birdIndex":0,"times":1,"score":3060,"totalScore":30750,"finalState":false,"active":false,"unvisitedChildren":149,"miniMaxValue":7150.0}
{"stateId":393,"originShotId":42356,"birdIndex":0,"times":1,"score":7150,"totalScore":37900,"finalState":true,"active":false,"unvisitedChildren":0,"miniMaxValue":7150.0}
{"stateId":394,"originShotId":13001,"birdIndex":0,"times":2,"score":8770,"totalScore":8770,"finalState":false,"active":false,"unvisitedChildren":818,"miniMaxValue":0.0}
{"stateId":395,"originShotId":42587,"birdIndex":0,"times":2,"score":4250,"totalScore":13020,"finalState":false,"active":false,"unvisitedChildren":657,"miniMaxValue":0.0}
{"stateId":396,"originShotId":42749,"birdIndex":0,"times":1,"score":9290,"totalScore":22520,"finalState":false,"active":false,"unvisitedChildren":205,"miniMaxValue":0.0}
{"stateId":397,"originShotId":42871,"birdIndex":0,"times":1,"score":4670,"totalScore":27190,"finalState":false,"active":false,"unvisitedChildren":101,"miniMaxValue":0.0}
{"stateId":398,"originShotId":42986,"birdIndex":0,"times":1,"score":0,"totalScore":27190,"finalState":true,"active":false,"unvisitedChildren":0,"miniMaxValue":0.0}
{"stateId":399,"originShotId":19315,"birdIndex":0,"times":1,"score":5090,"totalScore":13150,"finalState":false,"active":false,"unvisitedChildren":429,"miniMaxValue":8070.0}
{"stateId":400,"originShotId":43131,"birdIndex":0,"times":1,"score":6960,"totalScore":20110,"finalState":false,"active":false,"unvisitedChildren":268,"miniMaxValue":8070.0}
{"stateId":401,"originShotId":43239,"birdIndex":0,"times":1,"score":9390,"totalScore":29500,"finalState":false,"active":false,"unvisitedChildren":134,"miniMaxValue":8070.0}
{"stateId":402,"originShotId":43351,"birdIndex":0,"times":1,"score":8070,"totalScore":37570,"finalState":true,"active":false,"unvisitedChildren":0,"miniMaxValue":8070.0}
{"stateId":403,"originShotId":25013,"birdIndex":0,"times":1,"score":8270,"totalScore":17960,"finalState":false,"active":false,"unvisitedChildren":297,"miniMaxValue":10490.0}
{"stateId":404,"originShotId":43537,"birdIndex":0,"times":1,"score":3660,"totalScore":21620,"finalState":false,"active":false,"unvisitedChildren":175,"miniMaxValue":10490.0}
{"stateId":405,"originShotId":43637,"birdIndex":0,"times":1,"score":7760,"totalScore":29380,"finalState":false,"active":false,"unvisitedChildren":80,"miniMaxValue":10490.0}
{"stateId":406,"originShotId":43688,"birdIndex":0,"times":1,"score":10490,"totalScore":39870,"finalState":true,"active":false,"unvisitedChildren":0,"miniMaxValue":10490.0}
{"stateId":407,"originShotId":12976,"birdIndex":0,"times":2,"score":9820,"totalScore":9820,"finalState":false,"active":false,"unvisitedChildren":755,"miniMaxValue":18070.0}
{"stateId":408,"originShotId":43882,"birdIndex":0,"times":1,"score":5280,"totalScore":14980,"finalState":false,"active":false,"unvisitedChildren":330,"miniMaxValue":7970.0}
{"stateId":409,"originShotId":44028,"birdIndex":0,"times":1,"score":8510,"totalScore":23490,"finalState":false,"active":false,"unvisitedChildren":193,"miniMaxValue":7970.0}
{"stateId":410,"originShotId":44117,"birdIndex":0,"times":1,"score":7950,"totalScore":31440,"finalState":false,"active":false,"unvisitedChildren":104,"miniMaxValue":7970.0}
{"stateId":411,"originShotId":44175,"birdIndex":0,"times":1,"score":7970,"totalScore":39410,"finalState":true,"active":false,"unvisitedChildren":0,"miniMaxValue":7970.0}
{"stateId":412,"originShotId":12994,"birdIndex":0,"times":1,"score":9710,"totalScore":9710,"finalState":false,"active":false,"unvisitedChildren":491,"miniMaxValue":0.0}
{"stateId":413,"originShotId":44344,"birdIndex":0,"times":1,"score":7600,"totalScore":17310,"finalState":false,"active":false,"unvisitedChildren":366,"miniMaxValue":0.0}
{"stateId":414,"originShotId":44440,"birdIndex":0,"times":1,"score":4240,"totalScore":21550,"finalState":false,"active":false,"unvisitedChildren":238,"miniMaxValue":0.0}
{"stateId":415,"originShotId":44591,"birdIndex":0,"times":1,"score":5290,"totalScore":26840,"finalState":false,"active":false,"unvisitedChildren":104,"miniMaxValue":0.0}
{"stateId":416,"originShotId":44712,"birdIndex":0,"times":1,"score":0,"totalScore":26840,"finalState":true,"active":false,"unvisitedChildren":0,"miniMaxValue":0.0}
{"stateId":417,"originShotId":42743,"birdIndex":0,"times":1,"score":8630,"totalScore":21440,"finalState":false,"active":false,"unvisitedChildren":292,"miniMaxValue":0.0}
{"stateId":418,"originShotId":44856,"birdIndex":0,"times":1,"score":2690,"totalScore":24130,"finalState":false,"active":false,"unvisitedChildren":131,"miniMaxValue":0.0}
{"stateId":419,"originShotId":45011,"birdIndex":0,"times":1,"score":0,"totalScore":24130,"finalState":true,"active":false,"unvisitedChildren":0,"miniMaxValue":0.0}
{"stateId":420,"originShotId":12973,"birdIndex":0,"times":1,"score":10340,"totalScore":10340,"finalState":false,"active":false,"unvisitedChildren":443,"miniMaxValue":0.0}
{"stateId":421,"originShotId":45154,"birdIndex":0,"times":1,"score":5220,"totalScore":15560,"finalState":false,"active":false,"unvisitedChildren":303,"miniMaxValue":0.0}
{"stateId":422,"originShotId":45275,"birdIndex":0,"times":1,"score":7330,"totalScore":22890,"finalState":false,"active":false,"unvisitedChildren":169,"miniMaxValue":0.0}
{"stateId":423,"originShotId":45362,"birdIndex":0,"times":1,"score":11040,"totalScore":33930,"finalState":false,"active":false,"unvisitedChildren":74,"miniMaxValue":0.0}
{"stateId":424,"originShotId":45433,"birdIndex":0,"times":1,"score":0,"totalScore":33930,"finalState":true,"active":false,"unvisitedChildren":0,"miniMaxValue":0.0}
{"stateId":425,"originShotId":25443,"birdIndex":0,"times":1,"score":9160,"totalScore":17990,"finalState":false,"active":false,"unvisitedChildren":289,"miniMaxValue":19950.0}
{"stateId":426,"originShotId":45524,"birdIndex":0,"times":1,"score":9160,"totalScore":27150,"finalState":false,"active":false,"unvisitedChildren":146,"miniMaxValue":19950.0}
{"stateId":427,"originShotId":45674,"birdIndex":0,"times":1,"score":19950,"totalScore":47100,"finalState":true,"active":false,"unvisitedChildren":0,"miniMaxValue":19950.0}
{"stateId":428,"originShotId":12943,"birdIndex":0,"times":1,"score":5460,"totalScore":5460,"finalState":false,"active":false,"unvisitedChildren":434,"miniMaxValue":0.0}
{"stateId":429,"originShotId":45858,"birdIndex":0,"times":1,"score":10730,"totalScore":16190,"finalState":false,"active":false,"unvisitedChildren":336,"miniMaxValue":0.0}
{"stateId":430,"originShotId":45945,"birdIndex":0,"times":1,"score":1970,"totalScore":18160,"finalState":false,"active":false,"unvisitedChildren":226,"miniMaxValue":0.0}
{"stateId":431,"originShotId":46095,"birdIndex":0,"times":1,"score":5540,"totalScore":23700,"finalState":false,"active":false,"unvisitedChildren":104,"miniMaxValue":0.0}
{"stateId":432,"originShotId":46165,"birdIndex":0,"times":1,"score":0,"totalScore":23700,"finalState":true,"active":false,"unvisitedChildren":0,"miniMaxValue":0.0}
{"stateId":433,"originShotId":12981,"birdIndex":0,"times":1,"score":8980,"totalScore":8980,"finalState":false,"active":false,"unvisitedChildren":426,"miniMaxValue":19200.0}
{"stateId":434,"originShotId":46314,"birdIndex":0,"times":1,"score":11050,"totalScore":20030,"finalState":false,"active":false,"unvisitedChildren":271,"miniMaxValue":19200.0}
{"stateId":435,"originShotId":46429,"birdIndex":0,"times":1,"score":8000,"totalScore":28030,"finalState":false,"active":false,"unvisitedChildren":125,"miniMaxValue":19200.0}
{"stateId":436,"originShotId":46555,"birdIndex":0,"times":1,"score":19200,"totalScore":47230,"finalState":true,"active":false,"unvisitedChildren":0,"miniMaxValue":19200.0}
{"stateId":437,"originShotId":22896,"birdIndex":0,"times":1,"score":1760,"totalScore":10570,"finalState":false,"active":false,"unvisitedChildren":399,"miniMaxValue":8050.0}
{"stateId":438,"originShotId":46745,"birdIndex":0,"times":1,"score":9750,"totalScore":20320,"finalState":false,"active":false,"unvisitedChildren":274,"miniMaxValue":8050.0}
{"stateId":439,"originShotId":46832,"birdIndex":0,"times":1,"score":10380,"totalScore":30700,"finalState":false,"active":false,"unvisitedChildren":125,"miniMaxValue":8050.0}
{"stateId":440,"originShotId":46948,"birdIndex":0,"times":1,"score":8050,"totalScore":38750,"finalState":true,"active":false,"unvisitedChildren":0,"miniMaxValue":8050.0}
{"stateId":441,"originShotId":35172,"birdIndex":0,"times":1,"score":8560,"totalScore":13720,"finalState":false,"active":false,"unvisitedChildren":420,"miniMaxValue":9020.0}
{"stateId":442,"originShotId":47123,"birdIndex":0,"times":1,"score":6960,"totalScore":20680,"finalState":false,"active":false,"unvisitedChildren":280,"miniMaxValue":9020.0}
{"stateId":443,"originShotId":47251,"birdIndex":0,"times":1,"score":10750,"totalScore":31430,"finalState":false,"active":false,"unvisitedChildren":134,"miniMaxValue":9020.0}
{"stateId":444,"originShotId":47361,"birdIndex":0,"times":1,"score":9020,"totalScore":40450,"finalState":true,"active":false,"unvisitedChildren":0,"miniMaxValue":9020.0}
{"stateId":445,"originShotId":9524,"birdIndex":0,"times":1,"score":7450,"totalScore":16920,"finalState":false,"active":false,"unvisitedChildren":292,"miniMaxValue":19100.0}
{"stateId":446,"originShotId":47557,"birdIndex":0,"times":1,"score":9610,"totalScore":26530,"finalState":false,"active":false,"unvisitedChildren":149,"miniMaxValue":19100.0}
{"stateId":447,"originShotId":47628,"birdIndex":0,"times":1,"score":19100,"totalScore":45630,"finalState":true,"active":false,"unvisitedChildren":0,"miniMaxValue":19100.0}
{"stateId":452,"originShotId":12993,"birdIndex":0,"times":2,"score":8640,"totalScore":8640,"finalState":false,"active":false,"unvisitedChildren":863,"miniMaxValue":18910.0}
{"stateId":453,"originShotId":48256,"birdIndex":0,"times":1,"score":4460,"totalScore":13100,"finalState":false,"active":false,"unvisitedChildren":384,"miniMaxValue":0.0}
{"stateId":454,"originShotId":48395,"birdIndex":0,"times":1,"score":7360,"totalScore":20460,"finalState":false,"active":false,"unvisitedChildren":232,"miniMaxValue":0.0}
{"stateId":455,"originShotId":48509,"birdIndex":0,"times":1,"score":12010,"totalScore":32470,"finalState":false,"active":false,"unvisitedChildren":98,"miniMaxValue":0.0}
{"stateId":456,"originShotId":48610,"birdIndex":0,"times":1,"score":0,"totalScore":32470,"finalState":true,"active":false,"unvisitedChildren":0,"miniMaxValue":0.0}
{"stateId":461,"originShotId":43871,"birdIndex":0,"times":1,"score":8450,"totalScore":18390,"finalState":false,"active":false,"unvisitedChildren":271,"miniMaxValue":18070.0}
{"stateId":462,"originShotId":49199,"birdIndex":0,"times":1,"score":8470,"totalScore":26860,"finalState":false,"active":false,"unvisitedChildren":143,"miniMaxValue":18070.0}
{"stateId":463,"originShotId":49268,"birdIndex":0,"times":1,"score":18070,"totalScore":44930,"finalState":true,"active":false,"unvisitedChildren":0,"miniMaxValue":18070.0}
{"stateId":464,"originShotId":12991,"birdIndex":0,"times":1,"score":10900,"totalScore":10900,"finalState":false,"active":false,"unvisitedChildren":548,"miniMaxValue":8370.0}
{"stateId":465,"originShotId":49489,"birdIndex":0,"times":1,"score":7950,"totalScore":18850,"finalState":false,"active":false,"unvisitedChildren":423,"miniMaxValue":8370.0}
{"stateId":466,"originShotId":49578,"birdIndex":0,"times":1,"score":10900,"totalScore":29750,"finalState":false,"active":false,"unvisitedChildren":295,"miniMaxValue":8370.0}
{"stateId":467,"originShotId":49658,"birdIndex":0,"times":1,"score":2840,"totalScore":32590,"finalState":false,"active":false,"unvisitedChildren":143,"miniMaxValue":8370.0}
{"stateId":468,"originShotId":49804,"birdIndex":0,"times":1,"score":8370,"totalScore":40960,"finalState":true,"active":false,"unvisitedChildren":0,"miniMaxValue":8370.0}
{"stateId":469,"originShotId":12976,"birdIndex":0,"times":1,"score":10860,"totalScore":10860,"finalState":false,"active":false,"unvisitedChildren":593,"miniMaxValue":0.0}
{"stateId":470,"originShotId":50081,"birdIndex":0,"times":1,"score":3360,"totalScore":14220,"finalState":false,"active":false,"unvisitedChildren":402,"miniMaxValue":0.0}
{"stateId":471,"originShotId":50230,"birdIndex":0,"times":1,"score":1720,"totalScore":15940,"finalState":false,"active":false,"unvisitedChildren":256,"miniMaxValue":0.0}
{"stateId":472,"originShotId":50392,"birdIndex":0,"times":1,"score":990,"totalScore":16930,"finalState":false,"active":false,"unvisitedChildren":119,"miniMaxValue":0.0}
{"stateId":473,"originShotId":50491,"birdIndex":0,"times":1,"score":0,"totalScore":16930,"finalState":true,"active":false,"unvisitedChildren":0,"miniMaxValue":0.0}
{"stateId":474,"originShotId":9512,"birdIndex":0,"times":1,"score":11300,"totalScore":20770,"finalState":false,"active":false,"unvisitedChildren":342,"miniMaxValue":0.0}
{"stateId":475,"originShotId":50600,"birdIndex":0,"times":1,"score":2100,"totalScore":22870,"finalState":false,"active":false,"unvisitedChildren":226,"miniMaxValue":0.0}
{"stateId":476,"originShotId":50706,"birdIndex":0,"times":1,"score":7050,"totalScore":29920,"finalState":false,"active":false,"unvisitedChildren":134,"miniMaxValue":0.0}
{"stateId":477,"originShotId":50810,"birdIndex":0,"times":1,"score":0,"totalScore":29920,"finalState":true,"active":false,"unvisitedChildren":0,"miniMaxValue":0.0}
{"stateId":478,"originShotId":3339,"birdIndex":0,"times":1,"score":7260,"totalScore":17130,"finalState":false,"active":false,"unvisitedChildren":444,"miniMaxValue":7500.0}
{"stateId":479,"originShotId":50965,"birdIndex":0,"times":1,"score":10290,"totalScore":27420,"finalState":false,"active":false,"unvisitedChildren":277,"miniMaxValue":7500.0}
{"stateId":480,"originShotId":51069,"birdIndex":0,"times":1,"score":3370,"totalScore":30790,"finalState":false,"active":false,"unvisitedChildren":152,"miniMaxValue":7500.0}
{"stateId":481,"originShotId":51191,"birdIndex":0,"times":1,"score":7500,"totalScore":38290,"finalState":true,"active":false,"unvisitedChildren":0,"miniMaxValue":7500.0}
{"stateId":482,"originShotId":20510,"birdIndex":0,"times":1,"score":9000,"totalScore":10710,"finalState":false,"active":false,"unvisitedChildren":417,"miniMaxValue":8210.0}
{"stateId":483,"originShotId":51431,"birdIndex":0,"times":1,"score":7830,"totalScore":18540,"finalState":false,"active":false,"unvisitedChildren":292,"miniMaxValue":8210.0}
{"stateId":484,"originShotId":51528,"birdIndex":0,"times":1,"score":9290,"totalScore":27830,"finalState":false,"active":false,"unvisitedChildren":155,"miniMaxValue":8210.0}
{"stateId":485,"originShotId":51627,"birdIndex":0,"times":1,"score":8210,"totalScore":36040,"finalState":true,"active":false,"unvisitedChildren":0,"miniMaxValue":8210.0}
{"stateId":486,"originShotId":20514,"birdIndex":0,"times":1,"score":6490,"totalScore":8190,"finalState":false,"active":false,"unvisitedChildren":417,"miniMaxValue":8280.0}
{"stateId":487,"originShotId":51840,"birdIndex":0,"times":1,"score":12120,"totalScore":20310,"finalState":false,"active":false,"unvisitedChildren":283,"miniMaxValue":8280.0}
{"stateId":488,"originShotId":51949,"birdIndex":0,"times":1,"score":9420,"totalScore":29730,"finalState":false,"active":false,"unvisitedChildren":143,"miniMaxValue":8280.0}
{"stateId":489,"originShotId":52054,"birdIndex":0,"times":1,"score":8280,"totalScore":38010,"finalState":true,"active":false,"unvisitedChildren":0,"miniMaxValue":8280.0}
{"stateId":490,"originShotId":12968,"birdIndex":0,"times":1,"score":8180,"totalScore":8180,"finalState":false,"active":false,"unvisitedChildren":465,"miniMaxValue":18350.0}
{"stateId":491,"originShotId":52271,"birdIndex":0,"times":1,"score":9670,"totalScore":17850,"finalState":false,"active":false,"unvisitedChildren":322,"miniMaxValue":18350.0}
{"stateId":492,"originShotId":52367,"birdIndex":0,"times":1,"score":9360,"totalScore":27210,"finalState":false,"active":false,"unvisitedChildren":176,"miniMaxValue":18350.0}
{"stateId":493,"originShotId":52488,"birdIndex":0,"times":1,"score":18350,"totalScore":45560,"finalState":true,"active":false,"unvisitedChildren":0,"miniMaxValue":18350.0}
{"stateId":499,"originShotId":40267,"birdIndex":0,"times":1,"score":9400,"totalScore":14500,"finalState":false,"active":false,"unvisitedChildren":375,"miniMaxValue":0.0}
{"stateId":500,"originShotId":53240,"birdIndex":0,"times":1,"score":8170,"totalScore":22670,"finalState":false,"active":false,"unvisitedChildren":229,"miniMaxValue":0.0}
{"stateId":501,"originShotId":53351,"birdIndex":0,"times":1,"score":7980,"totalScore":30650,"finalState":false,"active":false,"unvisitedChildren":125,"miniMaxValue":0.0}
{"stateId":502,"originShotId":53452,"birdIndex":0,"times":1,"score":0,"totalScore":30650,"finalState":true,"active":false,"unvisitedChildren":0,"miniMaxValue":0.0}
{"stateId":503,"originShotId":12977,"birdIndex":1,"times":4,"score":11313,"totalScore":11313,"finalState":false,"active":false,"unvisitedChildren":598,"miniMaxValue":28762.5}
{"stateId":504,"originShotId":53609,"birdIndex":2,"times":3,"score":8080,"totalScore":19472,"finalState":false,"active":false,"unvisitedChildren":116,"miniMaxValue":34960.0}
{"stateId":505,"originShotId":53733,"birdIndex":0,"times":1,"score":35560,"totalScore":55050,"finalState":true,"active":false,"unvisitedChildren":0,"miniMaxValue":35560.0}
{"stateId":506,"originShotId":22848,"birdIndex":0,"times":1,"score":10600,"totalScore":19390,"finalState":false,"active":false,"unvisitedChildren":319,"miniMaxValue":19380.0}
{"stateId":507,"originShotId":53849,"birdIndex":0,"times":1,"score":8480,"totalScore":27870,"finalState":false,"active":false,"unvisitedChildren":173,"miniMaxValue":19380.0}
{"stateId":508,"originShotId":53970,"birdIndex":0,"times":1,"score":19380,"totalScore":47250,"finalState":true,"active":false,"unvisitedChildren":0,"miniMaxValue":19380.0}
{"stateId":509,"originShotId":12962,"birdIndex":0,"times":1,"score":4910,"totalScore":4910,"finalState":false,"active":false,"unvisitedChildren":428,"miniMaxValue":0.0}
{"stateId":510,"originShotId":54210,"birdIndex":0,"times":1,"score":7410,"totalScore":12320,"finalState":false,"active":false,"unvisitedChildren":303,"miniMaxValue":0.0}
{"stateId":511,"originShotId":54313,"birdIndex":0,"times":1,"score":3850,"totalScore":16170,"finalState":false,"active":false,"unvisitedChildren":202,"miniMaxValue":0.0}
{"stateId":512,"originShotId":54449,"birdIndex":0,"times":1,"score":9000,"totalScore":25170,"finalState":false,"active":false,"unvisitedChildren":86,"miniMaxValue":0.0}
{"stateId":513,"originShotId":54512,"birdIndex":0,"times":1,"score":0,"totalScore":25170,"finalState":true,"active":false,"unvisitedChildren":0,"miniMaxValue":0.0}
{"stateId":514,"originShotId":10121,"birdIndex":0,"times":1,"score":7030,"totalScore":8330,"finalState":false,"active":false,"unvisitedChildren":393,"miniMaxValue":0.0}
{"stateId":515,"originShotId":54663,"birdIndex":0,"times":1,"score":3280,"totalScore":11610,"finalState":false,"active":false,"unvisitedChildren":238,"miniMaxValue":0.0}
{"stateId":516,"originShotId":54791,"birdIndex":0,"times":1,"score":9080,"totalScore":20690,"finalState":false,"active":false,"unvisitedChildren":137,"miniMaxValue":0.0}
{"stateId":517,"originShotId":54863,"birdIndex":0,"times":1,"score":0,"totalScore":20690,"finalState":true,"active":false,"unvisitedChildren":0,"miniMaxValue":0.0}
{"stateId":518,"originShotId":12972,"birdIndex":0,"times":1,"score":9620,"totalScore":9620,"finalState":false,"active":false,"unvisitedChildren":405,"miniMaxValue":19670.0}
{"stateId":519,"originShotId":55073,"birdIndex":0,"times":1,"score":7910,"totalScore":17530,"finalState":false,"active":false,"unvisitedChildren":253,"miniMaxValue":19670.0}
{"stateId":520,"originShotId":55134,"birdIndex":0,"times":1,"score":9130,"totalScore":26660,"finalState":false,"active":false,"unvisitedChildren":131,"miniMaxValue":19670.0}
{"stateId":521,"originShotId":55230,"birdIndex":0,"times":1,"score":19670,"totalScore":46330,"finalState":true,"active":false,"unvisitedChildren":0,"miniMaxValue":19670.0}
{"stateId":522,"originShotId":48258,"birdIndex":0,"times":1,"score":9150,"totalScore":17790,"finalState":false,"active":false,"unvisitedChildren":334,"miniMaxValue":18910.0}
{"stateId":523,"originShotId":55394,"birdIndex":0,"times":1,"score":9810,"totalScore":27600,"finalState":false,"active":false,"unvisitedChildren":173,"miniMaxValue":18910.0}
{"stateId":524,"originShotId":55549,"birdIndex":0,"times":1,"score":18910,"totalScore":46510,"finalState":true,"active":false,"unvisitedChildren":0,"miniMaxValue":18910.0}
{"stateId":525,"originShotId":12969,"birdIndex":0,"times":1,"score":9330,"totalScore":9330,"finalState":false,"active":false,"unvisitedChildren":446,"miniMaxValue":9540.0}
{"stateId":526,"originShotId":55774,"birdIndex":0,"times":1,"score":4800,"totalScore":14130,"finalState":false,"active":false,"unvisitedChildren":309,"miniMaxValue":9540.0}
{"stateId":527,"originShotId":55911,"birdIndex":0,"times":1,"score":8510,"totalScore":22640,"finalState":false,"active":false,"unvisitedChildren":184,"miniMaxValue":9540.0}
{"stateId":528,"originShotId":55994,"birdIndex":0,"times":1,"score":10530,"totalScore":33170,"finalState":false,"active":false,"unvisitedChildren":89,"miniMaxValue":9540.0}
{"stateId":529,"originShotId":56064,"birdIndex":0,"times":1,"score":9540,"totalScore":42710,"finalState":true,"active":false,"unvisitedChildren":0,"miniMaxValue":9540.0}
{"stateId":530,"originShotId":12980,"birdIndex":1,"times":5,"score":15105,"totalScore":15105,"finalState":false,"active":false,"unvisitedChildren":137,"miniMaxValue":46468.0}
{"stateId":531,"originShotId":56175,"birdIndex":2,"times":5,"score":46468,"totalScore":61573,"finalState":true,"active":false,"unvisitedChildren":0,"miniMaxValue":46468.0}
{"stateId":532,"originShotId":25016,"birdIndex":0,"times":1,"score":10610,"totalScore":20300,"finalState":false,"active":false,"unvisitedChildren":283,"miniMaxValue":17990.0}
{"stateId":533,"originShotId":56319,"birdIndex":0,"times":1,"score":8810,"totalScore":29110,"finalState":false,"active":false,"unvisitedChildren":149,"miniMaxValue":17990.0}
{"stateId":534,"originShotId":56433,"birdIndex":0,"times":1,"score":17990,"totalScore":47100,"finalState":true,"active":false,"unvisitedChildren":0,"miniMaxValue":17990.0}
{"stateId":535,"originShotId":12984,"birdIndex":0,"times":1,"score":10830,"totalScore":10830,"finalState":false,"active":false,"unvisitedChildren":464,"miniMaxValue":0.0}
{"stateId":536,"originShotId":56643,"birdIndex":0,"times":1,"score":10730,"totalScore":21560,"finalState":false,"active":false,"unvisitedChildren":339,"miniMaxValue":0.0}
{"stateId":537,"originShotId":56738,"birdIndex":0,"times":1,"score":10960,"totalScore":32520,"finalState":false,"active":false,"unvisitedChildren":199,"miniMaxValue":0.0}
{"stateId":538,"originShotId":56857,"birdIndex":0,"times":1,"score":4250,"totalScore":36770,"finalState":false,"active":false,"unvisitedChildren":89,"miniMaxValue":0.0}
{"stateId":539,"originShotId":56944,"birdIndex":0,"times":1,"score":0,"totalScore":36770,"finalState":true,"active":false,"unvisitedChildren":0,"miniMaxValue":0.0}
{"stateId":681,"originShotId":12986,"birdIndex":0,"times":1,"score":4330,"totalScore":4330,"finalState":false,"active":false,"unvisitedChildren":503,"miniMaxValue":6860.0}
{"stateId":682,"originShotId":73961,"birdIndex":0,"times":1,"score":16020,"totalScore":20350,"finalState":false,"active":false,"unvisitedChildren":360,"miniMaxValue":6860.0}
{"stateId":683,"originShotId":74060,"birdIndex":0,"times":1,"score":8390,"totalScore":28740,"finalState":false,"active":false,"unvisitedChildren":244,"miniMaxValue":6860.0}
{"stateId":684,"originShotId":74137,"birdIndex":0,"times":1,"score":3980,"totalScore":32720,"finalState":false,"active":false,"unvisitedChildren":104,"miniMaxValue":6860.0}
{"stateId":685,"originShotId":74311,"birdIndex":0,"times":1,"score":6860,"totalScore":39580,"finalState":true,"active":false,"unvisitedChildren":0,"miniMaxValue":6860.0}
{"stateId":686,"originShotId":12980,"birdIndex":1,"times":5,"score":8980,"totalScore":8980,"finalState":false,"active":true,"unvisitedChildren":731,"miniMaxValue":5436.667}
{"stateId":687,"originShotId":74455,"birdIndex":2,"times":5,"score":4720,"totalScore":13700,"finalState":false,"active":true,"unvisitedChildren":600,"miniMaxValue":5436.667}
{"stateId":688,"originShotId":74599,"birdIndex":3,"times":4,"score":9970,"totalScore":23650,"finalState":false,"active":false,"unvisitedChildren":448,"miniMaxValue":5436.667}
{"stateId":689,"originShotId":74776,"birdIndex":0,"times":1,"score":6200,"totalScore":29670,"finalState":false,"active":false,"unvisitedChildren":104,"miniMaxValue":0.0}
{"stateId":690,"originShotId":74836,"birdIndex":0,"times":1,"score":0,"totalScore":29670,"finalState":true,"active":false,"unvisitedChildren":0,"miniMaxValue":0.0}
{"stateId":693,"originShotId":53733,"birdIndex":3,"times":2,"score":34660,"totalScore":54140,"finalState":true,"active":false,"unvisitedChildren":0,"miniMaxValue":34660.0}
{"stateId":694,"originShotId":53609,"birdIndex":2,"times":1,"score":3360,"totalScore":14320,"finalState":false,"active":false,"unvisitedChildren":333,"miniMaxValue":10170.0}
{"stateId":695,"originShotId":74977,"birdIndex":3,"times":1,"score":6070,"totalScore":20390,"finalState":false,"active":false,"unvisitedChildren":208,"miniMaxValue":10170.0}
{"stateId":696,"originShotId":75085,"birdIndex":4,"times":1,"score":10520,"totalScore":30910,"finalState":false,"active":false,"unvisitedChildren":89,"miniMaxValue":10170.0}
{"stateId":697,"originShotId":75181,"birdIndex":5,"times":1,"score":10170,"totalScore":41080,"finalState":true,"active":false,"unvisitedChildren":0,"miniMaxValue":10170.0}
{"stateId":698,"originShotId":74777,"birdIndex":4,"times":2,"score":8370,"totalScore":32050,"finalState":false,"active":false,"unvisitedChildren":104,"miniMaxValue":8155.0}
{"stateId":699,"originShotId":75268,"birdIndex":5,"times":1,"score":7030,"totalScore":39850,"finalState":true,"active":false,"unvisitedChildren":0,"miniMaxValue":7030.0}
{"stateId":700,"originShotId":74777,"birdIndex":4,"times":1,"score":3910,"totalScore":28580,"finalState":false,"active":false,"unvisitedChildren":104,"miniMaxValue":0.0}
{"stateId":701,"originShotId":75430,"birdIndex":5,"times":1,"score":0,"totalScore":28580,"finalState":true,"active":false,"unvisitedChildren":0,"miniMaxValue":0.0}
{"stateId":702,"originShotId":75268,"birdIndex":5,"times":1,"score":9280,"totalScore":40560,"finalState":true,"active":false,"unvisitedChildren":0,"miniMaxValue":9280.0}
{"stateId":703,"originShotId":37673,"birdIndex":4,"times":1,"score":25360,"totalScore":43920,"finalState":true,"active":false,"unvisitedChildren":0,"miniMaxValue":25360.0}
{"stateId":704,"originShotId":12977,"birdIndex":1,"times":1,"score":2360,"totalScore":2360,"finalState":false,"active":false,"unvisitedChildren":539,"miniMaxValue":9890.0}
{"stateId":705,"originShotId":75570,"birdIndex":2,"times":1,"score":7710,"totalScore":10070,"finalState":false,"active":false,"unvisitedChildren":378,"miniMaxValue":9890.0}
{"stateId":706,"originShotId":75708,"birdIndex":3,"times":1,"score":10590,"totalScore":20660,"finalState":false,"active":false,"unvisitedChildren":235,"miniMaxValue":9890.0}
{"stateId":707,"originShotId":75807,"birdIndex":4,"times":1,"score":11620,"totalScore":32280,"finalState":false,"active":false,"unvisitedChildren":95,"miniMaxValue":9890.0}
{"stateId":708,"originShotId":75930,"birdIndex":5,"times":1,"score":9890,"totalScore":42170,"finalState":true,"active":false,"unvisitedChildren":0,"miniMaxValue":9890.0}
{"stateId":709,"originShotId":37673,"birdIndex":4,"times":1,"score":10740,"totalScore":32050,"finalState":false,"active":false,"unvisitedChildren":140,"miniMaxValue":6600.0}
{"stateId":710,"originShotId":76020,"birdIndex":5,"times":1,"score":6600,"totalScore":38650,"finalState":true,"active":false,"unvisitedChildren":0,"miniMaxValue":6600.0}
{"stateId":711,"originShotId":74599,"birdIndex":3,"times":1,"score":16270,"totalScore":29990,"finalState":false,"active":true,"unvisitedChildren":0,"miniMaxValue":0.0}
{"stateId":712,"originShotId":76158,"birdIndex":4,"times":1,"score":16720,"totalScore":46710,"finalState":true,"active":true,"unvisitedChildren":0,"miniMaxValue":0.0}
