{"stateId":1,"originShotId":-1,"birdIndex":0,"times":0,"score":0,"totalScore":0,"finalState":false,"active":false,"unvisitedChildren":1920,"miniMaxValue":0.0}
{"stateId":2,"originShotId":42,"birdIndex":0,"times":3,"score":1540,"totalScore":1540,"finalState":false,"active":false,"unvisitedChildren":143,"miniMaxValue":17910.0}
{"stateId":3,"originShotId":78,"birdIndex":0,"times":1,"score":6070,"totalScore":7610,"finalState":false,"active":false,"unvisitedChildren":67,"miniMaxValue":0.0}
{"stateId":4,"originShotId":119,"birdIndex":0,"times":1,"score":660,"totalScore":8270,"finalState":false,"active":false,"unvisitedChildren":26,"miniMaxValue":0.0}
{"stateId":5,"originShotId":164,"birdIndex":0,"times":1,"score":0,"totalScore":8270,"finalState":true,"active":false,"unvisitedChildren":0,"miniMaxValue":0.0}
{"stateId":9,"originShotId":40,"birdIndex":0,"times":2,"score":6360,"totalScore":6360,"finalState":false,"active":false,"unvisitedChildren":77,"miniMaxValue":16430.0}
{"stateId":10,"originShotId":222,"birdIndex":0,"times":1,"score":1670,"totalScore":8030,"finalState":false,"active":false,"unvisitedChildren":27,"miniMaxValue":0.0}
{"stateId":11,"originShotId":242,"birdIndex":0,"times":1,"score":1400,"totalScore":9430,"finalState":false,"active":false,"unvisitedChildren":11,"miniMaxValue":0.0}
{"stateId":12,"originShotId":248,"birdIndex":0,"times":1,"score":0,"totalScore":9430,"finalState":true,"active":false,"unvisitedChildren":0,"miniMaxValue":0.0}
{"stateId":21,"originShotId":395,"birdIndex":0,"times":1,"score":7220,"totalScore":9860,"finalState":false,"active":false,"unvisitedChildren":21,"miniMaxValue":15030.0}
{"stateId":20,"originShotId":35,"birdIndex":0,"times":2,"score":2640,"totalScore":2640,"finalState":false,"active":false,"unvisitedChildren":88,"miniMaxValue":15030.0}
{"stateId":22,"originShotId":407,"birdIndex":0,"times":1,"score":15030,"totalScore":28650,"finalState":true,"active":false,"unvisitedChildren":0,"miniMaxValue":15030.0}
{"stateId":35,"originShotId":33,"birdIndex":0,"times":2,"score":1900,"totalScore":1900,"finalState":false,"active":false,"unvisitedChildren":109,"miniMaxValue":5960.0}
{"stateId":38,"originShotId":677,"birdIndex":0,"times":1,"score":0,"totalScore":11870,"finalState":true,"active":false,"unvisitedChildren":0,"miniMaxValue":0.0}
{"stateId":36,"originShotId":630,"birdIndex":0,"times":1,"score":6920,"totalScore":8820,"finalState":false,"active":false,"unvisitedChildren":42,"miniMaxValue":0.0}
{"stateId":37,"originShotId":646,"birdIndex":0,"times":1,"score":3050,"totalScore":11870,"finalState":false,"active":false,"unvisitedChildren":22,"miniMaxValue":0.0}
{"stateId":46,"originShotId":781,"birdIndex":0,"times":1,"score":1970,"totalScore":8660,"finalState":false,"active":false,"unvisitedChildren":14,"miniMaxValue":15030.0}
{"stateId":47,"originShotId":800,"birdIndex":0,"times":1,"score":15030,"totalScore":25040,"finalState":true,"active":false,"unvisitedChildren":0,"miniMaxValue":15030.0}
{"stateId":45,"originShotId":4,"birdIndex":0,"times":2,"score":6690,"totalScore":6690,"finalState":false,"active":false,"unvisitedChildren":31,"miniMaxValue":26940.0}
{"stateId":51,"originShotId":7,"birdIndex":0,"times":2,"score":6710,"totalScore":6710,"finalState":false,"active":false,"unvisitedChildren":52,"miniMaxValue":27990.0}
{"stateId":52,"originShotId":872,"birdIndex":0,"times":1,"score":27990,"totalScore":34700,"finalState":true,"active":false,"unvisitedChildren":0,"miniMaxValue":27990.0}
{"stateId":63,"originShotId":29,"birdIndex":0,"times":2,"score":1720,"totalScore":1720,"finalState":false,"active":false,"unvisitedChildren":109,"miniMaxValue":23120.0}
{"stateId":62,"originShotId":1011,"birdIndex":0,"times":1,"score":16230,"totalScore":24930,"finalState":true,"active":false,"unvisitedChildren":0,"miniMaxValue":16230.0}
{"stateId":61,"originShotId":1007,"birdIndex":0,"times":1,"score":6570,"totalScore":8700,"finalState":false,"active":false,"unvisitedChildren":18,"miniMaxValue":16230.0}
{"stateId":60,"originShotId":32,"birdIndex":0,"times":2,"score":2130,"totalScore":2130,"finalState":false,"active":false,"unvisitedChildren":78,"miniMaxValue":16230.0}
{"stateId":70,"originShotId":18,"birdIndex":0,"times":2,"score":6130,"totalScore":6130,"finalState":false,"active":false,"unvisitedChildren":18,"miniMaxValue":28340.0}
{"stateId":71,"originShotId":1193,"birdIndex":0,"times":1,"score":28340,"totalScore":34470,"finalState":true,"active":false,"unvisitedChildren":0,"miniMaxValue":28340.0}
{"stateId":64,"originShotId":1058,"birdIndex":0,"times":1,"score":1670,"totalScore":3390,"finalState":false,"active":false,"unvisitedChildren":37,"miniMaxValue":23120.0}
{"stateId":65,"originShotId":1090,"birdIndex":0,"times":1,"score":23120,"totalScore":26510,"finalState":true,"active":false,"unvisitedChildren":0,"miniMaxValue":23120.0}
{"stateId":76,"originShotId":1268,"birdIndex":0,"times":1,"score":26490,"totalScore":34690,"finalState":true,"active":false,"unvisitedChildren":0,"miniMaxValue":26490.0}
{"stateId":75,"originShotId":27,"birdIndex":0,"times":2,"score":8200,"totalScore":8200,"finalState":false,"active":false,"unvisitedChildren":43,"miniMaxValue":26490.0}
{"stateId":84,"originShotId":1403,"birdIndex":0,"times":1,"score":6020,"totalScore":17890,"finalState":true,"active":false,"unvisitedChildren":0,"miniMaxValue":6020.0}
{"stateId":81,"originShotId":22,"birdIndex":0,"times":2,"score":3630,"totalScore":3630,"finalState":false,"active":false,"unvisitedChildren":71,"miniMaxValue":16020.0}
{"stateId":83,"originShotId":1387,"birdIndex":0,"times":1,"score":6050,"totalScore":11870,"finalState":false,"active":false,"unvisitedChildren":14,"miniMaxValue":6020.0}
{"stateId":82,"originShotId":1366,"birdIndex":0,"times":1,"score":2190,"totalScore":5820,"finalState":false,"active":false,"unvisitedChildren":34,"miniMaxValue":6020.0}
{"stateId":93,"originShotId":1560,"birdIndex":0,"times":1,"score":1940,"totalScore":5170,"finalState":false,"active":false,"unvisitedChildren":19,"miniMaxValue":0.0}
{"stateId":92,"originShotId":1513,"birdIndex":0,"times":1,"score":1550,"totalScore":3230,"finalState":false,"active":false,"unvisitedChildren":46,"miniMaxValue":0.0}
{"stateId":95,"originShotId":16,"birdIndex":1,"times":62,"score":6847,"totalScore":6847,"finalState":false,"active":false,"unvisitedChildren":108,"miniMaxValue":28189.0}
{"stateId":94,"originShotId":1585,"birdIndex":0,"times":1,"score":0,"totalScore":10680,"finalState":true,"active":false,"unvisitedChildren":0,"miniMaxValue":0.0}
{"stateId":89,"originShotId":1456,"birdIndex":0,"times":1,"score":6560,"totalScore":8650,"finalState":false,"active":false,"unvisitedChildren":27,"miniMaxValue":16180.0}
{"stateId":88,"originShotId":20,"birdIndex":0,"times":2,"score":2090,"totalScore":2090,"finalState":false,"active":false,"unvisitedChildren":81,"miniMaxValue":16310.0}
{"stateId":91,"originShotId":21,"birdIndex":0,"times":2,"score":1680,"totalScore":1680,"finalState":false,"active":false,"unvisitedChildren":125,"miniMaxValue":8320.0}
{"stateId":90,"originShotId":1505,"birdIndex":0,"times":1,"score":16180,"totalScore":24830,"finalState":true,"active":false,"unvisitedChildren":0,"miniMaxValue":16180.0}
{"stateId":102,"originShotId":1759,"birdIndex":0,"times":1,"score":7990,"totalScore":18350,"finalState":true,"active":false,"unvisitedChildren":0,"miniMaxValue":7990.0}
{"stateId":103,"originShotId":24,"birdIndex":0,"times":2,"score":2490,"totalScore":2490,"finalState":false,"active":false,"unvisitedChildren":90,"miniMaxValue":6070.0}
{"stateId":100,"originShotId":1720,"birdIndex":0,"times":1,"score":3270,"totalScore":5040,"finalState":false,"active":false,"unvisitedChildren":40,"miniMaxValue":7990.0}
{"stateId":101,"originShotId":1742,"birdIndex":0,"times":1,"score":5320,"totalScore":10360,"finalState":false,"active":false,"unvisitedChildren":20,"miniMaxValue":7990.0}
{"stateId":98,"originShotId":1696,"birdIndex":0,"times":1,"score":5730,"totalScore":15660,"finalState":true,"active":false,"unvisitedChildren":0,"miniMaxValue":5730.0}
{"stateId":99,"originShotId":17,"birdIndex":0,"times":2,"score":1770,"totalScore":1770,"finalState":false,"active":false,"unvisitedChildren":105,"miniMaxValue":7990.0}
{"stateId":96,"originShotId":1613,"birdIndex":0,"times":1,"score":2250,"totalScore":8460,"finalState":false,"active":false,"unvisitedChildren":74,"miniMaxValue":5730.0}
{"stateId":97,"originShotId":1648,"birdIndex":0,"times":1,"score":1470,"totalScore":9930,"finalState":false,"active":false,"unvisitedChildren":39,"miniMaxValue":5730.0}
{"stateId":106,"originShotId":1813,"birdIndex":0,"times":1,"score":6070,"totalScore":16280,"finalState":true,"active":false,"unvisitedChildren":0,"miniMaxValue":6070.0}
{"stateId":104,"originShotId":1784,"birdIndex":0,"times":1,"score":3610,"totalScore":6130,"finalState":false,"active":false,"unvisitedChildren":30,"miniMaxValue":6070.0}
{"stateId":105,"originShotId":1800,"birdIndex":0,"times":1,"score":4080,"totalScore":10210,"finalState":false,"active":false,"unvisitedChildren":15,"miniMaxValue":6070.0}
{"stateId":116,"originShotId":2004,"birdIndex":0,"times":1,"score":27680,"totalScore":36090,"finalState":true,"active":false,"unvisitedChildren":0,"miniMaxValue":27680.0}
{"stateId":115,"originShotId":3,"birdIndex":0,"times":1,"score":8410,"totalScore":8410,"finalState":false,"active":false,"unvisitedChildren":15,"miniMaxValue":27680.0}
{"stateId":124,"originShotId":2150,"birdIndex":0,"times":1,"score":6000,"totalScore":16390,"finalState":true,"active":false,"unvisitedChildren":0,"miniMaxValue":6000.0}
{"stateId":123,"originShotId":2106,"birdIndex":0,"times":1,"score":1030,"totalScore":10390,"finalState":false,"active":false,"unvisitedChildren":21,"miniMaxValue":6000.0}
{"stateId":122,"originShotId":2103,"birdIndex":0,"times":1,"score":6560,"totalScore":9360,"finalState":false,"active":false,"unvisitedChildren":46,"miniMaxValue":6000.0}
{"stateId":121,"originShotId":1,"birdIndex":0,"times":1,"score":2800,"totalScore":2800,"finalState":false,"active":false,"unvisitedChildren":67,"miniMaxValue":6000.0}
{"stateId":136,"originShotId":2345,"birdIndex":0,"times":1,"score":16280,"totalScore":25860,"finalState":true,"active":false,"unvisitedChildren":0,"miniMaxValue":16280.0}
{"stateId":129,"originShotId":2225,"birdIndex":0,"times":1,"score":31470,"totalScore":34480,"finalState":true,"active":false,"unvisitedChildren":0,"miniMaxValue":31470.0}
{"stateId":128,"originShotId":11,"birdIndex":1,"times":3,"score":3762,"totalScore":3762,"finalState":false,"active":false,"unvisitedChildren":22,"miniMaxValue":27176.668}
{"stateId":131,"originShotId":2232,"birdIndex":0,"times":1,"score":1600,"totalScore":3570,"finalState":false,"active":false,"unvisitedChildren":41,"miniMaxValue":6050.0}
{"stateId":130,"originShotId":12,"birdIndex":0,"times":1,"score":1970,"totalScore":1970,"finalState":false,"active":false,"unvisitedChildren":67,"miniMaxValue":6050.0}
{"stateId":133,"originShotId":2295,"birdIndex":0,"times":1,"score":6050,"totalScore":15690,"finalState":true,"active":false,"unvisitedChildren":0,"miniMaxValue":6050.0}
{"stateId":132,"originShotId":2275,"birdIndex":0,"times":1,"score":6070,"totalScore":9640,"finalState":false,"active":false,"unvisitedChildren":18,"miniMaxValue":6050.0}
{"stateId":135,"originShotId":2319,"birdIndex":0,"times":1,"score":6680,"totalScore":9580,"finalState":false,"active":false,"unvisitedChildren":24,"miniMaxValue":16280.0}
{"stateId":134,"originShotId":13,"birdIndex":0,"times":1,"score":2900,"totalScore":2900,"finalState":false,"active":false,"unvisitedChildren":48,"miniMaxValue":16280.0}
{"stateId":157,"originShotId":396,"birdIndex":0,"times":1,"score":6400,"totalScore":9040,"finalState":false,"active":false,"unvisitedChildren":44,"miniMaxValue":5970.0}
{"stateId":158,"originShotId":2679,"birdIndex":0,"times":1,"score":3130,"totalScore":12170,"finalState":false,"active":false,"unvisitedChildren":22,"miniMaxValue":5970.0}
{"stateId":159,"originShotId":2711,"birdIndex":0,"times":1,"score":5970,"totalScore":18140,"finalState":true,"active":false,"unvisitedChildren":0,"miniMaxValue":5970.0}
{"stateId":144,"originShotId":79,"birdIndex":0,"times":1,"score":6100,"totalScore":7640,"finalState":false,"active":false,"unvisitedChildren":26,"miniMaxValue":17910.0}
{"stateId":145,"originShotId":2492,"birdIndex":0,"times":1,"score":17910,"totalScore":25550,"finalState":true,"active":false,"unvisitedChildren":0,"miniMaxValue":17910.0}
{"stateId":149,"originShotId":224,"birdIndex":0,"times":1,"score":1620,"totalScore":7980,"finalState":false,"active":false,"unvisitedChildren":30,"miniMaxValue":16430.0}
{"stateId":150,"originShotId":2576,"birdIndex":0,"times":1,"score":16430,"totalScore":24410,"finalState":true,"active":false,"unvisitedChildren":0,"miniMaxValue":16430.0}
{"stateId":171,"originShotId":2879,"birdIndex":0,"times":1,"score":5960,"totalScore":15930,"finalState":true,"active":false,"unvisitedChildren":0,"miniMaxValue":5960.0}
{"stateId":170,"originShotId":2830,"birdIndex":0,"times":1,"score":2080,"totalScore":9970,"finalState":false,"active":false,"unvisitedChildren":26,"miniMaxValue":5960.0}
{"stateId":169,"originShotId":633,"birdIndex":0,"times":1,"score":5990,"totalScore":7890,"finalState":false,"active":false,"unvisitedChildren":50,"miniMaxValue":5960.0}
{"stateId":190,"originShotId":3136,"birdIndex":0,"times":1,"score":6230,"totalScore":17250,"finalState":true,"active":false,"unvisitedChildren":0,"miniMaxValue":6230.0}
{"stateId":191,"originShotId":1061,"birdIndex":0,"times":1,"score":6460,"totalScore":8180,"finalState":false,"active":false,"unvisitedChildren":38,"miniMaxValue":16230.0}
{"stateId":188,"originShotId":1006,"birdIndex":0,"times":1,"score":2300,"totalScore":4430,"finalState":false,"active":false,"unvisitedChildren":38,"miniMaxValue":6230.0}
{"stateId":189,"originShotId":3117,"birdIndex":0,"times":1,"score":6590,"totalScore":11020,"finalState":false,"active":false,"unvisitedChildren":17,"miniMaxValue":6230.0}
{"stateId":177,"originShotId":783,"birdIndex":0,"times":1,"score":26940,"totalScore":33630,"finalState":true,"active":false,"unvisitedChildren":0,"miniMaxValue":26940.0}
{"stateId":182,"originShotId":3023,"birdIndex":0,"times":1,"score":16040,"totalScore":25910,"finalState":true,"active":false,"unvisitedChildren":0,"miniMaxValue":16040.0}
{"stateId":181,"originShotId":869,"birdIndex":0,"times":1,"score":3160,"totalScore":9870,"finalState":false,"active":false,"unvisitedChildren":25,"miniMaxValue":16040.0}
{"stateId":205,"originShotId":1367,"birdIndex":0,"times":1,"score":6730,"totalScore":10360,"finalState":false,"active":false,"unvisitedChildren":19,"miniMaxValue":16020.0}
{"stateId":206,"originShotId":3366,"birdIndex":0,"times":1,"score":16020,"totalScore":26380,"finalState":true,"active":false,"unvisitedChildren":0,"miniMaxValue":16020.0}
{"stateId":201,"originShotId":3298,"birdIndex":0,"times":1,"score":16040,"totalScore":26140,"finalState":true,"active":false,"unvisitedChildren":0,"miniMaxValue":16040.0}
{"stateId":200,"originShotId":1269,"birdIndex":0,"times":1,"score":1900,"totalScore":10100,"finalState":false,"active":false,"unvisitedChildren":20,"miniMaxValue":16040.0}
{"stateId":197,"originShotId":1186,"birdIndex":0,"times":1,"score":27570,"totalScore":33700,"finalState":true,"active":false,"unvisitedChildren":0,"miniMaxValue":27570.0}
{"stateId":192,"originShotId":3175,"birdIndex":0,"times":1,"score":16230,"totalScore":24410,"finalState":true,"active":false,"unvisitedChildren":0,"miniMaxValue":16230.0}
{"stateId":220,"originShotId":3562,"birdIndex":0,"times":1,"score":0,"totalScore":10170,"finalState":true,"active":false,"unvisitedChildren":0,"miniMaxValue":0.0}
{"stateId":221,"originShotId":2225,"birdIndex":0,"times":1,"score":25030,"totalScore":34620,"finalState":true,"active":false,"unvisitedChildren":0,"miniMaxValue":25030.0}
{"stateId":216,"originShotId":3486,"birdIndex":0,"times":1,"score":3160,"totalScore":11810,"finalState":false,"active":false,"unvisitedChildren":20,"miniMaxValue":6040.0}
{"stateId":217,"originShotId":3518,"birdIndex":0,"times":1,"score":6040,"totalScore":17850,"finalState":true,"active":false,"unvisitedChildren":0,"miniMaxValue":6040.0}
{"stateId":218,"originShotId":1783,"birdIndex":0,"times":1,"score":1620,"totalScore":4110,"finalState":false,"active":false,"unvisitedChildren":42,"miniMaxValue":0.0}
{"stateId":219,"originShotId":3542,"birdIndex":0,"times":1,"score":6060,"totalScore":10170,"finalState":false,"active":false,"unvisitedChildren":18,"miniMaxValue":0.0}
{"stateId":212,"originShotId":3450,"birdIndex":0,"times":1,"score":6260,"totalScore":10300,"finalState":false,"active":false,"unvisitedChildren":23,"miniMaxValue":8320.0}
{"stateId":213,"originShotId":3468,"birdIndex":0,"times":1,"score":8320,"totalScore":18620,"finalState":true,"active":false,"unvisitedChildren":0,"miniMaxValue":8320.0}
{"stateId":214,"originShotId":1617,"birdIndex":2,"times":61,"score":28189,"totalScore":35037,"finalState":true,"active":false,"unvisitedChildren":0,"miniMaxValue":28189.0}
{"stateId":215,"originShotId":1722,"birdIndex":0,"times":1,"score":6880,"totalScore":8650,"finalState":false,"active":false,"unvisitedChildren":42,"miniMaxValue":6040.0}
{"stateId":209,"originShotId":1472,"birdIndex":0,"times":1,"score":7950,"totalScore":10040,"finalState":false,"active":false,"unvisitedChildren":27,"miniMaxValue":16310.0}
{"stateId":210,"originShotId":3422,"birdIndex":0,"times":1,"score":16310,"totalScore":26350,"finalState":true,"active":false,"unvisitedChildren":0,"miniMaxValue":16310.0}
{"stateId":211,"originShotId":1534,"birdIndex":0,"times":1,"score":2360,"totalScore":4040,"finalState":false,"active":false,"unvisitedChildren":49,"miniMaxValue":8320.0}
{"stateId":239,"originShotId":3911,"birdIndex":0,"times":1,"score":1100,"totalScore":3170,"finalState":false,"active":false,"unvisitedChildren":37,"miniMaxValue":0.0}
{"stateId":238,"originShotId":3896,"birdIndex":0,"times":1,"score":2070,"totalScore":2070,"finalState":false,"active":false,"unvisitedChildren":54,"miniMaxValue":0.0}
{"stateId":233,"originShotId":3824,"birdIndex":2,"times":26,"score":28339,"totalScore":36079,"finalState":true,"active":true,"unvisitedChildren":0,"miniMaxValue":28339.0}
{"stateId":232,"originShotId":38,"birdIndex":1,"times":26,"score":7740,"totalScore":7740,"finalState":false,"active":true,"unvisitedChildren":44,"miniMaxValue":28339.0}
{"stateId":231,"originShotId":3770,"birdIndex":0,"times":1,"score":7040,"totalScore":15830,"finalState":true,"active":false,"unvisitedChildren":0,"miniMaxValue":7040.0}
{"stateId":230,"originShotId":3727,"birdIndex":0,"times":1,"score":1670,"totalScore":8790,"finalState":false,"active":false,"unvisitedChildren":27,"miniMaxValue":7040.0}
{"stateId":229,"originShotId":3697,"birdIndex":0,"times":1,"score":660,"totalScore":7120,"finalState":false,"active":false,"unvisitedChildren":54,"miniMaxValue":7040.0}
{"stateId":228,"originShotId":9,"birdIndex":0,"times":1,"score":6460,"totalScore":6460,"finalState":false,"active":false,"unvisitedChildren":104,"miniMaxValue":7040.0}
{"stateId":248,"originShotId":4068,"birdIndex":3,"times":1,"score":17370,"totalScore":24870,"finalState":true,"active":false,"unvisitedChildren":0,"miniMaxValue":17370.0}
{"stateId":249,"originShotId":2225,"birdIndex":2,"times":1,"score":25030,"totalScore":34680,"finalState":true,"active":false,"unvisitedChildren":0,"miniMaxValue":25030.0}
{"stateId":246,"originShotId":18,"birdIndex":1,"times":1,"score":1090,"totalScore":1090,"finalState":false,"active":false,"unvisitedChildren":83,"miniMaxValue":17370.0}
{"stateId":247,"originShotId":4038,"birdIndex":2,"times":1,"score":6410,"totalScore":7500,"finalState":false,"active":false,"unvisitedChildren":48,"miniMaxValue":17370.0}
{"stateId":244,"originShotId":4000,"birdIndex":0,"times":1,"score":3790,"totalScore":11460,"finalState":false,"active":false,"unvisitedChildren":15,"miniMaxValue":6130.0}
{"stateId":245,"originShotId":4021,"birdIndex":0,"times":1,"score":6130,"totalScore":17590,"finalState":true,"active":false,"unvisitedChildren":0,"miniMaxValue":6130.0}
{"stateId":242,"originShotId":3957,"birdIndex":0,"times":1,"score":1600,"totalScore":1600,"finalState":false,"active":false,"unvisitedChildren":68,"miniMaxValue":6130.0}
{"stateId":243,"originShotId":3986,"birdIndex":0,"times":1,"score":6070,"totalScore":7670,"finalState":false,"active":false,"unvisitedChildren":40,"miniMaxValue":6130.0}
{"stateId":240,"originShotId":3931,"birdIndex":0,"times":1,"score":6670,"totalScore":9840,"finalState":false,"active":false,"unvisitedChildren":21,"miniMaxValue":0.0}
{"stateId":241,"originShotId":3934,"birdIndex":0,"times":1,"score":0,"totalScore":9840,"finalState":true,"active":false,"unvisitedChildren":0,"miniMaxValue":0.0}
