{"stateId":1,"originShotId":-1,"birdIndex":0,"times":0,"score":0,"totalScore":0,"finalState":false,"active":false,"unvisitedChildren":3914,"miniMaxValue":0.0}
{"stateId":13,"originShotId":44,"birdIndex":0,"times":8,"score":5070,"totalScore":5070,"finalState":false,"active":false,"unvisitedChildren":376,"miniMaxValue":22536.668}
{"stateId":14,"originShotId":525,"birdIndex":0,"times":1,"score":7230,"totalScore":12300,"finalState":false,"active":false,"unvisitedChildren":79,"miniMaxValue":0.0}
{"stateId":15,"originShotId":562,"birdIndex":0,"times":1,"score":720,"totalScore":13020,"finalState":false,"active":false,"unvisitedChildren":39,"miniMaxValue":0.0}
{"stateId":16,"originShotId":627,"birdIndex":0,"times":1,"score":0,"totalScore":13020,"finalState":true,"active":false,"unvisitedChildren":0,"miniMaxValue":0.0}
{"stateId":20,"originShotId":32,"birdIndex":0,"times":2,"score":19385,"totalScore":19385,"finalState":false,"active":false,"unvisitedChildren":72,"miniMaxValue":21415.0}
{"stateId":21,"originShotId":705,"birdIndex":0,"times":1,"score":1760,"totalScore":14860,"finalState":false,"active":false,"unvisitedChildren":35,"miniMaxValue":16220.0}
{"stateId":22,"originShotId":748,"birdIndex":0,"times":1,"score":16220,"totalScore":31080,"finalState":true,"active":false,"unvisitedChildren":0,"miniMaxValue":16220.0}
{"stateId":24,"originShotId":705,"birdIndex":0,"times":1,"score":26610,"totalScore":39180,"finalState":true,"active":false,"unvisitedChildren":0,"miniMaxValue":26610.0}
{"stateId":28,"originShotId":32,"birdIndex":0,"times":4,"score":12735,"totalScore":12735,"finalState":false,"active":false,"unvisitedChildren":131,"miniMaxValue":0.0}
{"stateId":29,"originShotId":820,"birdIndex":0,"times":4,"score":1260,"totalScore":13995,"finalState":false,"active":false,"unvisitedChildren":21,"miniMaxValue":0.0}
{"stateId":30,"originShotId":918,"birdIndex":0,"times":4,"score":1331,"totalScore":15326,"finalState":false,"active":false,"unvisitedChildren":11,"miniMaxValue":0.0}
{"stateId":31,"originShotId":926,"birdIndex":0,"times":4,"score":0,"totalScore":15326,"finalState":true,"active":false,"unvisitedChildren":0,"miniMaxValue":0.0}
{"stateId":32,"originShotId":41,"birdIndex":0,"times":3,"score":5187,"totalScore":5187,"finalState":false,"active":false,"unvisitedChildren":202,"miniMaxValue":0.0}
{"stateId":33,"originShotId":42,"birdIndex":0,"times":1,"score":5090,"totalScore":5090,"finalState":false,"active":false,"unvisitedChildren":113,"miniMaxValue":6080.0}
{"stateId":34,"originShotId":957,"birdIndex":0,"times":1,"score":6290,"totalScore":11380,"finalState":false,"active":false,"unvisitedChildren":82,"miniMaxValue":6080.0}
{"stateId":35,"originShotId":1002,"birdIndex":0,"times":1,"score":1170,"totalScore":12550,"finalState":false,"active":false,"unvisitedChildren":42,"miniMaxValue":6080.0}
{"stateId":36,"originShotId":1048,"birdIndex":0,"times":1,"score":6080,"totalScore":18630,"finalState":true,"active":false,"unvisitedChildren":0,"miniMaxValue":6080.0}
{"stateId":37,"originShotId":43,"birdIndex":0,"times":2,"score":5160,"totalScore":5160,"finalState":false,"active":false,"unvisitedChildren":241,"miniMaxValue":0.0}
{"stateId":38,"originShotId":1121,"birdIndex":0,"times":1,"score":6480,"totalScore":11640,"finalState":false,"active":false,"unvisitedChildren":86,"miniMaxValue":0.0}
{"stateId":39,"originShotId":1184,"birdIndex":0,"times":1,"score":1010,"totalScore":12650,"finalState":false,"active":false,"unvisitedChildren":44,"miniMaxValue":0.0}
{"stateId":40,"originShotId":1227,"birdIndex":0,"times":1,"score":0,"totalScore":12650,"finalState":true,"active":false,"unvisitedChildren":0,"miniMaxValue":0.0}
{"stateId":45,"originShotId":11,"birdIndex":0,"times":4,"score":5130,"totalScore":5130,"finalState":false,"active":false,"unvisitedChildren":351,"miniMaxValue":16180.0}
{"stateId":46,"originShotId":1439,"birdIndex":0,"times":1,"score":13350,"totalScore":18480,"finalState":false,"active":false,"unvisitedChildren":45,"miniMaxValue":16180.0}
{"stateId":47,"originShotId":1504,"birdIndex":0,"times":1,"score":16180,"totalScore":34660,"finalState":true,"active":false,"unvisitedChildren":0,"miniMaxValue":16180.0}
{"stateId":48,"originShotId":12,"birdIndex":0,"times":4,"score":5140,"totalScore":5140,"finalState":false,"active":false,"unvisitedChildren":268,"miniMaxValue":8730.0}
{"stateId":49,"originShotId":1527,"birdIndex":0,"times":1,"score":8130,"totalScore":13270,"finalState":false,"active":false,"unvisitedChildren":66,"miniMaxValue":6940.0}
{"stateId":50,"originShotId":1565,"birdIndex":0,"times":1,"score":1200,"totalScore":14470,"finalState":false,"active":false,"unvisitedChildren":31,"miniMaxValue":6940.0}
{"stateId":51,"originShotId":1594,"birdIndex":0,"times":1,"score":6940,"totalScore":21410,"finalState":true,"active":false,"unvisitedChildren":0,"miniMaxValue":6940.0}
{"stateId":52,"originShotId":5,"birdIndex":0,"times":2,"score":5170,"totalScore":5170,"finalState":false,"active":false,"unvisitedChildren":165,"miniMaxValue":0.0}
{"stateId":53,"originShotId":1628,"birdIndex":0,"times":1,"score":6450,"totalScore":11620,"finalState":false,"active":false,"unvisitedChildren":73,"miniMaxValue":0.0}
{"stateId":54,"originShotId":1676,"birdIndex":0,"times":1,"score":900,"totalScore":12520,"finalState":false,"active":false,"unvisitedChildren":26,"miniMaxValue":0.0}
{"stateId":55,"originShotId":1706,"birdIndex":0,"times":1,"score":0,"totalScore":12520,"finalState":true,"active":false,"unvisitedChildren":278,"miniMaxValue":0.0}
{"stateId":67,"originShotId":6,"birdIndex":0,"times":4,"score":5077,"totalScore":5077,"finalState":false,"active":false,"unvisitedChildren":355,"miniMaxValue":6130.0}
{"stateId":68,"originShotId":2073,"birdIndex":0,"times":1,"score":9380,"totalScore":14460,"finalState":false,"active":false,"unvisitedChildren":56,"miniMaxValue":6130.0}
{"stateId":69,"originShotId":2122,"birdIndex":0,"times":1,"score":3890,"totalScore":18350,"finalState":false,"active":false,"unvisitedChildren":26,"miniMaxValue":6130.0}
{"stateId":70,"originShotId":2151,"birdIndex":0,"times":1,"score":6130,"totalScore":24480,"finalState":true,"active":false,"unvisitedChildren":0,"miniMaxValue":6130.0}
{"stateId":71,"originShotId":24,"birdIndex":0,"times":1,"score":11260,"totalScore":11260,"finalState":false,"active":false,"unvisitedChildren":95,"miniMaxValue":0.0}
{"stateId":72,"originShotId":2184,"birdIndex":0,"times":1,"score":830,"totalScore":12090,"finalState":false,"active":false,"unvisitedChildren":63,"miniMaxValue":0.0}
{"stateId":73,"originShotId":2214,"birdIndex":0,"times":1,"score":1110,"totalScore":13200,"finalState":false,"active":false,"unvisitedChildren":34,"miniMaxValue":0.0}
{"stateId":74,"originShotId":2246,"birdIndex":0,"times":1,"score":0,"totalScore":13200,"finalState":true,"active":false,"unvisitedChildren":0,"miniMaxValue":0.0}
{"stateId":105,"originShotId":9,"birdIndex":0,"times":1,"score":5090,"totalScore":5090,"finalState":false,"active":false,"unvisitedChildren":146,"miniMaxValue":20690.0}
{"stateId":106,"originShotId":3074,"birdIndex":0,"times":1,"score":7780,"totalScore":12870,"finalState":false,"active":false,"unvisitedChildren":45,"miniMaxValue":20690.0}
{"stateId":107,"originShotId":3139,"birdIndex":0,"times":1,"score":20690,"totalScore":33560,"finalState":true,"active":false,"unvisitedChildren":0,"miniMaxValue":20690.0}
{"stateId":108,"originShotId":26,"birdIndex":0,"times":6,"score":12772,"totalScore":12772,"finalState":false,"active":false,"unvisitedChildren":119,"miniMaxValue":26472.0}
{"stateId":109,"originShotId":3249,"birdIndex":0,"times":6,"score":26472,"totalScore":39245,"finalState":true,"active":false,"unvisitedChildren":0,"miniMaxValue":26472.0}
{"stateId":111,"originShotId":33,"birdIndex":0,"times":1,"score":12390,"totalScore":12390,"finalState":false,"active":false,"unvisitedChildren":206,"miniMaxValue":6440.0}
{"stateId":112,"originShotId":3345,"birdIndex":0,"times":1,"score":950,"totalScore":13340,"finalState":false,"active":false,"unvisitedChildren":120,"miniMaxValue":6440.0}
{"stateId":113,"originShotId":3426,"birdIndex":0,"times":1,"score":5340,"totalScore":18680,"finalState":false,"active":false,"unvisitedChildren":44,"miniMaxValue":6440.0}
{"stateId":114,"originShotId":3472,"birdIndex":0,"times":1,"score":6440,"totalScore":25120,"finalState":true,"active":false,"unvisitedChildren":0,"miniMaxValue":6440.0}
{"stateId":115,"originShotId":28,"birdIndex":0,"times":1,"score":15490,"totalScore":15490,"finalState":false,"active":false,"unvisitedChildren":223,"miniMaxValue":16190.0}
{"stateId":116,"originShotId":3575,"birdIndex":0,"times":1,"score":3870,"totalScore":19360,"finalState":false,"active":false,"unvisitedChildren":119,"miniMaxValue":16190.0}
{"stateId":117,"originShotId":3695,"birdIndex":0,"times":1,"score":16190,"totalScore":35550,"finalState":true,"active":false,"unvisitedChildren":0,"miniMaxValue":16190.0}
{"stateId":118,"originShotId":29,"birdIndex":0,"times":2,"score":11560,"totalScore":11560,"finalState":false,"active":false,"unvisitedChildren":101,"miniMaxValue":26090.0}
{"stateId":119,"originShotId":3734,"birdIndex":0,"times":1,"score":26090,"totalScore":37650,"finalState":true,"active":false,"unvisitedChildren":0,"miniMaxValue":26090.0}
{"stateId":120,"originShotId":34,"birdIndex":0,"times":2,"score":16610,"totalScore":16610,"finalState":false,"active":false,"unvisitedChildren":128,"miniMaxValue":25520.0}
{"stateId":121,"originShotId":3858,"birdIndex":0,"times":2,"score":25520,"totalScore":42130,"finalState":true,"active":false,"unvisitedChildren":0,"miniMaxValue":25520.0}
{"stateId":122,"originShotId":35,"birdIndex":0,"times":11,"score":11560,"totalScore":11560,"finalState":false,"active":false,"unvisitedChildren":107,"miniMaxValue":26152.0}
{"stateId":123,"originShotId":3969,"birdIndex":0,"times":11,"score":26152,"totalScore":37712,"finalState":true,"active":false,"unvisitedChildren":0,"miniMaxValue":26152.0}
{"stateId":124,"originShotId":40,"birdIndex":0,"times":1,"score":8570,"totalScore":8570,"finalState":false,"active":false,"unvisitedChildren":138,"miniMaxValue":16170.0}
{"stateId":125,"originShotId":4080,"birdIndex":0,"times":1,"score":7610,"totalScore":16180,"finalState":false,"active":false,"unvisitedChildren":28,"miniMaxValue":16170.0}
{"stateId":126,"originShotId":4111,"birdIndex":0,"times":1,"score":16170,"totalScore":32350,"finalState":true,"active":false,"unvisitedChildren":0,"miniMaxValue":16170.0}
{"stateId":130,"originShotId":1,"birdIndex":0,"times":1,"score":5080,"totalScore":5080,"finalState":false,"active":false,"unvisitedChildren":95,"miniMaxValue":0.0}
{"stateId":131,"originShotId":4182,"birdIndex":0,"times":1,"score":130,"totalScore":5210,"finalState":false,"active":false,"unvisitedChildren":62,"miniMaxValue":0.0}
{"stateId":132,"originShotId":4213,"birdIndex":0,"times":1,"score":380,"totalScore":5590,"finalState":false,"active":false,"unvisitedChildren":31,"miniMaxValue":0.0}
{"stateId":133,"originShotId":4243,"birdIndex":0,"times":1,"score":0,"totalScore":14480,"finalState":true,"active":false,"unvisitedChildren":0,"miniMaxValue":0.0}
{"stateId":134,"originShotId":513,"birdIndex":0,"times":1,"score":33900,"totalScore":38970,"finalState":true,"active":false,"unvisitedChildren":0,"miniMaxValue":33900.0}
{"stateId":138,"originShotId":474,"birdIndex":0,"times":1,"score":12560,"totalScore":17630,"finalState":false,"active":false,"unvisitedChildren":43,"miniMaxValue":17010.0}
{"stateId":139,"originShotId":4457,"birdIndex":0,"times":1,"score":17010,"totalScore":34640,"finalState":true,"active":false,"unvisitedChildren":0,"miniMaxValue":17010.0}
{"stateId":140,"originShotId":1608,"birdIndex":0,"times":1,"score":40,"totalScore":5210,"finalState":false,"active":false,"unvisitedChildren":62,"miniMaxValue":0.0}
{"stateId":141,"originShotId":4460,"birdIndex":0,"times":1,"score":12250,"totalScore":17460,"finalState":false,"active":false,"unvisitedChildren":33,"miniMaxValue":0.0}
{"stateId":142,"originShotId":4515,"birdIndex":0,"times":1,"score":0,"totalScore":19030,"finalState":true,"active":false,"unvisitedChildren":0,"miniMaxValue":0.0}
{"stateId":143,"originShotId":1072,"birdIndex":0,"times":1,"score":140,"totalScore":5300,"finalState":false,"active":false,"unvisitedChildren":64,"miniMaxValue":0.0}
{"stateId":144,"originShotId":4527,"birdIndex":0,"times":1,"score":500,"totalScore":5800,"finalState":false,"active":false,"unvisitedChildren":33,"miniMaxValue":0.0}
{"stateId":145,"originShotId":4560,"birdIndex":0,"times":1,"score":0,"totalScore":6260,"finalState":true,"active":false,"unvisitedChildren":0,"miniMaxValue":0.0}
{"stateId":146,"originShotId":1508,"birdIndex":0,"times":1,"score":500,"totalScore":5640,"finalState":false,"active":false,"unvisitedChildren":52,"miniMaxValue":8730.0}
{"stateId":147,"originShotId":4612,"birdIndex":0,"times":1,"score":7230,"totalScore":12870,"finalState":false,"active":false,"unvisitedChildren":25,"miniMaxValue":8730.0}
{"stateId":148,"originShotId":4637,"birdIndex":0,"times":1,"score":8730,"totalScore":21600,"finalState":true,"active":false,"unvisitedChildren":0,"miniMaxValue":8730.0}
{"stateId":157,"originShotId":1388,"birdIndex":0,"times":1,"score":230,"totalScore":5360,"finalState":false,"active":false,"unvisitedChildren":89,"miniMaxValue":0.0}
{"stateId":158,"originShotId":4985,"birdIndex":0,"times":1,"score":400,"totalScore":5760,"finalState":false,"active":false,"unvisitedChildren":32,"miniMaxValue":0.0}
{"stateId":159,"originShotId":4989,"birdIndex":0,"times":1,"score":0,"totalScore":5760,"finalState":true,"active":false,"unvisitedChildren":0,"miniMaxValue":0.0}
{"stateId":160,"originShotId":1516,"birdIndex":0,"times":1,"score":90,"totalScore":5230,"finalState":false,"active":false,"unvisitedChildren":55,"miniMaxValue":0.0}
{"stateId":161,"originShotId":5019,"birdIndex":0,"times":1,"score":8990,"totalScore":14220,"finalState":false,"active":false,"unvisitedChildren":31,"miniMaxValue":0.0}
{"stateId":162,"originShotId":5073,"birdIndex":0,"times":1,"score":0,"totalScore":15450,"finalState":true,"active":false,"unvisitedChildren":0,"miniMaxValue":0.0}
{"stateId":163,"originShotId":5103,"birdIndex":0,"times":1,"score":330,"totalScore":5520,"finalState":false,"active":false,"unvisitedChildren":53,"miniMaxValue":0.0}
{"stateId":164,"originShotId":5172,"birdIndex":0,"times":1,"score":710,"totalScore":6230,"finalState":false,"active":false,"unvisitedChildren":27,"miniMaxValue":0.0}
{"stateId":165,"originShotId":5202,"birdIndex":0,"times":1,"score":0,"totalScore":6230,"finalState":true,"active":false,"unvisitedChildren":0,"miniMaxValue":0.0}
{"stateId":166,"originShotId":1386,"birdIndex":0,"times":1,"score":6620,"totalScore":11750,"finalState":false,"active":false,"unvisitedChildren":70,"miniMaxValue":0.0}
{"stateId":167,"originShotId":5259,"birdIndex":0,"times":1,"score":640,"totalScore":12390,"finalState":false,"active":false,"unvisitedChildren":34,"miniMaxValue":0.0}
{"stateId":168,"originShotId":5274,"birdIndex":0,"times":1,"score":0,"totalScore":12390,"finalState":true,"active":false,"unvisitedChildren":0,"miniMaxValue":0.0}
{"stateId":169,"originShotId":2013,"birdIndex":0,"times":1,"score":310,"totalScore":5390,"finalState":false,"active":false,"unvisitedChildren":64,"miniMaxValue":0.0}
{"stateId":170,"originShotId":5300,"birdIndex":0,"times":1,"score":490,"totalScore":5880,"finalState":false,"active":false,"unvisitedChildren":36,"miniMaxValue":0.0}
{"stateId":171,"originShotId":5360,"birdIndex":0,"times":1,"score":0,"totalScore":15860,"finalState":true,"active":false,"unvisitedChildren":0,"miniMaxValue":0.0}
{"stateId":172,"originShotId":5093,"birdIndex":0,"times":1,"score":170,"totalScore":5360,"finalState":false,"active":false,"unvisitedChildren":58,"miniMaxValue":0.0}
{"stateId":173,"originShotId":5367,"birdIndex":0,"times":1,"score":390,"totalScore":5750,"finalState":false,"active":false,"unvisitedChildren":30,"miniMaxValue":0.0}
{"stateId":174,"originShotId":5421,"birdIndex":0,"times":1,"score":0,"totalScore":5750,"finalState":true,"active":false,"unvisitedChildren":0,"miniMaxValue":0.0}
{"stateId":175,"originShotId":1511,"birdIndex":0,"times":1,"score":50,"totalScore":5190,"finalState":false,"active":false,"unvisitedChildren":71,"miniMaxValue":0.0}
{"stateId":176,"originShotId":5431,"birdIndex":0,"times":1,"score":440,"totalScore":5630,"finalState":false,"active":false,"unvisitedChildren":38,"miniMaxValue":0.0}
{"stateId":177,"originShotId":5460,"birdIndex":0,"times":1,"score":0,"totalScore":6030,"finalState":true,"active":false,"unvisitedChildren":0,"miniMaxValue":0.0}
{"stateId":181,"originShotId":2023,"birdIndex":0,"times":1,"score":7550,"totalScore":12620,"finalState":false,"active":false,"unvisitedChildren":67,"miniMaxValue":0.0}
{"stateId":182,"originShotId":5583,"birdIndex":0,"times":1,"score":1360,"totalScore":13980,"finalState":false,"active":false,"unvisitedChildren":37,"miniMaxValue":0.0}
{"stateId":183,"originShotId":5628,"birdIndex":0,"times":1,"score":0,"totalScore":14920,"finalState":true,"active":false,"unvisitedChildren":0,"miniMaxValue":0.0}
{"stateId":184,"originShotId":1380,"birdIndex":0,"times":1,"score":7280,"totalScore":12410,"finalState":false,"active":false,"unvisitedChildren":61,"miniMaxValue":0.0}
{"stateId":185,"originShotId":5644,"birdIndex":0,"times":1,"score":410,"totalScore":12820,"finalState":false,"active":false,"unvisitedChildren":31,"miniMaxValue":0.0}
{"stateId":186,"originShotId":5679,"birdIndex":0,"times":1,"score":0,"totalScore":13740,"finalState":true,"active":false,"unvisitedChildren":0,"miniMaxValue":0.0}
{"stateId":187,"originShotId":2005,"birdIndex":0,"times":1,"score":6990,"totalScore":12070,"finalState":false,"active":false,"unvisitedChildren":76,"miniMaxValue":0.0}
{"stateId":188,"originShotId":5708,"birdIndex":0,"times":1,"score":1070,"totalScore":13140,"finalState":false,"active":false,"unvisitedChildren":42,"miniMaxValue":0.0}
{"stateId":189,"originShotId":5767,"birdIndex":0,"times":1,"score":0,"totalScore":13140,"finalState":true,"active":false,"unvisitedChildren":0,"miniMaxValue":0.0}
{"stateId":190,"originShotId":3717,"birdIndex":0,"times":1,"score":50,"totalScore":11610,"finalState":false,"active":false,"unvisitedChildren":66,"miniMaxValue":0.0}
{"stateId":191,"originShotId":5808,"birdIndex":0,"times":1,"score":580,"totalScore":12190,"finalState":false,"active":false,"unvisitedChildren":30,"miniMaxValue":0.0}
{"stateId":192,"originShotId":5839,"birdIndex":0,"times":1,"score":0,"totalScore":13890,"finalState":true,"active":false,"unvisitedChildren":0,"miniMaxValue":0.0}
{"stateId":193,"originShotId":513,"birdIndex":0,"times":2,"score":33080,"totalScore":38150,"finalState":true,"active":false,"unvisitedChildren":0,"miniMaxValue":33080.0}
{"stateId":194,"originShotId":513,"birdIndex":0,"times":1,"score":10360,"totalScore":15430,"finalState":false,"active":false,"unvisitedChildren":31,"miniMaxValue":16000.0}
{"stateId":195,"originShotId":5871,"birdIndex":0,"times":1,"score":16000,"totalScore":31430,"finalState":true,"active":false,"unvisitedChildren":0,"miniMaxValue":16000.0}
{"stateId":196,"originShotId":513,"birdIndex":0,"times":1,"score":9090,"totalScore":14160,"finalState":false,"active":false,"unvisitedChildren":43,"miniMaxValue":19160.0}
{"stateId":197,"originShotId":5904,"birdIndex":0,"times":1,"score":19160,"totalScore":33320,"finalState":true,"active":false,"unvisitedChildren":0,"miniMaxValue":19160.0}
{"stateId":198,"originShotId":513,"birdIndex":0,"times":1,"score":7700,"totalScore":12770,"finalState":false,"active":false,"unvisitedChildren":63,"miniMaxValue":0.0}
{"stateId":199,"originShotId":5926,"birdIndex":0,"times":1,"score":720,"totalScore":13490,"finalState":false,"active":false,"unvisitedChildren":31,"miniMaxValue":0.0}
{"stateId":200,"originShotId":5975,"birdIndex":0,"times":1,"score":0,"totalScore":13490,"finalState":true,"active":false,"unvisitedChildren":0,"miniMaxValue":0.0}
{"stateId":201,"originShotId":26,"birdIndex":0,"times":3,"score":13632,"totalScore":13632,"finalState":false,"active":false,"unvisitedChildren":70,"miniMaxValue":23366.668}
{"stateId":202,"originShotId":5985,"birdIndex":0,"times":2,"score":26450,"totalScore":40095,"finalState":true,"active":false,"unvisitedChildren":0,"miniMaxValue":26450.0}
{"stateId":203,"originShotId":5985,"birdIndex":0,"times":1,"score":1270,"totalScore":14890,"finalState":false,"active":false,"unvisitedChildren":31,"miniMaxValue":17200.0}
{"stateId":204,"originShotId":6052,"birdIndex":0,"times":1,"score":17200,"totalScore":32090,"finalState":true,"active":false,"unvisitedChildren":0,"miniMaxValue":17200.0}
{"stateId":209,"originShotId":35,"birdIndex":1,"times":28,"score":48373,"totalScore":48373,"finalState":true,"active":false,"unvisitedChildren":0,"miniMaxValue":48373.0}
{"stateId":210,"originShotId":35,"birdIndex":1,"times":4,"score":49913,"totalScore":49913,"finalState":true,"active":false,"unvisitedChildren":0,"miniMaxValue":49913.0}
{"stateId":211,"originShotId":35,"birdIndex":1,"times":2,"score":50880,"totalScore":50880,"finalState":true,"active":false,"unvisitedChildren":0,"miniMaxValue":50880.0}
{"stateId":212,"originShotId":35,"birdIndex":0,"times":2,"score":52040,"totalScore":52040,"finalState":true,"active":false,"unvisitedChildren":0,"miniMaxValue":52040.0}
{"stateId":213,"originShotId":35,"birdIndex":1,"times":5,"score":13162,"totalScore":13162,"finalState":false,"active":false,"unvisitedChildren":194,"miniMaxValue":15876.0}
{"stateId":214,"originShotId":6150,"birdIndex":2,"times":1,"score":27410,"totalScore":40970,"finalState":true,"active":false,"unvisitedChildren":0,"miniMaxValue":27410.0}
{"stateId":215,"originShotId":6150,"birdIndex":2,"times":3,"score":142,"totalScore":13357,"finalState":false,"active":false,"unvisitedChildren":105,"miniMaxValue":7376.667}
{"stateId":216,"originShotId":6195,"birdIndex":3,"times":1,"score":16030,"totalScore":30120,"finalState":true,"active":false,"unvisitedChildren":0,"miniMaxValue":16030.0}
{"stateId":217,"originShotId":6150,"birdIndex":2,"times":1,"score":29840,"totalScore":43400,"finalState":true,"active":false,"unvisitedChildren":0,"miniMaxValue":29840.0}
{"stateId":218,"originShotId":6195,"birdIndex":3,"times":1,"score":620,"totalScore":14260,"finalState":false,"active":false,"unvisitedChildren":23,"miniMaxValue":0.0}
{"stateId":219,"originShotId":6220,"birdIndex":4,"times":1,"score":0,"totalScore":14260,"finalState":true,"active":false,"unvisitedChildren":0,"miniMaxValue":0.0}
{"stateId":220,"originShotId":6195,"birdIndex":3,"times":1,"score":5830,"totalScore":18680,"finalState":false,"active":false,"unvisitedChildren":58,"miniMaxValue":6100.0}
{"stateId":221,"originShotId":6281,"birdIndex":4,"times":1,"score":6100,"totalScore":24780,"finalState":true,"active":false,"unvisitedChildren":0,"miniMaxValue":6100.0}
{"stateId":222,"originShotId":35,"birdIndex":1,"times":1,"score":55720,"totalScore":55720,"finalState":true,"active":true,"unvisitedChildren":0,"miniMaxValue":0.0}
