{"stateId":1,"originShotId":-1,"birdIndex":0,"times":1,"score":0,"totalScore":0,"finalState":false,"active":false,"unvisitedChildren":77,"miniMaxValue":0.0}
{"stateId":2,"originShotId":17,"birdIndex":0,"times":3,"score":30290,"totalScore":30290,"finalState":true,"active":false,"unvisitedChildren":0,"miniMaxValue":30290.0}
{"stateId":3,"originShotId":18,"birdIndex":0,"times":3,"score":28040,"totalScore":28040,"finalState":true,"active":false,"unvisitedChildren":0,"miniMaxValue":28040.0}
{"stateId":4,"originShotId":24,"birdIndex":0,"times":1,"score":32830,"totalScore":32830,"finalState":true,"active":false,"unvisitedChildren":0,"miniMaxValue":32830.0}
{"stateId":5,"originShotId":25,"birdIndex":0,"times":2,"score":31540,"totalScore":31540,"finalState":true,"active":false,"unvisitedChildren":0,"miniMaxValue":31540.0}
{"stateId":6,"originShotId":15,"birdIndex":0,"times":1,"score":30920,"totalScore":30920,"finalState":true,"active":false,"unvisitedChildren":0,"miniMaxValue":30920.0}
{"stateId":7,"originShotId":16,"birdIndex":0,"times":2,"score":27980,"totalScore":27980,"finalState":true,"active":false,"unvisitedChildren":0,"miniMaxValue":27980.0}
{"stateId":8,"originShotId":19,"birdIndex":0,"times":18,"score":31936,"totalScore":31936,"finalState":true,"active":false,"unvisitedChildren":0,"miniMaxValue":31922.0}
{"stateId":9,"originShotId":20,"birdIndex":0,"times":2,"score":29150,"totalScore":29150,"finalState":true,"active":false,"unvisitedChildren":0,"miniMaxValue":29150.0}
{"stateId":10,"originShotId":22,"birdIndex":0,"times":2,"score":32230,"totalScore":32230,"finalState":true,"active":false,"unvisitedChildren":0,"miniMaxValue":32230.0}
{"stateId":11,"originShotId":23,"birdIndex":0,"times":1,"score":28330,"totalScore":28330,"finalState":true,"active":false,"unvisitedChildren":0,"miniMaxValue":28330.0}
{"stateId":12,"originShotId":13,"birdIndex":0,"times":2,"score":29110,"totalScore":29110,"finalState":true,"active":false,"unvisitedChildren":0,"miniMaxValue":29110.0}
{"stateId":13,"originShotId":14,"birdIndex":0,"times":2,"score":29100,"totalScore":29100,"finalState":true,"active":false,"unvisitedChildren":0,"miniMaxValue":29100.0}
{"stateId":14,"originShotId":21,"birdIndex":0,"times":14,"score":30390,"totalScore":30390,"finalState":true,"active":false,"unvisitedChildren":0,"miniMaxValue":30390.0}
{"stateId":15,"originShotId":26,"birdIndex":0,"times":2,"score":30760,"totalScore":30760,"finalState":true,"active":false,"unvisitedChildren":0,"miniMaxValue":30760.0}
{"stateId":17,"originShotId":12,"birdIndex":0,"times":2,"score":30010,"totalScore":30010,"finalState":true,"active":false,"unvisitedChildren":0,"miniMaxValue":30010.0}
{"stateId":16,"originShotId":11,"birdIndex":0,"times":2,"score":29270,"totalScore":29270,"finalState":true,"active":false,"unvisitedChildren":0,"miniMaxValue":29270.0}
{"stateId":19,"originShotId":9,"birdIndex":0,"times":2,"score":29030,"totalScore":29030,"finalState":true,"active":false,"unvisitedChildren":0,"miniMaxValue":29030.0}
{"stateId":18,"originShotId":27,"birdIndex":1,"times":90,"score":31951,"totalScore":31951,"finalState":true,"active":true,"unvisitedChildren":0,"miniMaxValue":31963.0}
{"stateId":21,"originShotId":7,"birdIndex":0,"times":1,"score":27370,"totalScore":27370,"finalState":true,"active":false,"unvisitedChildren":0,"miniMaxValue":27370.0}
{"stateId":20,"originShotId":10,"birdIndex":0,"times":2,"score":28960,"totalScore":28960,"finalState":true,"active":false,"unvisitedChildren":0,"miniMaxValue":28960.0}
{"stateId":23,"originShotId":6,"birdIndex":0,"times":2,"score":29370,"totalScore":29370,"finalState":true,"active":false,"unvisitedChildren":0,"miniMaxValue":29370.0}
{"stateId":22,"originShotId":5,"birdIndex":0,"times":2,"score":27050,"totalScore":27050,"finalState":true,"active":false,"unvisitedChildren":0,"miniMaxValue":27050.0}
{"stateId":25,"originShotId":28,"birdIndex":0,"times":2,"score":29920,"totalScore":29920,"finalState":true,"active":false,"unvisitedChildren":0,"miniMaxValue":29920.0}
{"stateId":24,"originShotId":8,"birdIndex":0,"times":1,"score":27200,"totalScore":27200,"finalState":true,"active":false,"unvisitedChildren":0,"miniMaxValue":27200.0}
{"stateId":27,"originShotId":1,"birdIndex":0,"times":2,"score":3040,"totalScore":3040,"finalState":false,"active":false,"unvisitedChildren":37,"miniMaxValue":19120.0}
{"stateId":26,"originShotId":29,"birdIndex":0,"times":2,"score":30270,"totalScore":30270,"finalState":true,"active":false,"unvisitedChildren":0,"miniMaxValue":30270.0}
{"stateId":29,"originShotId":2,"birdIndex":0,"times":2,"score":29110,"totalScore":29110,"finalState":true,"active":false,"unvisitedChildren":0,"miniMaxValue":29110.0}
{"stateId":28,"originShotId":67,"birdIndex":0,"times":1,"score":19120,"totalScore":22160,"finalState":true,"active":false,"unvisitedChildren":0,"miniMaxValue":19120.0}
{"stateId":38,"originShotId":23,"birdIndex":0,"times":1,"score":29200,"totalScore":29200,"finalState":true,"active":false,"unvisitedChildren":0,"miniMaxValue":29200.0}
{"stateId":39,"originShotId":7,"birdIndex":0,"times":1,"score":27970,"totalScore":27970,"finalState":true,"active":false,"unvisitedChildren":0,"miniMaxValue":27970.0}
{"stateId":36,"originShotId":15,"birdIndex":0,"times":4,"score":30340,"totalScore":30340,"finalState":true,"active":false,"unvisitedChildren":0,"miniMaxValue":30340.0}
{"stateId":37,"originShotId":16,"birdIndex":0,"times":1,"score":28720,"totalScore":28720,"finalState":true,"active":false,"unvisitedChildren":0,"miniMaxValue":28720.0}
{"stateId":40,"originShotId":8,"birdIndex":0,"times":1,"score":28160,"totalScore":28160,"finalState":true,"active":false,"unvisitedChildren":0,"miniMaxValue":28160.0}
{"stateId":41,"originShotId":68,"birdIndex":0,"times":1,"score":18710,"totalScore":21750,"finalState":true,"active":false,"unvisitedChildren":0,"miniMaxValue":18710.0}
{"stateId":46,"originShotId":25,"birdIndex":0,"times":2,"score":30860,"totalScore":30860,"finalState":true,"active":false,"unvisitedChildren":0,"miniMaxValue":30860.0}
{"stateId":47,"originShotId":16,"birdIndex":0,"times":1,"score":29760,"totalScore":29760,"finalState":true,"active":false,"unvisitedChildren":0,"miniMaxValue":29760.0}
{"stateId":45,"originShotId":24,"birdIndex":0,"times":3,"score":30710,"totalScore":30710,"finalState":true,"active":false,"unvisitedChildren":0,"miniMaxValue":30710.0}
{"stateId":51,"originShotId":13,"birdIndex":0,"times":3,"score":29390,"totalScore":29390,"finalState":true,"active":false,"unvisitedChildren":0,"miniMaxValue":29390.0}
{"stateId":50,"originShotId":23,"birdIndex":0,"times":3,"score":28000,"totalScore":28000,"finalState":true,"active":false,"unvisitedChildren":0,"miniMaxValue":28000.0}
{"stateId":49,"originShotId":22,"birdIndex":0,"times":3,"score":29840,"totalScore":29840,"finalState":true,"active":false,"unvisitedChildren":0,"miniMaxValue":29840.0}
{"stateId":48,"originShotId":20,"birdIndex":0,"times":3,"score":29480,"totalScore":29480,"finalState":true,"active":false,"unvisitedChildren":0,"miniMaxValue":29480.0}
{"stateId":55,"originShotId":11,"birdIndex":0,"times":3,"score":28470,"totalScore":28470,"finalState":true,"active":false,"unvisitedChildren":0,"miniMaxValue":28470.0}
{"stateId":54,"originShotId":26,"birdIndex":0,"times":3,"score":31920,"totalScore":31920,"finalState":true,"active":false,"unvisitedChildren":0,"miniMaxValue":31920.0}
{"stateId":53,"originShotId":21,"birdIndex":0,"times":3,"score":33150,"totalScore":33150,"finalState":true,"active":false,"unvisitedChildren":0,"miniMaxValue":33150.0}
{"stateId":52,"originShotId":14,"birdIndex":0,"times":2,"score":28040,"totalScore":28040,"finalState":true,"active":false,"unvisitedChildren":0,"miniMaxValue":28040.0}
{"stateId":59,"originShotId":7,"birdIndex":0,"times":3,"score":28570,"totalScore":28570,"finalState":true,"active":false,"unvisitedChildren":0,"miniMaxValue":28570.0}
{"stateId":58,"originShotId":10,"birdIndex":0,"times":3,"score":27690,"totalScore":27690,"finalState":true,"active":false,"unvisitedChildren":0,"miniMaxValue":27690.0}
{"stateId":57,"originShotId":9,"birdIndex":0,"times":3,"score":27990,"totalScore":27990,"finalState":true,"active":false,"unvisitedChildren":0,"miniMaxValue":27990.0}
{"stateId":56,"originShotId":12,"birdIndex":0,"times":1,"score":30380,"totalScore":30380,"finalState":true,"active":false,"unvisitedChildren":0,"miniMaxValue":30380.0}
{"stateId":63,"originShotId":28,"birdIndex":0,"times":3,"score":28840,"totalScore":28840,"finalState":true,"active":false,"unvisitedChildren":0,"miniMaxValue":28840.0}
{"stateId":62,"originShotId":8,"birdIndex":0,"times":3,"score":27650,"totalScore":27650,"finalState":true,"active":false,"unvisitedChildren":0,"miniMaxValue":27650.0}
{"stateId":61,"originShotId":6,"birdIndex":0,"times":1,"score":30480,"totalScore":30480,"finalState":true,"active":false,"unvisitedChildren":0,"miniMaxValue":30480.0}
{"stateId":60,"originShotId":5,"birdIndex":0,"times":3,"score":27510,"totalScore":27510,"finalState":true,"active":false,"unvisitedChildren":0,"miniMaxValue":27510.0}
{"stateId":70,"originShotId":17,"birdIndex":0,"times":2,"score":29430,"totalScore":29430,"finalState":true,"active":false,"unvisitedChildren":0,"miniMaxValue":29430.0}
{"stateId":71,"originShotId":18,"birdIndex":0,"times":1,"score":30220,"totalScore":30220,"finalState":true,"active":false,"unvisitedChildren":0,"miniMaxValue":30220.0}
{"stateId":64,"originShotId":29,"birdIndex":0,"times":3,"score":30530,"totalScore":30530,"finalState":true,"active":false,"unvisitedChildren":0,"miniMaxValue":30530.0}
{"stateId":65,"originShotId":1,"birdIndex":0,"times":3,"score":29100,"totalScore":29100,"finalState":true,"active":false,"unvisitedChildren":0,"miniMaxValue":29100.0}
{"stateId":66,"originShotId":2,"birdIndex":0,"times":2,"score":30350,"totalScore":30350,"finalState":true,"active":false,"unvisitedChildren":0,"miniMaxValue":30350.0}
{"stateId":77,"originShotId":18,"birdIndex":0,"times":1,"score":27780,"totalScore":27780,"finalState":true,"active":false,"unvisitedChildren":0,"miniMaxValue":27780.0}
{"stateId":72,"originShotId":12,"birdIndex":0,"times":2,"score":29760,"totalScore":29760,"finalState":true,"active":false,"unvisitedChildren":0,"miniMaxValue":29760.0}
{"stateId":73,"originShotId":6,"birdIndex":0,"times":1,"score":30710,"totalScore":30710,"finalState":true,"active":false,"unvisitedChildren":0,"miniMaxValue":30710.0}
{"stateId":87,"originShotId":16,"birdIndex":0,"times":1,"score":28370,"totalScore":28370,"finalState":true,"active":false,"unvisitedChildren":0,"miniMaxValue":28370.0}
{"stateId":93,"originShotId":149,"birdIndex":0,"times":1,"score":31510,"totalScore":31510,"finalState":true,"active":false,"unvisitedChildren":0,"miniMaxValue":31510.0}
{"stateId":92,"originShotId":165,"birdIndex":0,"times":1,"score":28370,"totalScore":28370,"finalState":true,"active":false,"unvisitedChildren":0,"miniMaxValue":28370.0}
{"stateId":94,"originShotId":138,"birdIndex":1,"times":1,"score":29710,"totalScore":29710,"finalState":true,"active":false,"unvisitedChildren":0,"miniMaxValue":29710.0}
{"stateId":89,"originShotId":6,"birdIndex":0,"times":1,"score":31210,"totalScore":31210,"finalState":true,"active":false,"unvisitedChildren":0,"miniMaxValue":31210.0}
{"stateId":88,"originShotId":14,"birdIndex":0,"times":1,"score":27670,"totalScore":27670,"finalState":true,"active":false,"unvisitedChildren":0,"miniMaxValue":27670.0}
