{"stateId":1,"originShotId":-1,"birdIndex":0,"times":0,"score":0,"totalScore":0,"finalState":false,"active":false,"unvisitedChildren":6232,"miniMaxValue":0.0}
{"stateId":2,"originShotId":22,"birdIndex":1,"times":3,"score":17180,"totalScore":17180,"finalState":false,"active":false,"unvisitedChildren":158,"miniMaxValue":27100.0}
{"stateId":3,"originShotId":79,"birdIndex":0,"times":1,"score":27100,"totalScore":44460,"finalState":true,"active":false,"unvisitedChildren":0,"miniMaxValue":27100.0}
{"stateId":4,"originShotId":16,"birdIndex":0,"times":1,"score":12560,"totalScore":12560,"finalState":false,"active":false,"unvisitedChildren":30,"miniMaxValue":29380.0}
{"stateId":5,"originShotId":119,"birdIndex":0,"times":1,"score":29380,"totalScore":41940,"finalState":true,"active":false,"unvisitedChildren":0,"miniMaxValue":29380.0}
{"stateId":6,"originShotId":17,"birdIndex":0,"times":3,"score":6600,"totalScore":6600,"finalState":false,"active":false,"unvisitedChildren":228,"miniMaxValue":0.0}
{"stateId":7,"originShotId":177,"birdIndex":0,"times":1,"score":6180,"totalScore":12780,"finalState":false,"active":false,"unvisitedChildren":92,"miniMaxValue":0.0}
{"stateId":8,"originShotId":220,"birdIndex":0,"times":1,"score":1070,"totalScore":13850,"finalState":false,"active":false,"unvisitedChildren":45,"miniMaxValue":0.0}
{"stateId":9,"originShotId":267,"birdIndex":0,"times":1,"score":0,"totalScore":16530,"finalState":true,"active":false,"unvisitedChildren":0,"miniMaxValue":0.0}
{"stateId":13,"originShotId":48,"birdIndex":1,"times":4,"score":6570,"totalScore":6570,"finalState":false,"active":false,"unvisitedChildren":249,"miniMaxValue":21250.0}
{"stateId":14,"originShotId":393,"birdIndex":0,"times":1,"score":6790,"totalScore":13360,"finalState":false,"active":false,"unvisitedChildren":76,"miniMaxValue":9700.0}
{"stateId":15,"originShotId":452,"birdIndex":0,"times":1,"score":1910,"totalScore":15270,"finalState":false,"active":false,"unvisitedChildren":38,"miniMaxValue":9700.0}
{"stateId":17,"originShotId":49,"birdIndex":1,"times":5,"score":6600,"totalScore":6600,"finalState":false,"active":false,"unvisitedChildren":280,"miniMaxValue":17280.0}
{"stateId":16,"originShotId":492,"birdIndex":0,"times":1,"score":9700,"totalScore":24970,"finalState":true,"active":false,"unvisitedChildren":0,"miniMaxValue":9700.0}
{"stateId":19,"originShotId":583,"birdIndex":0,"times":1,"score":1960,"totalScore":15710,"finalState":false,"active":false,"unvisitedChildren":38,"miniMaxValue":0.0}
{"stateId":18,"originShotId":519,"birdIndex":2,"times":2,"score":7240,"totalScore":13840,"finalState":false,"active":false,"unvisitedChildren":109,"miniMaxValue":5760.0}
{"stateId":21,"originShotId":50,"birdIndex":1,"times":5,"score":6610,"totalScore":6610,"finalState":false,"active":false,"unvisitedChildren":270,"miniMaxValue":18950.0}
{"stateId":20,"originShotId":626,"birdIndex":0,"times":1,"score":0,"totalScore":18440,"finalState":true,"active":false,"unvisitedChildren":0,"miniMaxValue":0.0}
{"stateId":23,"originShotId":711,"birdIndex":0,"times":1,"score":1210,"totalScore":14870,"finalState":false,"active":false,"unvisitedChildren":50,"miniMaxValue":7210.0}
{"stateId":22,"originShotId":646,"birdIndex":0,"times":1,"score":7050,"totalScore":13660,"finalState":false,"active":false,"unvisitedChildren":98,"miniMaxValue":7210.0}
{"stateId":25,"originShotId":20,"birdIndex":0,"times":1,"score":13930,"totalScore":13930,"finalState":false,"active":false,"unvisitedChildren":142,"miniMaxValue":11570.0}
{"stateId":24,"originShotId":761,"birdIndex":0,"times":1,"score":7210,"totalScore":22080,"finalState":true,"active":false,"unvisitedChildren":0,"miniMaxValue":7210.0}
{"stateId":27,"originShotId":837,"birdIndex":0,"times":1,"score":1440,"totalScore":16570,"finalState":false,"active":false,"unvisitedChildren":43,"miniMaxValue":11570.0}
{"stateId":26,"originShotId":808,"birdIndex":0,"times":1,"score":1200,"totalScore":15130,"finalState":false,"active":false,"unvisitedChildren":97,"miniMaxValue":11570.0}
{"stateId":28,"originShotId":888,"birdIndex":0,"times":1,"score":11570,"totalScore":28140,"finalState":true,"active":false,"unvisitedChildren":0,"miniMaxValue":11570.0}
{"stateId":47,"originShotId":45,"birdIndex":0,"times":3,"score":6660,"totalScore":6660,"finalState":false,"active":false,"unvisitedChildren":228,"miniMaxValue":8960.0}
{"stateId":51,"originShotId":46,"birdIndex":0,"times":3,"score":6580,"totalScore":6580,"finalState":false,"active":false,"unvisitedChildren":43,"miniMaxValue":35750.0}
{"stateId":50,"originShotId":1549,"birdIndex":0,"times":1,"score":8960,"totalScore":25150,"finalState":true,"active":false,"unvisitedChildren":0,"miniMaxValue":8960.0}
{"stateId":49,"originShotId":1523,"birdIndex":0,"times":1,"score":1560,"totalScore":16190,"finalState":false,"active":false,"unvisitedChildren":43,"miniMaxValue":8960.0}
{"stateId":48,"originShotId":1459,"birdIndex":0,"times":1,"score":7970,"totalScore":14630,"finalState":false,"active":false,"unvisitedChildren":96,"miniMaxValue":8960.0}
{"stateId":55,"originShotId":1718,"birdIndex":0,"times":1,"score":1440,"totalScore":16870,"finalState":false,"active":false,"unvisitedChildren":58,"miniMaxValue":8760.0}
{"stateId":54,"originShotId":1677,"birdIndex":0,"times":1,"score":6560,"totalScore":15430,"finalState":false,"active":false,"unvisitedChildren":102,"miniMaxValue":8760.0}
{"stateId":53,"originShotId":24,"birdIndex":0,"times":1,"score":8870,"totalScore":8870,"finalState":false,"active":false,"unvisitedChildren":158,"miniMaxValue":8760.0}
{"stateId":52,"originShotId":1620,"birdIndex":0,"times":1,"score":35570,"totalScore":42150,"finalState":true,"active":false,"unvisitedChildren":0,"miniMaxValue":35570.0}
{"stateId":59,"originShotId":1868,"birdIndex":0,"times":1,"score":18410,"totalScore":33190,"finalState":true,"active":false,"unvisitedChildren":0,"miniMaxValue":18410.0}
{"stateId":58,"originShotId":1826,"birdIndex":0,"times":1,"score":6580,"totalScore":14780,"finalState":false,"active":false,"unvisitedChildren":43,"miniMaxValue":18410.0}
{"stateId":57,"originShotId":6,"birdIndex":1,"times":4,"score":8200,"totalScore":8200,"finalState":false,"active":false,"unvisitedChildren":205,"miniMaxValue":19020.0}
{"stateId":56,"originShotId":1747,"birdIndex":0,"times":1,"score":8760,"totalScore":25630,"finalState":true,"active":false,"unvisitedChildren":0,"miniMaxValue":8760.0}
{"stateId":63,"originShotId":43,"birdIndex":1,"times":4,"score":6590,"totalScore":6590,"finalState":false,"active":false,"unvisitedChildren":219,"miniMaxValue":20950.0}
{"stateId":68,"originShotId":2135,"birdIndex":0,"times":1,"score":1180,"totalScore":14870,"finalState":false,"active":false,"unvisitedChildren":46,"miniMaxValue":0.0}
{"stateId":69,"originShotId":2178,"birdIndex":0,"times":1,"score":0,"totalScore":16130,"finalState":true,"active":false,"unvisitedChildren":0,"miniMaxValue":0.0}
{"stateId":70,"originShotId":26,"birdIndex":0,"times":3,"score":8630,"totalScore":8630,"finalState":false,"active":false,"unvisitedChildren":288,"miniMaxValue":0.0}
{"stateId":71,"originShotId":2239,"birdIndex":0,"times":1,"score":6550,"totalScore":15140,"finalState":false,"active":false,"unvisitedChildren":117,"miniMaxValue":0.0}
{"stateId":64,"originShotId":2000,"birdIndex":0,"times":1,"score":8390,"totalScore":14980,"finalState":false,"active":false,"unvisitedChildren":54,"miniMaxValue":17530.0}
{"stateId":65,"originShotId":2049,"birdIndex":0,"times":1,"score":17530,"totalScore":32510,"finalState":true,"active":false,"unvisitedChildren":0,"miniMaxValue":17530.0}
{"stateId":66,"originShotId":44,"birdIndex":1,"times":4,"score":6530,"totalScore":6530,"finalState":false,"active":false,"unvisitedChildren":254,"miniMaxValue":16990.0}
{"stateId":67,"originShotId":2077,"birdIndex":0,"times":1,"score":7160,"totalScore":13690,"finalState":false,"active":false,"unvisitedChildren":84,"miniMaxValue":0.0}
{"stateId":72,"originShotId":2289,"birdIndex":0,"times":1,"score":1200,"totalScore":16340,"finalState":false,"active":false,"unvisitedChildren":64,"miniMaxValue":0.0}
{"stateId":73,"originShotId":2316,"birdIndex":0,"times":1,"score":0,"totalScore":16340,"finalState":true,"active":false,"unvisitedChildren":0,"miniMaxValue":0.0}
{"stateId":102,"originShotId":29,"birdIndex":1,"times":4,"score":9720,"totalScore":9720,"finalState":false,"active":false,"unvisitedChildren":321,"miniMaxValue":8370.0}
{"stateId":103,"originShotId":3266,"birdIndex":0,"times":1,"score":6500,"totalScore":16330,"finalState":false,"active":false,"unvisitedChildren":93,"miniMaxValue":0.0}
{"stateId":108,"originShotId":3431,"birdIndex":0,"times":1,"score":18600,"totalScore":33950,"finalState":true,"active":false,"unvisitedChildren":0,"miniMaxValue":18600.0}
{"stateId":106,"originShotId":30,"birdIndex":1,"times":4,"score":8055,"totalScore":8055,"finalState":false,"active":false,"unvisitedChildren":299,"miniMaxValue":18600.0}
{"stateId":107,"originShotId":3405,"birdIndex":0,"times":1,"score":8040,"totalScore":15350,"finalState":false,"active":false,"unvisitedChildren":53,"miniMaxValue":18600.0}
{"stateId":104,"originShotId":3309,"birdIndex":0,"times":1,"score":1180,"totalScore":17510,"finalState":false,"active":false,"unvisitedChildren":46,"miniMaxValue":0.0}
{"stateId":105,"originShotId":3332,"birdIndex":0,"times":1,"score":0,"totalScore":17510,"finalState":true,"active":false,"unvisitedChildren":0,"miniMaxValue":0.0}
{"stateId":124,"originShotId":3909,"birdIndex":0,"times":1,"score":18970,"totalScore":34210,"finalState":true,"active":false,"unvisitedChildren":0,"miniMaxValue":18970.0}
{"stateId":123,"originShotId":3885,"birdIndex":0,"times":1,"score":7930,"totalScore":15240,"finalState":false,"active":false,"unvisitedChildren":50,"miniMaxValue":18970.0}
{"stateId":122,"originShotId":4,"birdIndex":0,"times":3,"score":7310,"totalScore":7310,"finalState":false,"active":false,"unvisitedChildren":145,"miniMaxValue":20870.0}
{"stateId":137,"originShotId":4276,"birdIndex":0,"times":1,"score":8890,"totalScore":15440,"finalState":false,"active":false,"unvisitedChildren":34,"miniMaxValue":18040.0}
{"stateId":136,"originShotId":23,"birdIndex":0,"times":3,"score":6550,"totalScore":6550,"finalState":false,"active":false,"unvisitedChildren":118,"miniMaxValue":18040.0}
{"stateId":139,"originShotId":18,"birdIndex":0,"times":3,"score":8190,"totalScore":8190,"finalState":false,"active":false,"unvisitedChildren":34,"miniMaxValue":33920.0}
{"stateId":138,"originShotId":4330,"birdIndex":0,"times":1,"score":18040,"totalScore":33480,"finalState":true,"active":false,"unvisitedChildren":0,"miniMaxValue":18040.0}
{"stateId":141,"originShotId":11,"birdIndex":0,"times":1,"score":7800,"totalScore":7800,"finalState":false,"active":false,"unvisitedChildren":27,"miniMaxValue":33660.0}
{"stateId":140,"originShotId":4347,"birdIndex":0,"times":1,"score":31530,"totalScore":39700,"finalState":true,"active":false,"unvisitedChildren":0,"miniMaxValue":31530.0}
{"stateId":143,"originShotId":25,"birdIndex":0,"times":3,"score":6400,"totalScore":6400,"finalState":false,"active":false,"unvisitedChildren":146,"miniMaxValue":18240.0}
{"stateId":142,"originShotId":4384,"birdIndex":0,"times":1,"score":33660,"totalScore":41460,"finalState":true,"active":false,"unvisitedChildren":0,"miniMaxValue":33660.0}
{"stateId":133,"originShotId":19,"birdIndex":0,"times":3,"score":7530,"totalScore":7530,"finalState":false,"active":false,"unvisitedChildren":96,"miniMaxValue":24440.0}
{"stateId":135,"originShotId":4252,"birdIndex":0,"times":1,"score":15010,"totalScore":31010,"finalState":true,"active":false,"unvisitedChildren":0,"miniMaxValue":15010.0}
{"stateId":134,"originShotId":4212,"birdIndex":0,"times":1,"score":7180,"totalScore":14710,"finalState":false,"active":false,"unvisitedChildren":28,"miniMaxValue":15010.0}
{"stateId":155,"originShotId":33,"birdIndex":0,"times":1,"score":6300,"totalScore":6300,"finalState":false,"active":false,"unvisitedChildren":118,"miniMaxValue":9290.0}
{"stateId":156,"originShotId":4740,"birdIndex":0,"times":1,"score":8180,"totalScore":14480,"finalState":false,"active":false,"unvisitedChildren":76,"miniMaxValue":9290.0}
{"stateId":157,"originShotId":4794,"birdIndex":0,"times":1,"score":1130,"totalScore":15610,"finalState":false,"active":false,"unvisitedChildren":44,"miniMaxValue":9290.0}
{"stateId":158,"originShotId":4842,"birdIndex":0,"times":1,"score":9290,"totalScore":24900,"finalState":true,"active":false,"unvisitedChildren":0,"miniMaxValue":9290.0}
{"stateId":144,"originShotId":4416,"birdIndex":0,"times":1,"score":6900,"totalScore":13300,"finalState":false,"active":false,"unvisitedChildren":40,"miniMaxValue":18240.0}
{"stateId":145,"originShotId":4482,"birdIndex":0,"times":1,"score":18240,"totalScore":31540,"finalState":true,"active":false,"unvisitedChildren":0,"miniMaxValue":18240.0}
{"stateId":146,"originShotId":28,"birdIndex":0,"times":3,"score":1850,"totalScore":1850,"finalState":false,"active":false,"unvisitedChildren":138,"miniMaxValue":32430.0}
{"stateId":147,"originShotId":4507,"birdIndex":0,"times":1,"score":7820,"totalScore":9670,"finalState":false,"active":false,"unvisitedChildren":57,"miniMaxValue":6310.0}
{"stateId":148,"originShotId":4570,"birdIndex":0,"times":1,"score":10290,"totalScore":19960,"finalState":false,"active":false,"unvisitedChildren":21,"miniMaxValue":6310.0}
{"stateId":149,"originShotId":4581,"birdIndex":0,"times":1,"score":6310,"totalScore":26270,"finalState":true,"active":false,"unvisitedChildren":0,"miniMaxValue":6310.0}
{"stateId":171,"originShotId":5176,"birdIndex":0,"times":1,"score":0,"totalScore":15200,"finalState":true,"active":false,"unvisitedChildren":0,"miniMaxValue":0.0}
{"stateId":170,"originShotId":5140,"birdIndex":0,"times":1,"score":1060,"totalScore":13870,"finalState":false,"active":false,"unvisitedChildren":45,"miniMaxValue":0.0}
{"stateId":169,"originShotId":178,"birdIndex":0,"times":1,"score":6210,"totalScore":12810,"finalState":false,"active":false,"unvisitedChildren":92,"miniMaxValue":0.0}
{"stateId":168,"originShotId":16,"birdIndex":1,"times":2,"score":48755,"totalScore":48755,"finalState":true,"active":false,"unvisitedChildren":0,"miniMaxValue":48755.0}
{"stateId":175,"originShotId":395,"birdIndex":0,"times":1,"score":10750,"totalScore":17320,"finalState":false,"active":false,"unvisitedChildren":45,"miniMaxValue":21250.0}
{"stateId":167,"originShotId":5052,"birdIndex":0,"times":1,"score":27550,"totalScore":42140,"finalState":true,"active":false,"unvisitedChildren":0,"miniMaxValue":27550.0}
{"stateId":166,"originShotId":22,"birdIndex":0,"times":1,"score":14590,"totalScore":14590,"finalState":false,"active":false,"unvisitedChildren":47,"miniMaxValue":27550.0}
{"stateId":184,"originShotId":5529,"birdIndex":0,"times":1,"score":2160,"totalScore":17770,"finalState":false,"active":false,"unvisitedChildren":66,"miniMaxValue":7090.0}
{"stateId":185,"originShotId":5586,"birdIndex":0,"times":1,"score":7090,"totalScore":24860,"finalState":true,"active":false,"unvisitedChildren":0,"miniMaxValue":7090.0}
{"stateId":178,"originShotId":5370,"birdIndex":0,"times":1,"score":17280,"totalScore":31870,"finalState":true,"active":false,"unvisitedChildren":0,"miniMaxValue":17280.0}
{"stateId":179,"originShotId":648,"birdIndex":0,"times":1,"score":7840,"totalScore":14450,"finalState":false,"active":false,"unvisitedChildren":89,"miniMaxValue":0.0}
{"stateId":176,"originShotId":5297,"birdIndex":0,"times":1,"score":21250,"totalScore":38570,"finalState":true,"active":false,"unvisitedChildren":0,"miniMaxValue":21250.0}
{"stateId":177,"originShotId":521,"birdIndex":0,"times":1,"score":7990,"totalScore":14590,"finalState":false,"active":false,"unvisitedChildren":47,"miniMaxValue":17280.0}
{"stateId":182,"originShotId":20,"birdIndex":1,"times":2,"score":14455,"totalScore":14455,"finalState":false,"active":false,"unvisitedChildren":217,"miniMaxValue":7090.0}
{"stateId":183,"originShotId":5502,"birdIndex":0,"times":1,"score":1120,"totalScore":15610,"finalState":false,"active":false,"unvisitedChildren":127,"miniMaxValue":7090.0}
{"stateId":180,"originShotId":5419,"birdIndex":0,"times":1,"score":1150,"totalScore":15600,"finalState":false,"active":false,"unvisitedChildren":40,"miniMaxValue":0.0}
{"stateId":181,"originShotId":5446,"birdIndex":0,"times":1,"score":0,"totalScore":15600,"finalState":true,"active":false,"unvisitedChildren":0,"miniMaxValue":0.0}
{"stateId":205,"originShotId":6184,"birdIndex":0,"times":1,"score":6560,"totalScore":16620,"finalState":false,"active":false,"unvisitedChildren":89,"miniMaxValue":0.0}
{"stateId":204,"originShotId":24,"birdIndex":0,"times":1,"score":10060,"totalScore":10060,"finalState":false,"active":false,"unvisitedChildren":144,"miniMaxValue":0.0}
{"stateId":207,"originShotId":6254,"birdIndex":0,"times":1,"score":0,"totalScore":19680,"finalState":true,"active":false,"unvisitedChildren":0,"miniMaxValue":0.0}
{"stateId":206,"originShotId":6232,"birdIndex":0,"times":1,"score":1920,"totalScore":18540,"finalState":false,"active":false,"unvisitedChildren":39,"miniMaxValue":0.0}
{"stateId":201,"originShotId":6070,"birdIndex":0,"times":1,"score":1400,"totalScore":15390,"finalState":false,"active":false,"unvisitedChildren":52,"miniMaxValue":0.0}
{"stateId":200,"originShotId":1457,"birdIndex":0,"times":1,"score":7330,"totalScore":13990,"finalState":false,"active":false,"unvisitedChildren":91,"miniMaxValue":0.0}
{"stateId":203,"originShotId":1619,"birdIndex":0,"times":1,"score":35750,"totalScore":42330,"finalState":true,"active":false,"unvisitedChildren":0,"miniMaxValue":35750.0}
{"stateId":202,"originShotId":6108,"birdIndex":0,"times":1,"score":0,"totalScore":15390,"finalState":true,"active":false,"unvisitedChildren":0,"miniMaxValue":0.0}
{"stateId":220,"originShotId":2225,"birdIndex":0,"times":1,"score":6510,"totalScore":15140,"finalState":false,"active":false,"unvisitedChildren":119,"miniMaxValue":0.0}
{"stateId":221,"originShotId":6648,"birdIndex":0,"times":1,"score":1120,"totalScore":16260,"finalState":false,"active":false,"unvisitedChildren":64,"miniMaxValue":0.0}
{"stateId":222,"originShotId":6747,"birdIndex":0,"times":1,"score":0,"totalScore":17320,"finalState":true,"active":false,"unvisitedChildren":0,"miniMaxValue":0.0}
{"stateId":216,"originShotId":6538,"birdIndex":0,"times":1,"score":0,"totalScore":16130,"finalState":true,"active":false,"unvisitedChildren":0,"miniMaxValue":0.0}
{"stateId":217,"originShotId":2079,"birdIndex":0,"times":1,"score":10880,"totalScore":17410,"finalState":false,"active":false,"unvisitedChildren":91,"miniMaxValue":0.0}
{"stateId":218,"originShotId":6553,"birdIndex":0,"times":1,"score":1290,"totalScore":18700,"finalState":false,"active":false,"unvisitedChildren":53,"miniMaxValue":0.0}
{"stateId":219,"originShotId":6622,"birdIndex":0,"times":1,"score":0,"totalScore":18700,"finalState":true,"active":false,"unvisitedChildren":0,"miniMaxValue":0.0}
{"stateId":214,"originShotId":1995,"birdIndex":0,"times":1,"score":1060,"totalScore":7650,"finalState":false,"active":false,"unvisitedChildren":68,"miniMaxValue":0.0}
{"stateId":215,"originShotId":6508,"birdIndex":0,"times":1,"score":7360,"totalScore":15010,"finalState":false,"active":false,"unvisitedChildren":29,"miniMaxValue":0.0}
{"stateId":208,"originShotId":1800,"birdIndex":0,"times":1,"score":6510,"totalScore":14710,"finalState":false,"active":false,"unvisitedChildren":85,"miniMaxValue":7410.0}
{"stateId":209,"originShotId":6313,"birdIndex":0,"times":1,"score":4690,"totalScore":19400,"finalState":false,"active":false,"unvisitedChildren":44,"miniMaxValue":7410.0}
{"stateId":210,"originShotId":6333,"birdIndex":0,"times":1,"score":7410,"totalScore":26810,"finalState":true,"active":false,"unvisitedChildren":0,"miniMaxValue":7410.0}
{"stateId":248,"originShotId":7369,"birdIndex":0,"times":1,"score":1090,"totalScore":16520,"finalState":false,"active":false,"unvisitedChildren":42,"miniMaxValue":0.0}
{"stateId":249,"originShotId":7461,"birdIndex":0,"times":1,"score":0,"totalScore":16520,"finalState":true,"active":false,"unvisitedChildren":0,"miniMaxValue":0.0}
{"stateId":246,"originShotId":7339,"birdIndex":0,"times":1,"score":8370,"totalScore":25690,"finalState":true,"active":false,"unvisitedChildren":0,"miniMaxValue":8370.0}
{"stateId":247,"originShotId":3387,"birdIndex":0,"times":1,"score":8120,"totalScore":15430,"finalState":false,"active":false,"unvisitedChildren":92,"miniMaxValue":0.0}
{"stateId":244,"originShotId":3267,"birdIndex":0,"times":1,"score":6500,"totalScore":16200,"finalState":false,"active":false,"unvisitedChildren":88,"miniMaxValue":8370.0}
{"stateId":245,"originShotId":7294,"birdIndex":0,"times":1,"score":1120,"totalScore":17320,"finalState":false,"active":false,"unvisitedChildren":44,"miniMaxValue":8370.0}
{"stateId":275,"originShotId":7996,"birdIndex":0,"times":1,"score":32430,"totalScore":37240,"finalState":true,"active":false,"unvisitedChildren":0,"miniMaxValue":32430.0}
{"stateId":274,"originShotId":4510,"birdIndex":0,"times":1,"score":2960,"totalScore":4810,"finalState":false,"active":false,"unvisitedChildren":38,"miniMaxValue":32430.0}
{"stateId":273,"originShotId":7955,"birdIndex":0,"times":1,"score":0,"totalScore":17100,"finalState":true,"active":false,"unvisitedChildren":0,"miniMaxValue":0.0}
{"stateId":272,"originShotId":7923,"birdIndex":0,"times":1,"score":1130,"totalScore":15920,"finalState":false,"active":false,"unvisitedChildren":27,"miniMaxValue":0.0}
{"stateId":283,"originShotId":8,"birdIndex":1,"times":3,"score":1050,"totalScore":1050,"finalState":false,"active":false,"unvisitedChildren":311,"miniMaxValue":7630.0}
{"stateId":282,"originShotId":8043,"birdIndex":0,"times":1,"score":34480,"totalScore":41080,"finalState":true,"active":false,"unvisitedChildren":0,"miniMaxValue":34480.0}
{"stateId":281,"originShotId":8000,"birdIndex":1,"times":2,"score":6600,"totalScore":6600,"finalState":false,"active":false,"unvisitedChildren":123,"miniMaxValue":34480.0}
{"stateId":280,"originShotId":14,"birdIndex":1,"times":86,"score":49790,"totalScore":49790,"finalState":true,"active":true,"unvisitedChildren":0,"miniMaxValue":49790.0}
{"stateId":287,"originShotId":648,"birdIndex":2,"times":1,"score":37900,"totalScore":44510,"finalState":true,"active":false,"unvisitedChildren":0,"miniMaxValue":37900.0}
{"stateId":286,"originShotId":8148,"birdIndex":4,"times":1,"score":0,"totalScore":16770,"finalState":true,"active":false,"unvisitedChildren":0,"miniMaxValue":0.0}
{"stateId":285,"originShotId":8108,"birdIndex":3,"times":1,"score":9420,"totalScore":16770,"finalState":false,"active":false,"unvisitedChildren":40,"miniMaxValue":0.0}
{"stateId":284,"originShotId":8056,"birdIndex":2,"times":1,"score":6300,"totalScore":7350,"finalState":false,"active":false,"unvisitedChildren":84,"miniMaxValue":0.0}
{"stateId":256,"originShotId":3866,"birdIndex":0,"times":1,"score":8120,"totalScore":15430,"finalState":false,"active":false,"unvisitedChildren":50,"miniMaxValue":20870.0}
{"stateId":257,"originShotId":7554,"birdIndex":0,"times":1,"score":20870,"totalScore":36300,"finalState":true,"active":false,"unvisitedChildren":0,"miniMaxValue":20870.0}
{"stateId":266,"originShotId":4278,"birdIndex":0,"times":1,"score":7550,"totalScore":14100,"finalState":false,"active":false,"unvisitedChildren":44,"miniMaxValue":16480.0}
{"stateId":267,"originShotId":7835,"birdIndex":0,"times":1,"score":16480,"totalScore":30580,"finalState":true,"active":false,"unvisitedChildren":0,"miniMaxValue":16480.0}
{"stateId":264,"originShotId":4228,"birdIndex":0,"times":1,"score":1050,"totalScore":8580,"finalState":false,"active":false,"unvisitedChildren":38,"miniMaxValue":24440.0}
{"stateId":265,"originShotId":7822,"birdIndex":0,"times":1,"score":24440,"totalScore":33020,"finalState":true,"active":false,"unvisitedChildren":0,"miniMaxValue":24440.0}
{"stateId":270,"originShotId":7881,"birdIndex":0,"times":1,"score":33970,"totalScore":42260,"finalState":true,"active":false,"unvisitedChildren":0,"miniMaxValue":33970.0}
{"stateId":271,"originShotId":4417,"birdIndex":0,"times":1,"score":8390,"totalScore":14790,"finalState":false,"active":false,"unvisitedChildren":59,"miniMaxValue":0.0}
{"stateId":268,"originShotId":4348,"birdIndex":0,"times":1,"score":33920,"totalScore":42110,"finalState":true,"active":false,"unvisitedChildren":0,"miniMaxValue":33920.0}
{"stateId":269,"originShotId":11,"birdIndex":0,"times":1,"score":8290,"totalScore":8290,"finalState":false,"active":false,"unvisitedChildren":28,"miniMaxValue":33970.0}
{"stateId":305,"originShotId":8654,"birdIndex":2,"times":1,"score":570,"totalScore":7180,"finalState":false,"active":false,"unvisitedChildren":79,"miniMaxValue":0.0}
{"stateId":304,"originShotId":8001,"birdIndex":1,"times":3,"score":6610,"totalScore":6610,"finalState":false,"active":false,"unvisitedChildren":246,"miniMaxValue":17730.0}
{"stateId":307,"originShotId":8750,"birdIndex":4,"times":1,"score":0,"totalScore":17690,"finalState":true,"active":false,"unvisitedChildren":0,"miniMaxValue":0.0}
{"stateId":306,"originShotId":8698,"birdIndex":3,"times":1,"score":9200,"totalScore":16380,"finalState":false,"active":false,"unvisitedChildren":34,"miniMaxValue":0.0}
{"stateId":309,"originShotId":8770,"birdIndex":3,"times":1,"score":16710,"totalScore":31740,"finalState":true,"active":false,"unvisitedChildren":0,"miniMaxValue":16710.0}
{"stateId":308,"originShotId":8284,"birdIndex":2,"times":1,"score":1130,"totalScore":15030,"finalState":false,"active":false,"unvisitedChildren":40,"miniMaxValue":16710.0}
{"stateId":311,"originShotId":8825,"birdIndex":2,"times":1,"score":580,"totalScore":1700,"finalState":false,"active":false,"unvisitedChildren":89,"miniMaxValue":0.0}
{"stateId":310,"originShotId":9,"birdIndex":1,"times":2,"score":1120,"totalScore":1120,"finalState":false,"active":false,"unvisitedChildren":221,"miniMaxValue":0.0}
{"stateId":313,"originShotId":8897,"birdIndex":4,"times":1,"score":0,"totalScore":8070,"finalState":true,"active":false,"unvisitedChildren":0,"miniMaxValue":0.0}
{"stateId":312,"originShotId":8872,"birdIndex":3,"times":1,"score":6370,"totalScore":8070,"finalState":false,"active":false,"unvisitedChildren":48,"miniMaxValue":0.0}
{"stateId":315,"originShotId":8958,"birdIndex":2,"times":1,"score":12860,"totalScore":13900,"finalState":false,"active":false,"unvisitedChildren":91,"miniMaxValue":8700.0}
{"stateId":314,"originShotId":10,"birdIndex":1,"times":3,"score":1040,"totalScore":1040,"finalState":false,"active":false,"unvisitedChildren":223,"miniMaxValue":38860.0}
{"stateId":317,"originShotId":9050,"birdIndex":4,"times":1,"score":8700,"totalScore":25130,"finalState":true,"active":false,"unvisitedChildren":0,"miniMaxValue":8700.0}
{"stateId":316,"originShotId":9001,"birdIndex":3,"times":1,"score":2530,"totalScore":16430,"finalState":false,"active":false,"unvisitedChildren":40,"miniMaxValue":8700.0}
{"stateId":319,"originShotId":9108,"birdIndex":3,"times":1,"score":17690,"totalScore":32620,"finalState":true,"active":false,"unvisitedChildren":0,"miniMaxValue":17690.0}
{"stateId":318,"originShotId":630,"birdIndex":2,"times":1,"score":8320,"totalScore":14930,"finalState":false,"active":false,"unvisitedChildren":45,"miniMaxValue":17690.0}
{"stateId":288,"originShotId":8068,"birdIndex":2,"times":1,"score":550,"totalScore":1600,"finalState":false,"active":false,"unvisitedChildren":101,"miniMaxValue":0.0}
{"stateId":289,"originShotId":8193,"birdIndex":3,"times":1,"score":13200,"totalScore":14800,"finalState":false,"active":false,"unvisitedChildren":53,"miniMaxValue":0.0}
{"stateId":290,"originShotId":8244,"birdIndex":4,"times":1,"score":0,"totalScore":14800,"finalState":true,"active":false,"unvisitedChildren":0,"miniMaxValue":0.0}
{"stateId":291,"originShotId":7999,"birdIndex":1,"times":4,"score":13900,"totalScore":13900,"finalState":false,"active":false,"unvisitedChildren":254,"miniMaxValue":27680.0}
{"stateId":292,"originShotId":8286,"birdIndex":2,"times":1,"score":27680,"totalScore":41580,"finalState":true,"active":false,"unvisitedChildren":0,"miniMaxValue":27680.0}
{"stateId":293,"originShotId":378,"birdIndex":2,"times":1,"score":1120,"totalScore":7690,"finalState":false,"active":false,"unvisitedChildren":85,"miniMaxValue":11860.0}
{"stateId":294,"originShotId":8351,"birdIndex":3,"times":1,"score":7530,"totalScore":15220,"finalState":false,"active":false,"unvisitedChildren":39,"miniMaxValue":11860.0}
{"stateId":295,"originShotId":8402,"birdIndex":4,"times":1,"score":11860,"totalScore":27080,"finalState":true,"active":false,"unvisitedChildren":0,"miniMaxValue":11860.0}
{"stateId":296,"originShotId":1802,"birdIndex":2,"times":1,"score":7050,"totalScore":15250,"finalState":false,"active":false,"unvisitedChildren":35,"miniMaxValue":19020.0}
{"stateId":297,"originShotId":8435,"birdIndex":3,"times":1,"score":19020,"totalScore":34270,"finalState":true,"active":false,"unvisitedChildren":0,"miniMaxValue":19020.0}
{"stateId":298,"originShotId":3265,"birdIndex":2,"times":1,"score":6250,"totalScore":15990,"finalState":false,"active":false,"unvisitedChildren":84,"miniMaxValue":8000.0}
{"stateId":299,"originShotId":8465,"birdIndex":3,"times":1,"score":2720,"totalScore":18710,"finalState":false,"active":false,"unvisitedChildren":35,"miniMaxValue":8000.0}
{"stateId":300,"originShotId":8520,"birdIndex":4,"times":1,"score":8000,"totalScore":26710,"finalState":true,"active":false,"unvisitedChildren":0,"miniMaxValue":8000.0}
{"stateId":301,"originShotId":47,"birdIndex":1,"times":1,"score":1170,"totalScore":1170,"finalState":false,"active":false,"unvisitedChildren":92,"miniMaxValue":18400.0}
{"stateId":302,"originShotId":8596,"birdIndex":2,"times":1,"score":13230,"totalScore":14400,"finalState":false,"active":false,"unvisitedChildren":42,"miniMaxValue":18400.0}
{"stateId":303,"originShotId":8606,"birdIndex":3,"times":1,"score":18400,"totalScore":32800,"finalState":true,"active":false,"unvisitedChildren":0,"miniMaxValue":18400.0}
{"stateId":343,"originShotId":512,"birdIndex":2,"times":1,"score":8100,"totalScore":14700,"finalState":false,"active":false,"unvisitedChildren":80,"miniMaxValue":9660.0}
{"stateId":342,"originShotId":9705,"birdIndex":4,"times":1,"score":9840,"totalScore":24700,"finalState":true,"active":false,"unvisitedChildren":0,"miniMaxValue":9840.0}
{"stateId":341,"originShotId":9647,"birdIndex":3,"times":1,"score":1060,"totalScore":14860,"finalState":false,"active":false,"unvisitedChildren":36,"miniMaxValue":9840.0}
{"stateId":340,"originShotId":8017,"birdIndex":2,"times":1,"score":7200,"totalScore":13800,"finalState":false,"active":false,"unvisitedChildren":80,"miniMaxValue":9840.0}
{"stateId":339,"originShotId":9593,"birdIndex":4,"times":1,"score":0,"totalScore":18540,"finalState":true,"active":false,"unvisitedChildren":0,"miniMaxValue":0.0}
{"stateId":338,"originShotId":9536,"birdIndex":3,"times":1,"score":1490,"totalScore":16630,"finalState":false,"active":false,"unvisitedChildren":57,"miniMaxValue":0.0}
{"stateId":337,"originShotId":3378,"birdIndex":2,"times":1,"score":6340,"totalScore":15140,"finalState":false,"active":false,"unvisitedChildren":114,"miniMaxValue":0.0}
{"stateId":336,"originShotId":9493,"birdIndex":4,"times":1,"score":0,"totalScore":18250,"finalState":true,"active":false,"unvisitedChildren":0,"miniMaxValue":0.0}
{"stateId":351,"originShotId":7998,"birdIndex":1,"times":1,"score":500,"totalScore":500,"finalState":false,"active":false,"unvisitedChildren":117,"miniMaxValue":0.0}
{"stateId":350,"originShotId":9915,"birdIndex":3,"times":1,"score":16990,"totalScore":31450,"finalState":true,"active":false,"unvisitedChildren":0,"miniMaxValue":16990.0}
{"stateId":349,"originShotId":2071,"birdIndex":2,"times":1,"score":7930,"totalScore":14460,"finalState":false,"active":false,"unvisitedChildren":38,"miniMaxValue":16990.0}
{"stateId":348,"originShotId":9878,"birdIndex":4,"times":1,"score":7630,"totalScore":21130,"finalState":true,"active":false,"unvisitedChildren":0,"miniMaxValue":7630.0}
{"stateId":347,"originShotId":9818,"birdIndex":3,"times":1,"score":11920,"totalScore":13500,"finalState":false,"active":false,"unvisitedChildren":42,"miniMaxValue":7630.0}
{"stateId":346,"originShotId":8062,"birdIndex":2,"times":1,"score":530,"totalScore":1580,"finalState":false,"active":false,"unvisitedChildren":88,"miniMaxValue":7630.0}
{"stateId":345,"originShotId":9783,"birdIndex":4,"times":1,"score":9660,"totalScore":25640,"finalState":true,"active":false,"unvisitedChildren":0,"miniMaxValue":9660.0}
{"stateId":344,"originShotId":9731,"birdIndex":3,"times":1,"score":1280,"totalScore":15980,"finalState":false,"active":false,"unvisitedChildren":34,"miniMaxValue":9660.0}
{"stateId":326,"originShotId":9230,"birdIndex":3,"times":1,"score":1110,"totalScore":17470,"finalState":false,"active":false,"unvisitedChildren":29,"miniMaxValue":10110.0}
{"stateId":327,"originShotId":9261,"birdIndex":4,"times":1,"score":10110,"totalScore":27580,"finalState":true,"active":false,"unvisitedChildren":0,"miniMaxValue":10110.0}
{"stateId":324,"originShotId":9198,"birdIndex":3,"times":1,"score":17730,"totalScore":31750,"finalState":true,"active":false,"unvisitedChildren":0,"miniMaxValue":17730.0}
{"stateId":325,"originShotId":8287,"birdIndex":2,"times":1,"score":2460,"totalScore":16360,"finalState":false,"active":false,"unvisitedChildren":67,"miniMaxValue":10110.0}
{"stateId":322,"originShotId":9158,"birdIndex":4,"times":1,"score":0,"totalScore":21330,"finalState":true,"active":false,"unvisitedChildren":0,"miniMaxValue":0.0}
{"stateId":323,"originShotId":8653,"birdIndex":2,"times":1,"score":7410,"totalScore":14020,"finalState":false,"active":false,"unvisitedChildren":40,"miniMaxValue":17730.0}
{"stateId":320,"originShotId":55,"birdIndex":2,"times":1,"score":2090,"totalScore":19210,"finalState":false,"active":false,"unvisitedChildren":47,"miniMaxValue":0.0}
{"stateId":321,"originShotId":9133,"birdIndex":3,"times":1,"score":2120,"totalScore":21330,"finalState":false,"active":false,"unvisitedChildren":20,"miniMaxValue":0.0}
{"stateId":334,"originShotId":8281,"birdIndex":2,"times":1,"score":3320,"totalScore":17220,"finalState":false,"active":false,"unvisitedChildren":90,"miniMaxValue":0.0}
{"stateId":335,"originShotId":9439,"birdIndex":3,"times":1,"score":1030,"totalScore":18250,"finalState":false,"active":false,"unvisitedChildren":34,"miniMaxValue":0.0}
{"stateId":332,"originShotId":1981,"birdIndex":2,"times":1,"score":8260,"totalScore":14850,"finalState":false,"active":false,"unvisitedChildren":54,"miniMaxValue":20950.0}
{"stateId":333,"originShotId":9386,"birdIndex":3,"times":1,"score":20950,"totalScore":35800,"finalState":true,"active":false,"unvisitedChildren":0,"miniMaxValue":20950.0}
{"stateId":330,"originShotId":9342,"birdIndex":4,"times":1,"score":0,"totalScore":16740,"finalState":true,"active":false,"unvisitedChildren":0,"miniMaxValue":0.0}
{"stateId":331,"originShotId":8959,"birdIndex":2,"times":1,"score":38860,"totalScore":39900,"finalState":true,"active":false,"unvisitedChildren":0,"miniMaxValue":38860.0}
{"stateId":328,"originShotId":8663,"birdIndex":2,"times":1,"score":8750,"totalScore":15360,"finalState":false,"active":false,"unvisitedChildren":87,"miniMaxValue":0.0}
{"stateId":329,"originShotId":9304,"birdIndex":3,"times":1,"score":1380,"totalScore":16740,"finalState":false,"active":false,"unvisitedChildren":39,"miniMaxValue":0.0}
{"stateId":356,"originShotId":10061,"birdIndex":4,"times":1,"score":5760,"totalScore":23070,"finalState":true,"active":false,"unvisitedChildren":0,"miniMaxValue":5760.0}
{"stateId":357,"originShotId":58,"birdIndex":2,"times":1,"score":1570,"totalScore":18690,"finalState":false,"active":false,"unvisitedChildren":63,"miniMaxValue":0.0}
{"stateId":358,"originShotId":10084,"birdIndex":3,"times":1,"score":1340,"totalScore":20030,"finalState":false,"active":false,"unvisitedChildren":26,"miniMaxValue":0.0}
{"stateId":359,"originShotId":10121,"birdIndex":4,"times":1,"score":0,"totalScore":20030,"finalState":true,"active":false,"unvisitedChildren":0,"miniMaxValue":0.0}
{"stateId":352,"originShotId":9949,"birdIndex":2,"times":1,"score":570,"totalScore":1070,"finalState":false,"active":false,"unvisitedChildren":75,"miniMaxValue":0.0}
{"stateId":353,"originShotId":9978,"birdIndex":3,"times":1,"score":13160,"totalScore":14230,"finalState":false,"active":false,"unvisitedChildren":37,"miniMaxValue":0.0}
{"stateId":354,"originShotId":10025,"birdIndex":4,"times":1,"score":0,"totalScore":14230,"finalState":true,"active":false,"unvisitedChildren":0,"miniMaxValue":0.0}
{"stateId":355,"originShotId":552,"birdIndex":3,"times":1,"score":3380,"totalScore":17310,"finalState":false,"active":false,"unvisitedChildren":27,"miniMaxValue":5760.0}
{"stateId":364,"originShotId":10256,"birdIndex":3,"times":1,"score":1500,"totalScore":14750,"finalState":false,"active":false,"unvisitedChildren":40,"miniMaxValue":0.0}
{"stateId":365,"originShotId":10296,"birdIndex":4,"times":1,"score":0,"totalScore":14750,"finalState":true,"active":false,"unvisitedChildren":0,"miniMaxValue":0.0}
{"stateId":366,"originShotId":5478,"birdIndex":2,"times":1,"score":1170,"totalScore":15590,"finalState":false,"active":false,"unvisitedChildren":52,"miniMaxValue":0.0}
{"stateId":367,"originShotId":10346,"birdIndex":3,"times":1,"score":1780,"totalScore":17370,"finalState":false,"active":false,"unvisitedChildren":0,"miniMaxValue":0.0}
{"stateId":360,"originShotId":8949,"birdIndex":2,"times":1,"score":6240,"totalScore":7280,"finalState":false,"active":false,"unvisitedChildren":89,"miniMaxValue":0.0}
{"stateId":361,"originShotId":10160,"birdIndex":3,"times":1,"score":1080,"totalScore":8360,"finalState":false,"active":false,"unvisitedChildren":46,"miniMaxValue":0.0}
{"stateId":362,"originShotId":10213,"birdIndex":4,"times":1,"score":0,"totalScore":8360,"finalState":true,"active":false,"unvisitedChildren":0,"miniMaxValue":0.0}
{"stateId":363,"originShotId":8821,"birdIndex":2,"times":1,"score":12130,"totalScore":13250,"finalState":false,"active":false,"unvisitedChildren":87,"miniMaxValue":0.0}
