{"stateId":256,"originShotId":3866,"birdIndex":0,"times":1,"score":8120,"totalScore":15430,"finalState":false,"active":false,"unvisitedChildren":50,"miniMaxValue":20870.0}
{"stateId":1,"originShotId":-1,"birdIndex":0,"times":0,"score":0,"totalScore":0,"finalState":false,"active":false,"unvisitedChildren":3984,"miniMaxValue":0.0}
{"stateId":257,"originShotId":7554,"birdIndex":0,"times":1,"score":20870,"totalScore":36300,"finalState":true,"active":false,"unvisitedChildren":0,"miniMaxValue":20870.0}
{"stateId":2,"originShotId":22,"birdIndex":0,"times":1,"score":17360,"totalScore":17360,"finalState":false,"active":false,"unvisitedChildren":50,"miniMaxValue":27100.0}
{"stateId":3,"originShotId":79,"birdIndex":0,"times":1,"score":27100,"totalScore":44460,"finalState":true,"active":false,"unvisitedChildren":0,"miniMaxValue":27100.0}
{"stateId":4,"originShotId":16,"birdIndex":0,"times":1,"score":12560,"totalScore":12560,"finalState":false,"active":false,"unvisitedChildren":30,"miniMaxValue":29380.0}
{"stateId":5,"originShotId":119,"birdIndex":0,"times":1,"score":29380,"totalScore":41940,"finalState":true,"active":false,"unvisitedChildren":0,"miniMaxValue":29380.0}
{"stateId":6,"originShotId":17,"birdIndex":0,"times":3,"score":6600,"totalScore":6600,"finalState":false,"active":false,"unvisitedChildren":228,"miniMaxValue":0.0}
{"stateId":7,"originShotId":177,"birdIndex":0,"times":1,"score":6180,"totalScore":12780,"finalState":false,"active":false,"unvisitedChildren":92,"miniMaxValue":0.0}
{"stateId":8,"originShotId":220,"birdIndex":0,"times":1,"score":1070,"totalScore":13850,"finalState":false,"active":false,"unvisitedChildren":45,"miniMaxValue":0.0}
{"stateId":264,"originShotId":4228,"birdIndex":0,"times":1,"score":1050,"totalScore":8580,"finalState":false,"active":false,"unvisitedChildren":38,"miniMaxValue":24440.0}
{"stateId":9,"originShotId":267,"birdIndex":0,"times":1,"score":0,"totalScore":16530,"finalState":true,"active":false,"unvisitedChildren":0,"miniMaxValue":0.0}
{"stateId":265,"originShotId":7822,"birdIndex":0,"times":1,"score":24440,"totalScore":33020,"finalState":true,"active":false,"unvisitedChildren":0,"miniMaxValue":24440.0}
{"stateId":266,"originShotId":4278,"birdIndex":0,"times":1,"score":7550,"totalScore":14100,"finalState":false,"active":false,"unvisitedChildren":44,"miniMaxValue":16480.0}
{"stateId":267,"originShotId":7835,"birdIndex":0,"times":1,"score":16480,"totalScore":30580,"finalState":true,"active":false,"unvisitedChildren":0,"miniMaxValue":16480.0}
{"stateId":268,"originShotId":4348,"birdIndex":0,"times":1,"score":33920,"totalScore":42110,"finalState":true,"active":false,"unvisitedChildren":0,"miniMaxValue":33920.0}
{"stateId":13,"originShotId":48,"birdIndex":0,"times":3,"score":6570,"totalScore":6570,"finalState":false,"active":false,"unvisitedChildren":165,"miniMaxValue":21250.0}
{"stateId":269,"originShotId":11,"birdIndex":0,"times":1,"score":8290,"totalScore":8290,"finalState":false,"active":false,"unvisitedChildren":28,"miniMaxValue":33970.0}
{"stateId":14,"originShotId":393,"birdIndex":0,"times":1,"score":6790,"totalScore":13360,"finalState":false,"active":false,"unvisitedChildren":76,"miniMaxValue":9700.0}
{"stateId":270,"originShotId":7881,"birdIndex":0,"times":1,"score":33970,"totalScore":42260,"finalState":true,"active":false,"unvisitedChildren":0,"miniMaxValue":33970.0}
{"stateId":15,"originShotId":452,"birdIndex":0,"times":1,"score":1910,"totalScore":15270,"finalState":false,"active":false,"unvisitedChildren":38,"miniMaxValue":9700.0}
{"stateId":271,"originShotId":4417,"birdIndex":0,"times":1,"score":8390,"totalScore":14790,"finalState":false,"active":false,"unvisitedChildren":59,"miniMaxValue":0.0}
{"stateId":16,"originShotId":492,"birdIndex":0,"times":1,"score":9700,"totalScore":24970,"finalState":true,"active":false,"unvisitedChildren":0,"miniMaxValue":9700.0}
{"stateId":272,"originShotId":7923,"birdIndex":0,"times":1,"score":1130,"totalScore":15920,"finalState":false,"active":false,"unvisitedChildren":27,"miniMaxValue":0.0}
{"stateId":17,"originShotId":49,"birdIndex":0,"times":3,"score":6600,"totalScore":6600,"finalState":false,"active":false,"unvisitedChildren":175,"miniMaxValue":17280.0}
{"stateId":273,"originShotId":7955,"birdIndex":0,"times":1,"score":0,"totalScore":17100,"finalState":true,"active":false,"unvisitedChildren":0,"miniMaxValue":0.0}
{"stateId":18,"originShotId":519,"birdIndex":0,"times":1,"score":7150,"totalScore":13750,"finalState":false,"active":false,"unvisitedChildren":83,"miniMaxValue":0.0}
{"stateId":274,"originShotId":4510,"birdIndex":0,"times":1,"score":2960,"totalScore":4810,"finalState":false,"active":false,"unvisitedChildren":38,"miniMaxValue":32430.0}
{"stateId":19,"originShotId":583,"birdIndex":0,"times":1,"score":1960,"totalScore":15710,"finalState":false,"active":false,"unvisitedChildren":38,"miniMaxValue":0.0}
{"stateId":275,"originShotId":7996,"birdIndex":0,"times":1,"score":32430,"totalScore":37240,"finalState":true,"active":false,"unvisitedChildren":0,"miniMaxValue":32430.0}
{"stateId":20,"originShotId":626,"birdIndex":0,"times":1,"score":0,"totalScore":18440,"finalState":true,"active":false,"unvisitedChildren":0,"miniMaxValue":0.0}
{"stateId":21,"originShotId":50,"birdIndex":0,"times":3,"score":6610,"totalScore":6610,"finalState":false,"active":false,"unvisitedChildren":226,"miniMaxValue":7210.0}
{"stateId":22,"originShotId":646,"birdIndex":0,"times":1,"score":7050,"totalScore":13660,"finalState":false,"active":false,"unvisitedChildren":98,"miniMaxValue":7210.0}
{"stateId":23,"originShotId":711,"birdIndex":0,"times":1,"score":1210,"totalScore":14870,"finalState":false,"active":false,"unvisitedChildren":50,"miniMaxValue":7210.0}
{"stateId":24,"originShotId":761,"birdIndex":0,"times":1,"score":7210,"totalScore":22080,"finalState":true,"active":false,"unvisitedChildren":0,"miniMaxValue":7210.0}
{"stateId":280,"originShotId":14,"birdIndex":0,"times":46,"score":49790,"totalScore":49790,"finalState":true,"active":true,"unvisitedChildren":0,"miniMaxValue":49790.0}
{"stateId":25,"originShotId":20,"birdIndex":0,"times":1,"score":13930,"totalScore":13930,"finalState":false,"active":false,"unvisitedChildren":142,"miniMaxValue":11570.0}
{"stateId":281,"originShotId":8000,"birdIndex":0,"times":1,"score":6600,"totalScore":6600,"finalState":false,"active":false,"unvisitedChildren":44,"miniMaxValue":34480.0}
{"stateId":26,"originShotId":808,"birdIndex":0,"times":1,"score":1200,"totalScore":15130,"finalState":false,"active":false,"unvisitedChildren":97,"miniMaxValue":11570.0}
{"stateId":282,"originShotId":8043,"birdIndex":0,"times":1,"score":34480,"totalScore":41080,"finalState":true,"active":false,"unvisitedChildren":0,"miniMaxValue":34480.0}
{"stateId":27,"originShotId":837,"birdIndex":0,"times":1,"score":1440,"totalScore":16570,"finalState":false,"active":false,"unvisitedChildren":43,"miniMaxValue":11570.0}
{"stateId":28,"originShotId":888,"birdIndex":0,"times":1,"score":11570,"totalScore":28140,"finalState":true,"active":false,"unvisitedChildren":0,"miniMaxValue":11570.0}
{"stateId":47,"originShotId":45,"birdIndex":0,"times":3,"score":6660,"totalScore":6660,"finalState":false,"active":false,"unvisitedChildren":228,"miniMaxValue":8960.0}
{"stateId":48,"originShotId":1459,"birdIndex":0,"times":1,"score":7970,"totalScore":14630,"finalState":false,"active":false,"unvisitedChildren":96,"miniMaxValue":8960.0}
{"stateId":49,"originShotId":1523,"birdIndex":0,"times":1,"score":1560,"totalScore":16190,"finalState":false,"active":false,"unvisitedChildren":43,"miniMaxValue":8960.0}
{"stateId":50,"originShotId":1549,"birdIndex":0,"times":1,"score":8960,"totalScore":25150,"finalState":true,"active":false,"unvisitedChildren":0,"miniMaxValue":8960.0}
{"stateId":51,"originShotId":46,"birdIndex":0,"times":3,"score":6580,"totalScore":6580,"finalState":false,"active":false,"unvisitedChildren":43,"miniMaxValue":35750.0}
{"stateId":52,"originShotId":1620,"birdIndex":0,"times":1,"score":35570,"totalScore":42150,"finalState":true,"active":false,"unvisitedChildren":0,"miniMaxValue":35570.0}
{"stateId":53,"originShotId":24,"birdIndex":0,"times":1,"score":8870,"totalScore":8870,"finalState":false,"active":false,"unvisitedChildren":158,"miniMaxValue":8760.0}
{"stateId":54,"originShotId":1677,"birdIndex":0,"times":1,"score":6560,"totalScore":15430,"finalState":false,"active":false,"unvisitedChildren":102,"miniMaxValue":8760.0}
{"stateId":55,"originShotId":1718,"birdIndex":0,"times":1,"score":1440,"totalScore":16870,"finalState":false,"active":false,"unvisitedChildren":58,"miniMaxValue":8760.0}
{"stateId":56,"originShotId":1747,"birdIndex":0,"times":1,"score":8760,"totalScore":25630,"finalState":true,"active":false,"unvisitedChildren":0,"miniMaxValue":8760.0}
{"stateId":57,"originShotId":6,"birdIndex":0,"times":3,"score":8200,"totalScore":8200,"finalState":false,"active":false,"unvisitedChildren":171,"miniMaxValue":18410.0}
{"stateId":58,"originShotId":1826,"birdIndex":0,"times":1,"score":6580,"totalScore":14780,"finalState":false,"active":false,"unvisitedChildren":43,"miniMaxValue":18410.0}
{"stateId":59,"originShotId":1868,"birdIndex":0,"times":1,"score":18410,"totalScore":33190,"finalState":true,"active":false,"unvisitedChildren":0,"miniMaxValue":18410.0}
{"stateId":63,"originShotId":43,"birdIndex":0,"times":3,"score":6590,"totalScore":6590,"finalState":false,"active":false,"unvisitedChildren":166,"miniMaxValue":17530.0}
{"stateId":64,"originShotId":2000,"birdIndex":0,"times":1,"score":8390,"totalScore":14980,"finalState":false,"active":false,"unvisitedChildren":54,"miniMaxValue":17530.0}
{"stateId":65,"originShotId":2049,"birdIndex":0,"times":1,"score":17530,"totalScore":32510,"finalState":true,"active":false,"unvisitedChildren":0,"miniMaxValue":17530.0}
{"stateId":66,"originShotId":44,"birdIndex":0,"times":3,"score":6530,"totalScore":6530,"finalState":false,"active":false,"unvisitedChildren":217,"miniMaxValue":0.0}
{"stateId":67,"originShotId":2077,"birdIndex":0,"times":1,"score":7160,"totalScore":13690,"finalState":false,"active":false,"unvisitedChildren":84,"miniMaxValue":0.0}
{"stateId":68,"originShotId":2135,"birdIndex":0,"times":1,"score":1180,"totalScore":14870,"finalState":false,"active":false,"unvisitedChildren":46,"miniMaxValue":0.0}
{"stateId":69,"originShotId":2178,"birdIndex":0,"times":1,"score":0,"totalScore":16130,"finalState":true,"active":false,"unvisitedChildren":0,"miniMaxValue":0.0}
{"stateId":70,"originShotId":26,"birdIndex":0,"times":3,"score":8630,"totalScore":8630,"finalState":false,"active":false,"unvisitedChildren":288,"miniMaxValue":0.0}
{"stateId":71,"originShotId":2239,"birdIndex":0,"times":1,"score":6550,"totalScore":15140,"finalState":false,"active":false,"unvisitedChildren":117,"miniMaxValue":0.0}
{"stateId":72,"originShotId":2289,"birdIndex":0,"times":1,"score":1200,"totalScore":16340,"finalState":false,"active":false,"unvisitedChildren":64,"miniMaxValue":0.0}
{"stateId":73,"originShotId":2316,"birdIndex":0,"times":1,"score":0,"totalScore":16340,"finalState":true,"active":false,"unvisitedChildren":0,"miniMaxValue":0.0}
{"stateId":102,"originShotId":29,"birdIndex":0,"times":3,"score":9700,"totalScore":9700,"finalState":false,"active":false,"unvisitedChildren":238,"miniMaxValue":8370.0}
{"stateId":103,"originShotId":3266,"birdIndex":0,"times":1,"score":6500,"totalScore":16330,"finalState":false,"active":false,"unvisitedChildren":93,"miniMaxValue":0.0}
{"stateId":104,"originShotId":3309,"birdIndex":0,"times":1,"score":1180,"totalScore":17510,"finalState":false,"active":false,"unvisitedChildren":46,"miniMaxValue":0.0}
{"stateId":105,"originShotId":3332,"birdIndex":0,"times":1,"score":0,"totalScore":17510,"finalState":true,"active":false,"unvisitedChildren":0,"miniMaxValue":0.0}
{"stateId":106,"originShotId":30,"birdIndex":0,"times":3,"score":7310,"totalScore":7310,"finalState":false,"active":false,"unvisitedChildren":186,"miniMaxValue":18600.0}
{"stateId":107,"originShotId":3405,"birdIndex":0,"times":1,"score":8040,"totalScore":15350,"finalState":false,"active":false,"unvisitedChildren":53,"miniMaxValue":18600.0}
{"stateId":108,"originShotId":3431,"birdIndex":0,"times":1,"score":18600,"totalScore":33950,"finalState":true,"active":false,"unvisitedChildren":0,"miniMaxValue":18600.0}
{"stateId":122,"originShotId":4,"birdIndex":0,"times":3,"score":7310,"totalScore":7310,"finalState":false,"active":false,"unvisitedChildren":145,"miniMaxValue":20870.0}
{"stateId":123,"originShotId":3885,"birdIndex":0,"times":1,"score":7930,"totalScore":15240,"finalState":false,"active":false,"unvisitedChildren":50,"miniMaxValue":18970.0}
{"stateId":124,"originShotId":3909,"birdIndex":0,"times":1,"score":18970,"totalScore":34210,"finalState":true,"active":false,"unvisitedChildren":0,"miniMaxValue":18970.0}
{"stateId":133,"originShotId":19,"birdIndex":0,"times":3,"score":7530,"totalScore":7530,"finalState":false,"active":false,"unvisitedChildren":96,"miniMaxValue":24440.0}
{"stateId":134,"originShotId":4212,"birdIndex":0,"times":1,"score":7180,"totalScore":14710,"finalState":false,"active":false,"unvisitedChildren":28,"miniMaxValue":15010.0}
{"stateId":135,"originShotId":4252,"birdIndex":0,"times":1,"score":15010,"totalScore":31010,"finalState":true,"active":false,"unvisitedChildren":0,"miniMaxValue":15010.0}
{"stateId":136,"originShotId":23,"birdIndex":0,"times":3,"score":6550,"totalScore":6550,"finalState":false,"active":false,"unvisitedChildren":118,"miniMaxValue":18040.0}
{"stateId":137,"originShotId":4276,"birdIndex":0,"times":1,"score":8890,"totalScore":15440,"finalState":false,"active":false,"unvisitedChildren":34,"miniMaxValue":18040.0}
{"stateId":138,"originShotId":4330,"birdIndex":0,"times":1,"score":18040,"totalScore":33480,"finalState":true,"active":false,"unvisitedChildren":0,"miniMaxValue":18040.0}
{"stateId":139,"originShotId":18,"birdIndex":0,"times":3,"score":8190,"totalScore":8190,"finalState":false,"active":false,"unvisitedChildren":34,"miniMaxValue":33920.0}
{"stateId":140,"originShotId":4347,"birdIndex":0,"times":1,"score":31530,"totalScore":39700,"finalState":true,"active":false,"unvisitedChildren":0,"miniMaxValue":31530.0}
{"stateId":141,"originShotId":11,"birdIndex":0,"times":1,"score":7800,"totalScore":7800,"finalState":false,"active":false,"unvisitedChildren":27,"miniMaxValue":33660.0}
{"stateId":142,"originShotId":4384,"birdIndex":0,"times":1,"score":33660,"totalScore":41460,"finalState":true,"active":false,"unvisitedChildren":0,"miniMaxValue":33660.0}
{"stateId":143,"originShotId":25,"birdIndex":0,"times":3,"score":6400,"totalScore":6400,"finalState":false,"active":false,"unvisitedChildren":146,"miniMaxValue":18240.0}
{"stateId":144,"originShotId":4416,"birdIndex":0,"times":1,"score":6900,"totalScore":13300,"finalState":false,"active":false,"unvisitedChildren":40,"miniMaxValue":18240.0}
{"stateId":145,"originShotId":4482,"birdIndex":0,"times":1,"score":18240,"totalScore":31540,"finalState":true,"active":false,"unvisitedChildren":0,"miniMaxValue":18240.0}
{"stateId":146,"originShotId":28,"birdIndex":0,"times":3,"score":1850,"totalScore":1850,"finalState":false,"active":false,"unvisitedChildren":138,"miniMaxValue":32430.0}
{"stateId":147,"originShotId":4507,"birdIndex":0,"times":1,"score":7820,"totalScore":9670,"finalState":false,"active":false,"unvisitedChildren":57,"miniMaxValue":6310.0}
{"stateId":148,"originShotId":4570,"birdIndex":0,"times":1,"score":10290,"totalScore":19960,"finalState":false,"active":false,"unvisitedChildren":21,"miniMaxValue":6310.0}
{"stateId":149,"originShotId":4581,"birdIndex":0,"times":1,"score":6310,"totalScore":26270,"finalState":true,"active":false,"unvisitedChildren":0,"miniMaxValue":6310.0}
{"stateId":155,"originShotId":33,"birdIndex":0,"times":1,"score":6300,"totalScore":6300,"finalState":false,"active":false,"unvisitedChildren":118,"miniMaxValue":9290.0}
{"stateId":156,"originShotId":4740,"birdIndex":0,"times":1,"score":8180,"totalScore":14480,"finalState":false,"active":false,"unvisitedChildren":76,"miniMaxValue":9290.0}
{"stateId":157,"originShotId":4794,"birdIndex":0,"times":1,"score":1130,"totalScore":15610,"finalState":false,"active":false,"unvisitedChildren":44,"miniMaxValue":9290.0}
{"stateId":158,"originShotId":4842,"birdIndex":0,"times":1,"score":9290,"totalScore":24900,"finalState":true,"active":false,"unvisitedChildren":0,"miniMaxValue":9290.0}
{"stateId":166,"originShotId":22,"birdIndex":0,"times":1,"score":14590,"totalScore":14590,"finalState":false,"active":false,"unvisitedChildren":47,"miniMaxValue":27550.0}
{"stateId":167,"originShotId":5052,"birdIndex":0,"times":1,"score":27550,"totalScore":42140,"finalState":true,"active":false,"unvisitedChildren":0,"miniMaxValue":27550.0}
{"stateId":168,"originShotId":16,"birdIndex":0,"times":1,"score":48730,"totalScore":48730,"finalState":true,"active":false,"unvisitedChildren":0,"miniMaxValue":48730.0}
{"stateId":169,"originShotId":178,"birdIndex":0,"times":1,"score":6210,"totalScore":12810,"finalState":false,"active":false,"unvisitedChildren":92,"miniMaxValue":0.0}
{"stateId":170,"originShotId":5140,"birdIndex":0,"times":1,"score":1060,"totalScore":13870,"finalState":false,"active":false,"unvisitedChildren":45,"miniMaxValue":0.0}
{"stateId":171,"originShotId":5176,"birdIndex":0,"times":1,"score":0,"totalScore":15200,"finalState":true,"active":false,"unvisitedChildren":0,"miniMaxValue":0.0}
{"stateId":175,"originShotId":395,"birdIndex":0,"times":1,"score":10750,"totalScore":17320,"finalState":false,"active":false,"unvisitedChildren":45,"miniMaxValue":21250.0}
{"stateId":176,"originShotId":5297,"birdIndex":0,"times":1,"score":21250,"totalScore":38570,"finalState":true,"active":false,"unvisitedChildren":0,"miniMaxValue":21250.0}
{"stateId":177,"originShotId":521,"birdIndex":0,"times":1,"score":7990,"totalScore":14590,"finalState":false,"active":false,"unvisitedChildren":47,"miniMaxValue":17280.0}
{"stateId":178,"originShotId":5370,"birdIndex":0,"times":1,"score":17280,"totalScore":31870,"finalState":true,"active":false,"unvisitedChildren":0,"miniMaxValue":17280.0}
{"stateId":179,"originShotId":648,"birdIndex":0,"times":1,"score":7840,"totalScore":14450,"finalState":false,"active":false,"unvisitedChildren":89,"miniMaxValue":0.0}
{"stateId":180,"originShotId":5419,"birdIndex":0,"times":1,"score":1150,"totalScore":15600,"finalState":false,"active":false,"unvisitedChildren":40,"miniMaxValue":0.0}
{"stateId":181,"originShotId":5446,"birdIndex":0,"times":1,"score":0,"totalScore":15600,"finalState":true,"active":false,"unvisitedChildren":0,"miniMaxValue":0.0}
{"stateId":182,"originShotId":20,"birdIndex":0,"times":1,"score":14490,"totalScore":14490,"finalState":false,"active":false,"unvisitedChildren":166,"miniMaxValue":7090.0}
{"stateId":183,"originShotId":5502,"birdIndex":0,"times":1,"score":1120,"totalScore":15610,"finalState":false,"active":false,"unvisitedChildren":127,"miniMaxValue":7090.0}
{"stateId":184,"originShotId":5529,"birdIndex":0,"times":1,"score":2160,"totalScore":17770,"finalState":false,"active":false,"unvisitedChildren":66,"miniMaxValue":7090.0}
{"stateId":185,"originShotId":5586,"birdIndex":0,"times":1,"score":7090,"totalScore":24860,"finalState":true,"active":false,"unvisitedChildren":0,"miniMaxValue":7090.0}
{"stateId":200,"originShotId":1457,"birdIndex":0,"times":1,"score":7330,"totalScore":13990,"finalState":false,"active":false,"unvisitedChildren":91,"miniMaxValue":0.0}
{"stateId":201,"originShotId":6070,"birdIndex":0,"times":1,"score":1400,"totalScore":15390,"finalState":false,"active":false,"unvisitedChildren":52,"miniMaxValue":0.0}
{"stateId":202,"originShotId":6108,"birdIndex":0,"times":1,"score":0,"totalScore":15390,"finalState":true,"active":false,"unvisitedChildren":0,"miniMaxValue":0.0}
{"stateId":203,"originShotId":1619,"birdIndex":0,"times":1,"score":35750,"totalScore":42330,"finalState":true,"active":false,"unvisitedChildren":0,"miniMaxValue":35750.0}
{"stateId":204,"originShotId":24,"birdIndex":0,"times":1,"score":10060,"totalScore":10060,"finalState":false,"active":false,"unvisitedChildren":144,"miniMaxValue":0.0}
{"stateId":205,"originShotId":6184,"birdIndex":0,"times":1,"score":6560,"totalScore":16620,"finalState":false,"active":false,"unvisitedChildren":89,"miniMaxValue":0.0}
{"stateId":206,"originShotId":6232,"birdIndex":0,"times":1,"score":1920,"totalScore":18540,"finalState":false,"active":false,"unvisitedChildren":39,"miniMaxValue":0.0}
{"stateId":207,"originShotId":6254,"birdIndex":0,"times":1,"score":0,"totalScore":19680,"finalState":true,"active":false,"unvisitedChildren":0,"miniMaxValue":0.0}
{"stateId":208,"originShotId":1800,"birdIndex":0,"times":1,"score":6510,"totalScore":14710,"finalState":false,"active":false,"unvisitedChildren":85,"miniMaxValue":7410.0}
{"stateId":209,"originShotId":6313,"birdIndex":0,"times":1,"score":4690,"totalScore":19400,"finalState":false,"active":false,"unvisitedChildren":44,"miniMaxValue":7410.0}
{"stateId":210,"originShotId":6333,"birdIndex":0,"times":1,"score":7410,"totalScore":26810,"finalState":true,"active":false,"unvisitedChildren":0,"miniMaxValue":7410.0}
{"stateId":214,"originShotId":1995,"birdIndex":0,"times":1,"score":1060,"totalScore":7650,"finalState":false,"active":false,"unvisitedChildren":68,"miniMaxValue":0.0}
{"stateId":215,"originShotId":6508,"birdIndex":0,"times":1,"score":7360,"totalScore":15010,"finalState":false,"active":false,"unvisitedChildren":29,"miniMaxValue":0.0}
{"stateId":216,"originShotId":6538,"birdIndex":0,"times":1,"score":0,"totalScore":16130,"finalState":true,"active":false,"unvisitedChildren":0,"miniMaxValue":0.0}
{"stateId":217,"originShotId":2079,"birdIndex":0,"times":1,"score":10880,"totalScore":17410,"finalState":false,"active":false,"unvisitedChildren":91,"miniMaxValue":0.0}
{"stateId":218,"originShotId":6553,"birdIndex":0,"times":1,"score":1290,"totalScore":18700,"finalState":false,"active":false,"unvisitedChildren":53,"miniMaxValue":0.0}
{"stateId":219,"originShotId":6622,"birdIndex":0,"times":1,"score":0,"totalScore":18700,"finalState":true,"active":false,"unvisitedChildren":0,"miniMaxValue":0.0}
{"stateId":220,"originShotId":2225,"birdIndex":0,"times":1,"score":6510,"totalScore":15140,"finalState":false,"active":false,"unvisitedChildren":119,"miniMaxValue":0.0}
{"stateId":221,"originShotId":6648,"birdIndex":0,"times":1,"score":1120,"totalScore":16260,"finalState":false,"active":false,"unvisitedChildren":64,"miniMaxValue":0.0}
{"stateId":222,"originShotId":6747,"birdIndex":0,"times":1,"score":0,"totalScore":17320,"finalState":true,"active":false,"unvisitedChildren":0,"miniMaxValue":0.0}
{"stateId":244,"originShotId":3267,"birdIndex":0,"times":1,"score":6500,"totalScore":16200,"finalState":false,"active":false,"unvisitedChildren":88,"miniMaxValue":8370.0}
{"stateId":245,"originShotId":7294,"birdIndex":0,"times":1,"score":1120,"totalScore":17320,"finalState":false,"active":false,"unvisitedChildren":44,"miniMaxValue":8370.0}
{"stateId":246,"originShotId":7339,"birdIndex":0,"times":1,"score":8370,"totalScore":25690,"finalState":true,"active":false,"unvisitedChildren":0,"miniMaxValue":8370.0}
{"stateId":247,"originShotId":3387,"birdIndex":0,"times":1,"score":8120,"totalScore":15430,"finalState":false,"active":false,"unvisitedChildren":92,"miniMaxValue":0.0}
{"stateId":248,"originShotId":7369,"birdIndex":0,"times":1,"score":1090,"totalScore":16520,"finalState":false,"active":false,"unvisitedChildren":42,"miniMaxValue":0.0}
{"stateId":249,"originShotId":7461,"birdIndex":0,"times":1,"score":0,"totalScore":16520,"finalState":true,"active":false,"unvisitedChildren":0,"miniMaxValue":0.0}
